category,product_id,name,price_krw,url,image
가방-백팩,MMLGATA02BK001,Aren 엠보스드 모노그램 레더 슬링백,,https://kr.mcmworldwide.com/ko_KR/%EA%B0%80%EB%B0%A9/%EB%B0%B1%ED%8C%A9/aren-%EC%97%A0%EB%B3%B4%EC%8A%A4%EB%93%9C-%EB%AA%A8%EB%85%B8%EA%B7%B8%EB%9E%A8-%EB%A0%88%EB%8D%94-%EC%8A%AC%EB%A7%81%EB%B0%B1/MMLGATA02BK001.html?cgid=bags-backpacks,https://images.mcmworldwide.com/i/mcmworldwide/MMLGATA02BK001_01/aren-black-s?$medium$&fmt=auto&qlt=default
가방-백팩,MMLGATA03CO001,Aren 비세토스 슬링백,,https://kr.mcmworldwide.com/ko_KR/%EA%B0%80%EB%B0%A9/%EB%B0%B1%ED%8C%A9/aren-%EB%B9%84%EC%84%B8%ED%86%A0%EC%8A%A4-%EC%8A%AC%EB%A7%81%EB%B0%B1/MMLGATA03CO001.html?cgid=bags-backpacks,https://images.mcmworldwide.com/i/mcmworldwide/MMLGATA03CO001_01/aren-cognac-s?$medium$&fmt=auto&qlt=default
가방-백팩,MMLGATA04CO001,Aren 비세토스 슬링백,,https://kr.mcmworldwide.com/ko_KR/%EA%B0%80%EB%B0%A9/%EB%B0%B1%ED%8C%A9/aren-%EB%B9%84%EC%84%B8%ED%86%A0%EC%8A%A4-%EC%8A%AC%EB%A7%81%EB%B0%B1/MMLGATA04CO001.html?cgid=bags-backpacks,https://images.mcmworldwide.com/i/mcmworldwide/MMLGATA04CO001_01/aren-cognac-?$medium$&fmt=auto&qlt=default
가방-백팩,MMKGATA01BK001,Aren 다이아몬드 퀼팅 레더 백팩,,https://kr.mcmworldwide.com/ko_KR/%EA%B0%80%EB%B0%A9/%EB%B0%B1%ED%8C%A9/aren-%EB%8B%A4%EC%9D%B4%EC%95%84%EB%AA%AC%EB%93%9C-%ED%80%BC%ED%8C%85-%EB%A0%88%EB%8D%94-%EB%B0%B1%ED%8C%A9/MMKGATA01BK001.html?cgid=bags-backpacks,https://images.mcmworldwide.com/i/mcmworldwide/MMKGATA01BK001_01/aren-black-m?$medium$&fmt=auto&qlt=default
가방-백팩,MWKGATA01BK001,Pina 스터드 장식 카프스킨 드로우스트링 백팩,,https://kr.mcmworldwide.com/ko_KR/%EA%B0%80%EB%B0%A9/%EB%B0%B1%ED%8C%A9/pina-%EC%8A%A4%ED%84%B0%EB%93%9C-%EC%9E%A5%EC%8B%9D-%EC%B9%B4%ED%94%84%EC%8A%A4%ED%82%A8-%EB%93%9C%EB%A1%9C%EC%9A%B0%EC%8A%A4%ED%8A%B8%EB%A7%81-%EB%B0%B1%ED%8C%A9/MWKGATA01BK001.html?cgid=bags-backpacks,https://images.mcmworldwide.com/i/mcmworldwide/MWKGATA01BK001_01/pina-black-?$medium$&fmt=auto&qlt=default
가방-백팩,MWKFATA01CO001,Aren 비세토스 드로우스트링 백팩,,https://kr.mcmworldwide.com/ko_KR/%EA%B0%80%EB%B0%A9/%EB%B0%B1%ED%8C%A9/aren-%EB%B9%84%EC%84%B8%ED%86%A0%EC%8A%A4-%EB%93%9C%EB%A1%9C%EC%9A%B0%EC%8A%A4%ED%8A%B8%EB%A7%81-%EB%B0%B1%ED%8C%A9/MWKFATA01CO001.html?cgid=bags-backpacks,https://images.mcmworldwide.com/i/mcmworldwide/MWKFATA01CO001_01/aren-cognac-s?$medium$&fmt=auto&qlt=default
가방-백팩,MWKGATA03PZ001,Aren 비세토스 드로우스트링 백팩,,https://kr.mcmworldwide.com/ko_KR/%EA%B0%80%EB%B0%A9/%EB%B0%B1%ED%8C%A9/aren-%EB%B9%84%EC%84%B8%ED%86%A0%EC%8A%A4-%EB%93%9C%EB%A1%9C%EC%9A%B0%EC%8A%A4%ED%8A%B8%EB%A7%81-%EB%B0%B1%ED%8C%A9/MWKGATA03PZ001.html?cgid=bags-backpacks,https://images.mcmworldwide.com/i/mcmworldwide/MWKGATA03PZ001_01/aren-soft-pink-s?$medium$&fmt=auto&qlt=default
가방-백팩,MWKFATA04BK001,Aren ECONYL®과 가죽 드로우스트링 백팩,,https://kr.mcmworldwide.com/ko_KR/%EA%B0%80%EB%B0%A9/%EB%B0%B1%ED%8C%A9/aren-econyl%C2%AE%EA%B3%BC-%EA%B0%80%EC%A3%BD-%EB%93%9C%EB%A1%9C%EC%9A%B0%EC%8A%A4%ED%8A%B8%EB%A7%81-%EB%B0%B1%ED%8C%A9/MWKFATA04BK001.html?cgid=bags-backpacks,https://kr.mcmworldwide.com/on/demandware.static/-/Sites-MCM_Master_Product_Catalog/default/dw762b7dc1/akeneo-entity/9/a/d/e/9ade2994012b05f550482e6a474a6eb2c21788d5_Icon_SUST.png
가방-백팩,MWKFATA02CO001,Aren 비세토스 드로우스트링 백팩,,https://kr.mcmworldwide.com/ko_KR/%EA%B0%80%EB%B0%A9/%EB%B0%B1%ED%8C%A9/aren-%EB%B9%84%EC%84%B8%ED%86%A0%EC%8A%A4-%EB%93%9C%EB%A1%9C%EC%9A%B0%EC%8A%A4%ED%8A%B8%EB%A7%81-%EB%B0%B1%ED%8C%A9/MWKFATA02CO001.html?cgid=bags-backpacks,https://images.mcmworldwide.com/i/mcmworldwide/MWKFATA02CO001_01/aren-cognac-?$medium$&fmt=auto&qlt=default
가방-백팩,MWKFATA02PZ001,Aren 비세토스 드로우스트링 백팩,,https://kr.mcmworldwide.com/ko_KR/%EA%B0%80%EB%B0%A9/%EB%B0%B1%ED%8C%A9/aren-%EB%B9%84%EC%84%B8%ED%86%A0%EC%8A%A4-%EB%93%9C%EB%A1%9C%EC%9A%B0%EC%8A%A4%ED%8A%B8%EB%A7%81-%EB%B0%B1%ED%8C%A9/MWKFATA02PZ001.html?cgid=bags-backpacks,https://images.mcmworldwide.com/i/mcmworldwide/MWKFATA02PZ001_01/aren-soft-pink-?$medium$&fmt=auto&qlt=default
가방-백팩,MWKGATA02I8001,Aren 비세토스 드로우스트링 백팩,,https://kr.mcmworldwide.com/ko_KR/%EA%B0%80%EB%B0%A9/%EB%B0%B1%ED%8C%A9/aren-%EB%B9%84%EC%84%B8%ED%86%A0%EC%8A%A4-%EB%93%9C%EB%A1%9C%EC%9A%B0%EC%8A%A4%ED%8A%B8%EB%A7%81-%EB%B0%B1%ED%8C%A9/MWKGATA02I8001.html?cgid=bags-backpacks,https://images.mcmworldwide.com/i/mcmworldwide/MWKGATA02I8001_01/aren-beige-black-?$medium$&fmt=auto&qlt=default
가방-백팩,MWKFATA03BK001,Aren ECONYL®과 가죽 드로우스트링 백팩,,https://kr.mcmworldwide.com/ko_KR/%EA%B0%80%EB%B0%A9/%EB%B0%B1%ED%8C%A9/aren-econyl%C2%AE%EA%B3%BC-%EA%B0%80%EC%A3%BD-%EB%93%9C%EB%A1%9C%EC%9A%B0%EC%8A%A4%ED%8A%B8%EB%A7%81-%EB%B0%B1%ED%8C%A9/MWKFATA03BK001.html?cgid=bags-backpacks,https://kr.mcmworldwide.com/on/demandware.static/-/Sites-MCM_Master_Product_Catalog/default/dw762b7dc1/akeneo-entity/9/a/d/e/9ade2994012b05f550482e6a474a6eb2c21788d5_Icon_SUST.png
가방-백팩,MWKGSTA01QA001,Aren 맥시 모노그램 가죽 드로우스트링 백팩,,https://kr.mcmworldwide.com/ko_KR/%EA%B0%80%EB%B0%A9/%EB%B0%B1%ED%8C%A9/aren-%EB%A7%A5%EC%8B%9C-%EB%AA%A8%EB%85%B8%EA%B7%B8%EB%9E%A8-%EA%B0%80%EC%A3%BD-%EB%93%9C%EB%A1%9C%EC%9A%B0%EC%8A%A4%ED%8A%B8%EB%A7%81-%EB%B0%B1%ED%8C%A9/MWKGSTA01QA001.html?cgid=bags-backpacks,https://images.mcmworldwide.com/i/mcmworldwide/MWKGSTA01QA001_01/aren-lotus-pink-s?$medium$&fmt=auto&qlt=default
가방-백팩,MWKGSAK01BK001,디아망뜨 양가죽 3D 백팩,,https://kr.mcmworldwide.com/ko_KR/%EA%B0%80%EB%B0%A9/%EB%B0%B1%ED%8C%A9/%EB%94%94%EC%95%84%EB%A7%9D%EB%9C%A8-%EC%96%91%EA%B0%80%EC%A3%BD-3d-%EB%B0%B1%ED%8C%A9/MWKGSAK01BK001.html?cgid=bags-backpacks,https://images.mcmworldwide.com/i/mcmworldwide/MWKGSAK01BK001_01/-3d-black-m?$medium$&fmt=auto&qlt=default
가방-백팩,MMKEAVE05CO001,스타크 모노그램 나일론 패커블 백팩,,https://kr.mcmworldwide.com/ko_KR/%EA%B0%80%EB%B0%A9/%EB%B0%B1%ED%8C%A9/%EC%8A%A4%ED%83%80%ED%81%AC-%EB%AA%A8%EB%85%B8%EA%B7%B8%EB%9E%A8-%EB%82%98%EC%9D%BC%EB%A1%A0-%ED%8C%A8%EC%BB%A4%EB%B8%94-%EB%B0%B1%ED%8C%A9/MMKEAVE05CO001.html?cgid=bags-backpacks,https://images.mcmworldwide.com/i/mcmworldwide/MMKEAVE05CO001_01/-cognac-m?$medium$&fmt=auto&qlt=default
가방-백팩,MMKGSVE09BK001,Stark 모노그램 나일론 패커블 백팩,,https://kr.mcmworldwide.com/ko_KR/%EA%B0%80%EB%B0%A9/%EB%B0%B1%ED%8C%A9/stark-%EB%AA%A8%EB%85%B8%EA%B7%B8%EB%9E%A8-%EB%82%98%EC%9D%BC%EB%A1%A0-%ED%8C%A8%EC%BB%A4%EB%B8%94-%EB%B0%B1%ED%8C%A9/MMKGSVE09BK001.html?cgid=bags-backpacks,https://images.mcmworldwide.com/i/mcmworldwide/MMKGSVE09BK001_01/stark-black-m?$medium$&fmt=auto&qlt=default
가방-백팩,MMKDAVE02VC001,Stark 맥시 모노그램 레더 백팩,,https://kr.mcmworldwide.com/ko_KR/%EA%B0%80%EB%B0%A9/%EB%B0%B1%ED%8C%A9/stark-%EB%A7%A5%EC%8B%9C-%EB%AA%A8%EB%85%B8%EA%B7%B8%EB%9E%A8-%EB%A0%88%EB%8D%94-%EB%B0%B1%ED%8C%A9/MMKDAVE02VC001.html?cgid=bags-backpacks,https://images.mcmworldwide.com/i/mcmworldwide/MMKDAVE02VC001_01/stark-navy-blazer-m?$medium$&fmt=auto&qlt=default
가방-백팩,MMKDAVE02BK001,Stark 맥시 모노그램 레더 백팩,,https://kr.mcmworldwide.com/ko_KR/%EA%B0%80%EB%B0%A9/%EB%B0%B1%ED%8C%A9/stark-%EB%A7%A5%EC%8B%9C-%EB%AA%A8%EB%85%B8%EA%B7%B8%EB%9E%A8-%EB%A0%88%EB%8D%94-%EB%B0%B1%ED%8C%A9/MMKDAVE02BK001.html?cgid=bags-backpacks,https://images.mcmworldwide.com/i/mcmworldwide/MMKDAVE02BK001_01/stark-black-m?$medium$&fmt=auto&qlt=default
가방-백팩,MMKGSVE04BK001,Stark 맥시 모노그램 레더 백팩,,https://kr.mcmworldwide.com/ko_KR/%EA%B0%80%EB%B0%A9/%EB%B0%B1%ED%8C%A9/stark-%EB%A7%A5%EC%8B%9C-%EB%AA%A8%EB%85%B8%EA%B7%B8%EB%9E%A8-%EB%A0%88%EB%8D%94-%EB%B0%B1%ED%8C%A9/MMKGSVE04BK001.html?cgid=bags-backpacks,https://images.mcmworldwide.com/i/mcmworldwide/MMKGSVE04BK001_01/stark-black-s?$medium$&fmt=auto&qlt=default
가방-백팩,MMLFSTA01CO001,Aren 비세토스 슬링,,https://kr.mcmworldwide.com/ko_KR/%EA%B0%80%EB%B0%A9/%EB%B0%B1%ED%8C%A9/aren-%EB%B9%84%EC%84%B8%ED%86%A0%EC%8A%A4-%EC%8A%AC%EB%A7%81/MMLFSTA01CO001.html?cgid=bags-backpacks,https://images.mcmworldwide.com/i/mcmworldwide/MMLFSTA01CO001_01/aren-cognac-m?$medium$&fmt=auto&qlt=default
가방-백팩,MMLGATA05K8001,Aren 비세토스 슬링백,,https://kr.mcmworldwide.com/ko_KR/%EA%B0%80%EB%B0%A9/%EB%B0%B1%ED%8C%A9/aren-%EB%B9%84%EC%84%B8%ED%86%A0%EC%8A%A4-%EC%8A%AC%EB%A7%81%EB%B0%B1/MMLGATA05K8001.html?cgid=bags-backpacks,https://images.mcmworldwide.com/i/mcmworldwide/MMLGATA05K8001_01/aren-khaki-moss-?$medium$&fmt=auto&qlt=default
가방-백팩,MMLGSTA03BK001,Aren 비세토스 슬링,,https://kr.mcmworldwide.com/ko_KR/%EA%B0%80%EB%B0%A9/%EB%B0%B1%ED%8C%A9/aren-%EB%B9%84%EC%84%B8%ED%86%A0%EC%8A%A4-%EC%8A%AC%EB%A7%81/MMLGSTA03BK001.html?cgid=bags-backpacks,https://images.mcmworldwide.com/i/mcmworldwide/MMLGSTA03BK001_01/aren-black-?$medium$&fmt=auto&qlt=default
가방-백팩,MMLFSTA07BK001,Aren 리사이클 나일론 슬링백,,https://kr.mcmworldwide.com/ko_KR/%EA%B0%80%EB%B0%A9/%EB%B0%B1%ED%8C%A9/aren-%EB%A6%AC%EC%82%AC%EC%9D%B4%ED%81%B4-%EB%82%98%EC%9D%BC%EB%A1%A0-%EC%8A%AC%EB%A7%81%EB%B0%B1/MMLFSTA07BK001.html?cgid=bags-backpacks,https://images.mcmworldwide.com/i/mcmworldwide/MMLFSTA07BK001_01/aren-black-?$medium$&fmt=auto&qlt=default
가방-백팩,MMKGSVE05BK001,Stark 갤러틱 갈라 양가죽 백팩,,https://kr.mcmworldwide.com/ko_KR/%EA%B0%80%EB%B0%A9/%EB%B0%B1%ED%8C%A9/stark-%EA%B0%A4%EB%9F%AC%ED%8B%B1-%EA%B0%88%EB%9D%BC-%EC%96%91%EA%B0%80%EC%A3%BD-%EB%B0%B1%ED%8C%A9/MMKGSVE05BK001.html?cgid=bags-backpacks,https://images.mcmworldwide.com/i/mcmworldwide/MMKGSVE05BK001_01/stark-black-m?$medium$&fmt=auto&qlt=default
가방-백팩,MMKFSVE06BK001,리사이클 나일론 소재의 스타크 백팩,,https://kr.mcmworldwide.com/ko_KR/%EA%B0%80%EB%B0%A9/%EB%B0%B1%ED%8C%A9/%EB%A6%AC%EC%82%AC%EC%9D%B4%ED%81%B4-%EB%82%98%EC%9D%BC%EB%A1%A0-%EC%86%8C%EC%9E%AC%EC%9D%98-%EC%8A%A4%ED%83%80%ED%81%AC-%EB%B0%B1%ED%8C%A9/MMKFSVE06BK001.html?cgid=bags-backpacks,https://images.mcmworldwide.com/i/mcmworldwide/MMKFSVE06BK001_01/-black-m?$medium$&fmt=auto&qlt=default
가방-백팩,MMKFAVE09K8001,Stark 비세토스 백팩,,https://kr.mcmworldwide.com/ko_KR/%EA%B0%80%EB%B0%A9/%EB%B0%B1%ED%8C%A9/stark-%EB%B9%84%EC%84%B8%ED%86%A0%EC%8A%A4-%EB%B0%B1%ED%8C%A9/MMKFAVE09K8001.html?cgid=bags-backpacks,https://images.mcmworldwide.com/i/mcmworldwide/MMKFAVE09K8001_01/stark-khaki-moss-m?$medium$&fmt=auto&qlt=default
가방-백팩,MMKFSVE05CO001,비세토스 스타크 백팩,,https://kr.mcmworldwide.com/ko_KR/%EA%B0%80%EB%B0%A9/%EB%B0%B1%ED%8C%A9/%EB%B9%84%EC%84%B8%ED%86%A0%EC%8A%A4-%EC%8A%A4%ED%83%80%ED%81%AC-%EB%B0%B1%ED%8C%A9/MMKFSVE05CO001.html?cgid=bags-backpacks,https://images.mcmworldwide.com/i/mcmworldwide/MMKFSVE05CO001_01/-cognac-m?$medium$&fmt=auto&qlt=default
가방-백팩,MMKEAVE12CO001,Stark 사이드 스터드 비세토스 백팩,,https://kr.mcmworldwide.com/ko_KR/%EA%B0%80%EB%B0%A9/%EB%B0%B1%ED%8C%A9/stark-%EC%82%AC%EC%9D%B4%EB%93%9C-%EC%8A%A4%ED%84%B0%EB%93%9C-%EB%B9%84%EC%84%B8%ED%86%A0%EC%8A%A4-%EB%B0%B1%ED%8C%A9/MMKEAVE12CO001.html?cgid=bags-backpacks,https://images.mcmworldwide.com/i/mcmworldwide/MMKEAVE12CO001_01/stark-cognac-m?$medium$&fmt=auto&qlt=default
가방-백팩,MMKEAVE12BK001,Stark 사이드 스터드 비세토스 백팩,,https://kr.mcmworldwide.com/ko_KR/%EA%B0%80%EB%B0%A9/%EB%B0%B1%ED%8C%A9/stark-%EC%82%AC%EC%9D%B4%EB%93%9C-%EC%8A%A4%ED%84%B0%EB%93%9C-%EB%B9%84%EC%84%B8%ED%86%A0%EC%8A%A4-%EB%B0%B1%ED%8C%A9/MMKEAVE12BK001.html?cgid=bags-backpacks,https://images.mcmworldwide.com/i/mcmworldwide/MMKEAVE12BK001_01/stark-black-m?$medium$&fmt=auto&qlt=default
가방-백팩,MMKGSVE01K8001,Stark 비세토스 사이드 스터드 백팩,,https://kr.mcmworldwide.com/ko_KR/%EA%B0%80%EB%B0%A9/%EB%B0%B1%ED%8C%A9/stark-%EB%B9%84%EC%84%B8%ED%86%A0%EC%8A%A4-%EC%82%AC%EC%9D%B4%EB%93%9C-%EC%8A%A4%ED%84%B0%EB%93%9C-%EB%B0%B1%ED%8C%A9/MMKGSVE01K8001.html?cgid=bags-backpacks,https://images.mcmworldwide.com/i/mcmworldwide/MMKGSVE01K8001_01/stark-khaki-moss-m?$medium$&fmt=auto&qlt=default
가방-백팩,MMKEAVE14CO001,스타크 사이드 스터드 비세토스 백팩,,https://kr.mcmworldwide.com/ko_KR/%EA%B0%80%EB%B0%A9/%EB%B0%B1%ED%8C%A9/%EC%8A%A4%ED%83%80%ED%81%AC-%EC%82%AC%EC%9D%B4%EB%93%9C-%EC%8A%A4%ED%84%B0%EB%93%9C-%EB%B9%84%EC%84%B8%ED%86%A0%EC%8A%A4-%EB%B0%B1%ED%8C%A9/MMKEAVE14CO001.html?cgid=bags-backpacks,https://images.mcmworldwide.com/i/mcmworldwide/MMKEAVE14CO001_01/-cognac-s-m?$medium$&fmt=auto&qlt=default
가방-백팩,MMKEAVE14BK001,스타크 사이드 스터드 비세토스 백팩,,https://kr.mcmworldwide.com/ko_KR/%EA%B0%80%EB%B0%A9/%EB%B0%B1%ED%8C%A9/%EC%8A%A4%ED%83%80%ED%81%AC-%EC%82%AC%EC%9D%B4%EB%93%9C-%EC%8A%A4%ED%84%B0%EB%93%9C-%EB%B9%84%EC%84%B8%ED%86%A0%EC%8A%A4-%EB%B0%B1%ED%8C%A9/MMKEAVE14BK001.html?cgid=bags-backpacks,https://images.mcmworldwide.com/i/mcmworldwide/MMKEAVE14BK001_01/-black-s-m?$medium$&fmt=auto&qlt=default
가방-백팩,MMKEAVE15CO001,Stark 사이드 스터드 비세토스 백팩,,https://kr.mcmworldwide.com/ko_KR/%EA%B0%80%EB%B0%A9/%EB%B0%B1%ED%8C%A9/stark-%EC%82%AC%EC%9D%B4%EB%93%9C-%EC%8A%A4%ED%84%B0%EB%93%9C-%EB%B9%84%EC%84%B8%ED%86%A0%EC%8A%A4-%EB%B0%B1%ED%8C%A9/MMKEAVE15CO001.html?cgid=bags-backpacks,https://images.mcmworldwide.com/i/mcmworldwide/MMKEAVE15CO001_01/stark-cognac-s?$medium$&fmt=auto&qlt=default
가방-백팩,MMKEAVE15BK001,Stark 사이드 스터드 비세토스 백팩,,https://kr.mcmworldwide.com/ko_KR/%EA%B0%80%EB%B0%A9/%EB%B0%B1%ED%8C%A9/stark-%EC%82%AC%EC%9D%B4%EB%93%9C-%EC%8A%A4%ED%84%B0%EB%93%9C-%EB%B9%84%EC%84%B8%ED%86%A0%EC%8A%A4-%EB%B0%B1%ED%8C%A9/MMKEAVE15BK001.html?cgid=bags-backpacks,https://images.mcmworldwide.com/i/mcmworldwide/MMKEAVE15BK001_01/stark-black-s?$medium$&fmt=auto&qlt=default
가방-백팩,MMKEAVE15IG001,Stark 사이드 스터드 비세토스 백팩,,https://kr.mcmworldwide.com/ko_KR/%EA%B0%80%EB%B0%A9/%EB%B0%B1%ED%8C%A9/stark-%EC%82%AC%EC%9D%B4%EB%93%9C-%EC%8A%A4%ED%84%B0%EB%93%9C-%EB%B9%84%EC%84%B8%ED%86%A0%EC%8A%A4-%EB%B0%B1%ED%8C%A9/MMKEAVE15IG001.html?cgid=bags-backpacks,https://images.mcmworldwide.com/i/mcmworldwide/MMKEAVE15IG001_01/stark-beige-s?$medium$&fmt=auto&qlt=default
가방-백팩,MMKEAVE15WT001,Stark 사이드 스터드 비세토스 백팩,,https://kr.mcmworldwide.com/ko_KR/%EA%B0%80%EB%B0%A9/%EB%B0%B1%ED%8C%A9/stark-%EC%82%AC%EC%9D%B4%EB%93%9C-%EC%8A%A4%ED%84%B0%EB%93%9C-%EB%B9%84%EC%84%B8%ED%86%A0%EC%8A%A4-%EB%B0%B1%ED%8C%A9/MMKEAVE15WT001.html?cgid=bags-backpacks,https://images.mcmworldwide.com/i/mcmworldwide/MMKEAVE15WT001_01/stark-white-s?$medium$&fmt=auto&qlt=default
가방-백팩,MMKEAVE15PZ001,Stark 사이드 스터드 비세토스 백팩,,https://kr.mcmworldwide.com/ko_KR/%EA%B0%80%EB%B0%A9/%EB%B0%B1%ED%8C%A9/stark-%EC%82%AC%EC%9D%B4%EB%93%9C-%EC%8A%A4%ED%84%B0%EB%93%9C-%EB%B9%84%EC%84%B8%ED%86%A0%EC%8A%A4-%EB%B0%B1%ED%8C%A9/MMKEAVE15PZ001.html?cgid=bags-backpacks,https://images.mcmworldwide.com/i/mcmworldwide/MMKEAVE15PZ001_01/stark-soft-pink-s?$medium$&fmt=auto&qlt=default
가방-백팩,MMKGSVE034B001,Stark 사이드 스터드 비세토스 백팩,,https://kr.mcmworldwide.com/ko_KR/%EA%B0%80%EB%B0%A9/%EB%B0%B1%ED%8C%A9/stark-%EC%82%AC%EC%9D%B4%EB%93%9C-%EC%8A%A4%ED%84%B0%EB%93%9C-%EB%B9%84%EC%84%B8%ED%86%A0%EC%8A%A4-%EB%B0%B1%ED%8C%A9/MMKGSVE034B001.html?cgid=bags-backpacks,https://images.mcmworldwide.com/i/mcmworldwide/MMKGSVE034B001_01/stark-cinnamon-s?$medium$&fmt=auto&qlt=default
가방-백팩,MMKEAVE16CO001,Stark 사이드 스터드 비세토스 백팩,,https://kr.mcmworldwide.com/ko_KR/%EA%B0%80%EB%B0%A9/%EB%B0%B1%ED%8C%A9/stark-%EC%82%AC%EC%9D%B4%EB%93%9C-%EC%8A%A4%ED%84%B0%EB%93%9C-%EB%B9%84%EC%84%B8%ED%86%A0%EC%8A%A4-%EB%B0%B1%ED%8C%A9/MMKEAVE16CO001.html?cgid=bags-backpacks,https://images.mcmworldwide.com/i/mcmworldwide/MMKEAVE16CO001_01/stark-cognac-?$medium$&fmt=auto&qlt=default
가방-백팩,MMKEAVE16BK001,Stark 사이드 스터드 비세토스 백팩,,https://kr.mcmworldwide.com/ko_KR/%EA%B0%80%EB%B0%A9/%EB%B0%B1%ED%8C%A9/stark-%EC%82%AC%EC%9D%B4%EB%93%9C-%EC%8A%A4%ED%84%B0%EB%93%9C-%EB%B9%84%EC%84%B8%ED%86%A0%EC%8A%A4-%EB%B0%B1%ED%8C%A9/MMKEAVE16BK001.html?cgid=bags-backpacks,https://images.mcmworldwide.com/i/mcmworldwide/MMKEAVE16BK001_01/stark-black-?$medium$&fmt=auto&qlt=default
가방-백팩,MMKEAVE16PZ001,Stark 사이드 스터드 비세토스 백팩,,https://kr.mcmworldwide.com/ko_KR/%EA%B0%80%EB%B0%A9/%EB%B0%B1%ED%8C%A9/stark-%EC%82%AC%EC%9D%B4%EB%93%9C-%EC%8A%A4%ED%84%B0%EB%93%9C-%EB%B9%84%EC%84%B8%ED%86%A0%EC%8A%A4-%EB%B0%B1%ED%8C%A9/MMKEAVE16PZ001.html?cgid=bags-backpacks,https://images.mcmworldwide.com/i/mcmworldwide/MMKEAVE16PZ001_01/stark-soft-pink-?$medium$&fmt=auto&qlt=default
가방-백팩,MMKEAVE16WT001,Stark 사이드 스터드 비세토스 백팩,,https://kr.mcmworldwide.com/ko_KR/%EA%B0%80%EB%B0%A9/%EB%B0%B1%ED%8C%A9/stark-%EC%82%AC%EC%9D%B4%EB%93%9C-%EC%8A%A4%ED%84%B0%EB%93%9C-%EB%B9%84%EC%84%B8%ED%86%A0%EC%8A%A4-%EB%B0%B1%ED%8C%A9/MMKEAVE16WT001.html?cgid=bags-backpacks,https://images.mcmworldwide.com/i/mcmworldwide/MMKEAVE16WT001_01/stark-white-?$medium$&fmt=auto&qlt=default
가방-백팩,MMKEAVE17PZ001,Stark 비세토스 사이드 스터드  베베 부  백팩,,https://kr.mcmworldwide.com/ko_KR/%EA%B0%80%EB%B0%A9/%EB%B0%B1%ED%8C%A9/stark-%EB%B9%84%EC%84%B8%ED%86%A0%EC%8A%A4-%EC%82%AC%EC%9D%B4%EB%93%9C-%EC%8A%A4%ED%84%B0%EB%93%9C--%EB%B2%A0%EB%B2%A0-%EB%B6%80--%EB%B0%B1%ED%8C%A9/MMKEAVE17PZ001.html?cgid=bags-backpacks,https://images.mcmworldwide.com/i/mcmworldwide/MMKEAVE17PZ001_01/stark-soft-pink-?$medium$&fmt=auto&qlt=default
가방-백팩,MMKFSBG01CO001,비세토스 브랜든버그 백팩,,https://kr.mcmworldwide.com/ko_KR/%EA%B0%80%EB%B0%A9/%EB%B0%B1%ED%8C%A9/%EB%B9%84%EC%84%B8%ED%86%A0%EC%8A%A4-%EB%B8%8C%EB%9E%9C%EB%93%A0%EB%B2%84%EA%B7%B8-%EB%B0%B1%ED%8C%A9/MMKFSBG01CO001.html?cgid=bags-backpacks,https://images.mcmworldwide.com/i/mcmworldwide/MMKFSBG01CO001_01/-cognac-m?$medium$&fmt=auto&qlt=default
가방-백팩,MMKEATA02CO001,Aren 비세토스 멀티 백팩,,https://kr.mcmworldwide.com/ko_KR/%EA%B0%80%EB%B0%A9/%EB%B0%B1%ED%8C%A9/aren-%EB%B9%84%EC%84%B8%ED%86%A0%EC%8A%A4-%EB%A9%80%ED%8B%B0-%EB%B0%B1%ED%8C%A9/MMKEATA02CO001.html?cgid=bags-backpacks,https://images.mcmworldwide.com/i/mcmworldwide/MMKEATA02CO001_01/aren-cognac-l?$medium$&fmt=auto&qlt=default
가방-백팩,MMKFATA01K8001,Aren ECONYL®과 가죽을 사용한 백팩,,https://kr.mcmworldwide.com/ko_KR/%EA%B0%80%EB%B0%A9/%EB%B0%B1%ED%8C%A9/aren-econyl%C2%AE%EA%B3%BC-%EA%B0%80%EC%A3%BD%EC%9D%84-%EC%82%AC%EC%9A%A9%ED%95%9C-%EB%B0%B1%ED%8C%A9/MMKFATA01K8001.html?cgid=bags-backpacks,https://kr.mcmworldwide.com/on/demandware.static/-/Sites-MCM_Master_Product_Catalog/default/dw762b7dc1/akeneo-entity/9/a/d/e/9ade2994012b05f550482e6a474a6eb2c21788d5_Icon_SUST.png
가방-백팩,MMVFATT01BK001,Ottomar ECONYL® 가죽 위켄더 백팩,,https://kr.mcmworldwide.com/ko_KR/%EA%B0%80%EB%B0%A9/%EB%B0%B1%ED%8C%A9/ottomar-econyl%C2%AE-%EA%B0%80%EC%A3%BD-%EC%9C%84%EC%BC%84%EB%8D%94-%EB%B0%B1%ED%8C%A9/MMVFATT01BK001.html?cgid=bags-backpacks,https://kr.mcmworldwide.com/on/demandware.static/-/Sites-MCM_Master_Product_Catalog/default/dw762b7dc1/akeneo-entity/9/a/d/e/9ade2994012b05f550482e6a474a6eb2c21788d5_Icon_SUST.png
가방-백팩,MMVFATT01K8001,Ottomar ECONYL®과 가죽이 더해진 위켄더 백팩,,https://kr.mcmworldwide.com/ko_KR/%EA%B0%80%EB%B0%A9/%EB%B0%B1%ED%8C%A9/ottomar-econyl%C2%AE%EA%B3%BC-%EA%B0%80%EC%A3%BD%EC%9D%B4-%EB%8D%94%ED%95%B4%EC%A7%84-%EC%9C%84%EC%BC%84%EB%8D%94-%EB%B0%B1%ED%8C%A9/MMVFATT01K8001.html?cgid=bags-backpacks,https://kr.mcmworldwide.com/on/demandware.static/-/Sites-MCM_Master_Product_Catalog/default/dw762b7dc1/akeneo-entity/9/a/d/e/9ade2994012b05f550482e6a474a6eb2c21788d5_Icon_SUST.png
가방-백팩,MMKGATA03MT001,Aren 노바 나일론 백팩,,https://kr.mcmworldwide.com/ko_KR/%EA%B0%80%EB%B0%A9/%EB%B0%B1%ED%8C%A9/aren-%EB%85%B8%EB%B0%94-%EB%82%98%EC%9D%BC%EB%A1%A0-%EB%B0%B1%ED%8C%A9/MMKGATA03MT001.html?cgid=bags-backpacks,https://images.mcmworldwide.com/i/mcmworldwide/MMKGATA03MT001_01/aren-multi-m?$medium$&fmt=auto&qlt=default
가방-백팩,MMKGAVE09CO001,MCM X We The Best Stark 비세토스 백팩,,https://kr.mcmworldwide.com/ko_KR/%EA%B0%80%EB%B0%A9/%EB%B0%B1%ED%8C%A9/mcm-x-we-the-best-stark-%EB%B9%84%EC%84%B8%ED%86%A0%EC%8A%A4-%EB%B0%B1%ED%8C%A9/MMKGAVE09CO001.html?cgid=bags-backpacks,https://images.mcmworldwide.com/i/mcmworldwide/MMKGAVE09CO001_01/mcm-x-we-the-best-stark-cognac-m?$medium$&fmt=auto&qlt=default
가방-백팩,MMKGAVE02CO001,Stark 디스코 비세토스 백팩,,https://kr.mcmworldwide.com/ko_KR/%EA%B0%80%EB%B0%A9/%EB%B0%B1%ED%8C%A9/stark-%EB%94%94%EC%8A%A4%EC%BD%94-%EB%B9%84%EC%84%B8%ED%86%A0%EC%8A%A4-%EB%B0%B1%ED%8C%A9/MMKGAVE02CO001.html?cgid=bags-backpacks,https://images.mcmworldwide.com/i/mcmworldwide/MMKGAVE02CO001_01/stark-cognac-m?$medium$&fmt=auto&qlt=default
가방-백팩,MMKGATA02BK001,Aren 노바 모노그램 ECONYL® 백팩,,https://kr.mcmworldwide.com/ko_KR/%EA%B0%80%EB%B0%A9/%EB%B0%B1%ED%8C%A9/aren-%EB%85%B8%EB%B0%94-%EB%AA%A8%EB%85%B8%EA%B7%B8%EB%9E%A8-econyl%C2%AE-%EB%B0%B1%ED%8C%A9/MMKGATA02BK001.html?cgid=bags-backpacks,https://kr.mcmworldwide.com/on/demandware.static/-/Sites-MCM_Master_Product_Catalog/default/dw762b7dc1/akeneo-entity/9/a/d/e/9ade2994012b05f550482e6a474a6eb2c21788d5_Icon_SUST.png
가방-백팩,MMKGAVE10CO001,MCM X We The Best Stark 비세토스 백팩,,https://kr.mcmworldwide.com/ko_KR/%EA%B0%80%EB%B0%A9/%EB%B0%B1%ED%8C%A9/mcm-x-we-the-best-stark-%EB%B9%84%EC%84%B8%ED%86%A0%EC%8A%A4-%EB%B0%B1%ED%8C%A9/MMKGAVE10CO001.html?cgid=bags-backpacks,https://images.mcmworldwide.com/i/mcmworldwide/MMKGAVE10CO001_01/mcm-x-we-the-best-stark-cognac-m?$medium$&fmt=auto&qlt=default
가방-백팩,MMKGAUP02BK001,MCM X ATEEZ with MINGI Stark 비세토스 사이드 스터드 백팩,,https://kr.mcmworldwide.com/ko_KR/%EA%B0%80%EB%B0%A9/%EB%B0%B1%ED%8C%A9/mcm-x-ateez-with-mingi-stark-%EB%B9%84%EC%84%B8%ED%86%A0%EC%8A%A4-%EC%82%AC%EC%9D%B4%EB%93%9C-%EC%8A%A4%ED%84%B0%EB%93%9C-%EB%B0%B1%ED%8C%A9/MMKGAUP02BK001.html?cgid=bags-backpacks,https://images.mcmworldwide.com/i/mcmworldwide/MMKGAUP02BK001_01/mcm-x-ateez-with-mingi-stark-black-s?$medium$&fmt=auto&qlt=default
가방-토트/쇼퍼,MWTGATA02CO001,Pina 비세토스 스터드 장식 토트,,https://kr.mcmworldwide.com/ko_KR/%EA%B0%80%EB%B0%A9/%ED%86%A0%ED%8A%B8%EB%B0%B1-%EC%87%BC%ED%8D%BC%EB%B0%B1/pina-%EB%B9%84%EC%84%B8%ED%86%A0%EC%8A%A4-%EC%8A%A4%ED%84%B0%EB%93%9C-%EC%9E%A5%EC%8B%9D-%ED%86%A0%ED%8A%B8/MWTGATA02CO001.html?cgid=bags-totes-shoppers,https://images.mcmworldwide.com/i/mcmworldwide/MWTGATA02CO001_01/pina-cognac-m?$medium$&fmt=auto&qlt=default
가방-토트/쇼퍼,MWTGATA01CO001,Pina 비세토스 스터드 장식 토트,,https://kr.mcmworldwide.com/ko_KR/%EA%B0%80%EB%B0%A9/%ED%86%A0%ED%8A%B8%EB%B0%B1-%EC%87%BC%ED%8D%BC%EB%B0%B1/pina-%EB%B9%84%EC%84%B8%ED%86%A0%EC%8A%A4-%EC%8A%A4%ED%84%B0%EB%93%9C-%EC%9E%A5%EC%8B%9D-%ED%86%A0%ED%8A%B8/MWTGATA01CO001.html?cgid=bags-totes-shoppers,https://images.mcmworldwide.com/i/mcmworldwide/MWTGATA01CO001_01/pina-cognac-l?$medium$&fmt=auto&qlt=default
가방-토트/쇼퍼,MWPGALR01BK001,New Liz 엠보스드 모노그램 레더 쇼퍼,,https://kr.mcmworldwide.com/ko_KR/%EA%B0%80%EB%B0%A9/%ED%86%A0%ED%8A%B8%EB%B0%B1-%EC%87%BC%ED%8D%BC%EB%B0%B1/new-liz-%EC%97%A0%EB%B3%B4%EC%8A%A4%EB%93%9C-%EB%AA%A8%EB%85%B8%EA%B7%B8%EB%9E%A8-%EB%A0%88%EB%8D%94-%EC%87%BC%ED%8D%BC/MWPGALR01BK001.html?cgid=bags-totes-shoppers,https://images.mcmworldwide.com/i/mcmworldwide/MWPGALR01BK001_01/new-liz-black-m?$medium$&fmt=auto&qlt=default
가방-토트/쇼퍼,MWPGALR02BK001,New Liz 엠보스드 모노그램 레더 쇼퍼,,https://kr.mcmworldwide.com/ko_KR/%EA%B0%80%EB%B0%A9/%ED%86%A0%ED%8A%B8%EB%B0%B1-%EC%87%BC%ED%8D%BC%EB%B0%B1/new-liz-%EC%97%A0%EB%B3%B4%EC%8A%A4%EB%93%9C-%EB%AA%A8%EB%85%B8%EA%B7%B8%EB%9E%A8-%EB%A0%88%EB%8D%94-%EC%87%BC%ED%8D%BC/MWPGALR02BK001.html?cgid=bags-totes-shoppers,https://images.mcmworldwide.com/i/mcmworldwide/MWPGALR02BK001_01/new-liz-black-s?$medium$&fmt=auto&qlt=default
가방-토트/쇼퍼,MWPGSLR02I8001,New Liz 비세토스 쇼퍼,,https://kr.mcmworldwide.com/ko_KR/%EA%B0%80%EB%B0%A9/%ED%86%A0%ED%8A%B8%EB%B0%B1-%EC%87%BC%ED%8D%BC%EB%B0%B1/new-liz-%EB%B9%84%EC%84%B8%ED%86%A0%EC%8A%A4-%EC%87%BC%ED%8D%BC/MWPGSLR02I8001.html?cgid=bags-totes-shoppers,https://images.mcmworldwide.com/i/mcmworldwide/MWPGSLR02I8001_01/new-liz-beige-black-m?$medium$&fmt=auto&qlt=default
가방-토트/쇼퍼,MWPGSLR03CO001,New Liz 비세토스 쇼퍼,,https://kr.mcmworldwide.com/ko_KR/%EA%B0%80%EB%B0%A9/%ED%86%A0%ED%8A%B8%EB%B0%B1-%EC%87%BC%ED%8D%BC%EB%B0%B1/new-liz-%EB%B9%84%EC%84%B8%ED%86%A0%EC%8A%A4-%EC%87%BC%ED%8D%BC/MWPGSLR03CO001.html?cgid=bags-totes-shoppers,https://images.mcmworldwide.com/i/mcmworldwide/MWPGSLR03CO001_01/new-liz-cognac-s?$medium$&fmt=auto&qlt=default
가방-토트/쇼퍼,MWPGSLR03BK001,New Liz 비세토스 쇼퍼,,https://kr.mcmworldwide.com/ko_KR/%EA%B0%80%EB%B0%A9/%ED%86%A0%ED%8A%B8%EB%B0%B1-%EC%87%BC%ED%8D%BC%EB%B0%B1/new-liz-%EB%B9%84%EC%84%B8%ED%86%A0%EC%8A%A4-%EC%87%BC%ED%8D%BC/MWPGSLR03BK001.html?cgid=bags-totes-shoppers,https://images.mcmworldwide.com/i/mcmworldwide/MWPGSLR03BK001_01/new-liz-black-s?$medium$&fmt=auto&qlt=default
가방-토트/쇼퍼,MWPGSLR03PZ001,New Liz 비세토스 쇼퍼,,https://kr.mcmworldwide.com/ko_KR/%EA%B0%80%EB%B0%A9/%ED%86%A0%ED%8A%B8%EB%B0%B1-%EC%87%BC%ED%8D%BC%EB%B0%B1/new-liz-%EB%B9%84%EC%84%B8%ED%86%A0%EC%8A%A4-%EC%87%BC%ED%8D%BC/MWPGSLR03PZ001.html?cgid=bags-totes-shoppers,https://images.mcmworldwide.com/i/mcmworldwide/MWPGSLR03PZ001_01/new-liz-soft-pink-s?$medium$&fmt=auto&qlt=default
가방-토트/쇼퍼,MWPGSLR03I8001,New Liz 비세토스 쇼퍼,,https://kr.mcmworldwide.com/ko_KR/%EA%B0%80%EB%B0%A9/%ED%86%A0%ED%8A%B8%EB%B0%B1-%EC%87%BC%ED%8D%BC%EB%B0%B1/new-liz-%EB%B9%84%EC%84%B8%ED%86%A0%EC%8A%A4-%EC%87%BC%ED%8D%BC/MWPGSLR03I8001.html?cgid=bags-totes-shoppers,https://images.mcmworldwide.com/i/mcmworldwide/MWPGSLR03I8001_01/new-liz-beige-black-s?$medium$&fmt=auto&qlt=default
가방-토트/쇼퍼,MWPGSLR02CO001,New Liz 비세토스 쇼퍼,,https://kr.mcmworldwide.com/ko_KR/%EA%B0%80%EB%B0%A9/%ED%86%A0%ED%8A%B8%EB%B0%B1-%EC%87%BC%ED%8D%BC%EB%B0%B1/new-liz-%EB%B9%84%EC%84%B8%ED%86%A0%EC%8A%A4-%EC%87%BC%ED%8D%BC/MWPGSLR02CO001.html?cgid=bags-totes-shoppers,https://images.mcmworldwide.com/i/mcmworldwide/MWPGSLR02CO001_01/new-liz-cognac-m?$medium$&fmt=auto&qlt=default
가방-토트/쇼퍼,MWPGSLR02BK001,New Liz 비세토스 쇼퍼,,https://kr.mcmworldwide.com/ko_KR/%EA%B0%80%EB%B0%A9/%ED%86%A0%ED%8A%B8%EB%B0%B1-%EC%87%BC%ED%8D%BC%EB%B0%B1/new-liz-%EB%B9%84%EC%84%B8%ED%86%A0%EC%8A%A4-%EC%87%BC%ED%8D%BC/MWPGSLR02BK001.html?cgid=bags-totes-shoppers,https://images.mcmworldwide.com/i/mcmworldwide/MWPGSLR02BK001_01/new-liz-black-m?$medium$&fmt=auto&qlt=default
가방-토트/쇼퍼,MWPGSLR02PZ001,New Liz 비세토스 쇼퍼,,https://kr.mcmworldwide.com/ko_KR/%EA%B0%80%EB%B0%A9/%ED%86%A0%ED%8A%B8%EB%B0%B1-%EC%87%BC%ED%8D%BC%EB%B0%B1/new-liz-%EB%B9%84%EC%84%B8%ED%86%A0%EC%8A%A4-%EC%87%BC%ED%8D%BC/MWPGSLR02PZ001.html?cgid=bags-totes-shoppers,https://images.mcmworldwide.com/i/mcmworldwide/MWPGSLR02PZ001_01/new-liz-soft-pink-m?$medium$&fmt=auto&qlt=default
가방-토트/쇼퍼,MWPGSLR024B001,New Liz 비세토스 쇼퍼,,https://kr.mcmworldwide.com/ko_KR/%EA%B0%80%EB%B0%A9/%ED%86%A0%ED%8A%B8%EB%B0%B1-%EC%87%BC%ED%8D%BC%EB%B0%B1/new-liz-%EB%B9%84%EC%84%B8%ED%86%A0%EC%8A%A4-%EC%87%BC%ED%8D%BC/MWPGSLR024B001.html?cgid=bags-totes-shoppers,https://images.mcmworldwide.com/i/mcmworldwide/MWPGSLR024B001_01/new-liz-cinnamon-m?$medium$&fmt=auto&qlt=default
가방-토트/쇼퍼,MWTGABO01MT001,München 다이아몬드 자카드 토트,,https://kr.mcmworldwide.com/ko_KR/%EA%B0%80%EB%B0%A9/%ED%86%A0%ED%8A%B8%EB%B0%B1-%EC%87%BC%ED%8D%BC%EB%B0%B1/m%C3%BCnchen-%EB%8B%A4%EC%9D%B4%EC%95%84%EB%AA%AC%EB%93%9C-%EC%9E%90%EC%B9%B4%EB%93%9C-%ED%86%A0%ED%8A%B8/MWTGABO01MT001.html?cgid=bags-totes-shoppers,https://images.mcmworldwide.com/i/mcmworldwide/MWTGABO01MT001_01/m-nchen-multi-l?$medium$&fmt=auto&qlt=default
가방-토트/쇼퍼,MWTGSMA01BK001,Milla 스페니시 엠보스드 레더 토트,,https://kr.mcmworldwide.com/ko_KR/%EA%B0%80%EB%B0%A9/%ED%86%A0%ED%8A%B8%EB%B0%B1-%EC%87%BC%ED%8D%BC%EB%B0%B1/milla-%EC%8A%A4%ED%8E%98%EB%8B%88%EC%8B%9C-%EC%97%A0%EB%B3%B4%EC%8A%A4%EB%93%9C-%EB%A0%88%EB%8D%94-%ED%86%A0%ED%8A%B8/MWTGSMA01BK001.html?cgid=bags-totes-shoppers,https://images.mcmworldwide.com/i/mcmworldwide/MWTGSMA01BK001_01/milla-black-m?$medium$&fmt=auto&qlt=default
가방-토트/쇼퍼,MWTGSMA02BK001,Milla 스페니시 엠보스드 레더 토트,,https://kr.mcmworldwide.com/ko_KR/%EA%B0%80%EB%B0%A9/%ED%86%A0%ED%8A%B8%EB%B0%B1-%EC%87%BC%ED%8D%BC%EB%B0%B1/milla-%EC%8A%A4%ED%8E%98%EB%8B%88%EC%8B%9C-%EC%97%A0%EB%B3%B4%EC%8A%A4%EB%93%9C-%EB%A0%88%EB%8D%94-%ED%86%A0%ED%8A%B8/MWTGSMA02BK001.html?cgid=bags-totes-shoppers,https://images.mcmworldwide.com/i/mcmworldwide/MWTGSMA02BK001_01/milla-black-s?$medium$&fmt=auto&qlt=default
가방-토트/쇼퍼,MWTGAMA02OQ001,Milla 그레인 가죽 토트,,https://kr.mcmworldwide.com/ko_KR/%EA%B0%80%EB%B0%A9/%ED%86%A0%ED%8A%B8%EB%B0%B1-%EC%87%BC%ED%8D%BC%EB%B0%B1/milla-%EA%B7%B8%EB%A0%88%EC%9D%B8-%EA%B0%80%EC%A3%BD-%ED%86%A0%ED%8A%B8/MWTGAMA02OQ001.html?cgid=bags-totes-shoppers,https://images.mcmworldwide.com/i/mcmworldwide/MWTGAMA02OQ001_01/milla-orangeade-s?$medium$&fmt=auto&qlt=default
가방-토트/쇼퍼,MWTGSMA02QA001,Milla 스페니시 엠보스드 레더 토트,,https://kr.mcmworldwide.com/ko_KR/%EA%B0%80%EB%B0%A9/%ED%86%A0%ED%8A%B8%EB%B0%B1-%EC%87%BC%ED%8D%BC%EB%B0%B1/milla-%EC%8A%A4%ED%8E%98%EB%8B%88%EC%8B%9C-%EC%97%A0%EB%B3%B4%EC%8A%A4%EB%93%9C-%EB%A0%88%EB%8D%94-%ED%86%A0%ED%8A%B8/MWTGSMA02QA001.html?cgid=bags-totes-shoppers,https://images.mcmworldwide.com/i/mcmworldwide/MWTGSMA02QA001_01/milla-lotus-pink-s?$medium$&fmt=auto&qlt=default
가방-토트/쇼퍼,MMPGADC01BK001,Dia 카프스킨 쇼퍼,,https://kr.mcmworldwide.com/ko_KR/%EA%B0%80%EB%B0%A9/%ED%86%A0%ED%8A%B8%EB%B0%B1-%EC%87%BC%ED%8D%BC%EB%B0%B1/dia-%EC%B9%B4%ED%94%84%EC%8A%A4%ED%82%A8-%EC%87%BC%ED%8D%BC/MMPGADC01BK001.html?cgid=bags-totes-shoppers,https://images.mcmworldwide.com/i/mcmworldwide/MMPGADC01BK001_01/dia-black-x-?$medium$&fmt=auto&qlt=default
가방-토트/쇼퍼,MMPGSDC01CO001,Dia 비세토스 레더 믹스 쇼퍼,,https://kr.mcmworldwide.com/ko_KR/%EA%B0%80%EB%B0%A9/%ED%86%A0%ED%8A%B8%EB%B0%B1-%EC%87%BC%ED%8D%BC%EB%B0%B1/dia-%EB%B9%84%EC%84%B8%ED%86%A0%EC%8A%A4-%EB%A0%88%EB%8D%94-%EB%AF%B9%EC%8A%A4-%EC%87%BC%ED%8D%BC/MMPGSDC01CO001.html?cgid=bags-totes-shoppers,https://images.mcmworldwide.com/i/mcmworldwide/MMPGSDC01CO001_01/dia-cognac-l?$medium$&fmt=auto&qlt=default
가방-토트/쇼퍼,MMPGSDC02BK001,Dia 비세토스 카프 스킨 레더 쇼퍼,,https://kr.mcmworldwide.com/ko_KR/%EA%B0%80%EB%B0%A9/%ED%86%A0%ED%8A%B8%EB%B0%B1-%EC%87%BC%ED%8D%BC%EB%B0%B1/dia-%EB%B9%84%EC%84%B8%ED%86%A0%EC%8A%A4-%EC%B9%B4%ED%94%84-%EC%8A%A4%ED%82%A8-%EB%A0%88%EB%8D%94-%EC%87%BC%ED%8D%BC/MMPGSDC02BK001.html?cgid=bags-totes-shoppers,https://images.mcmworldwide.com/i/mcmworldwide/MMPGSDC02BK001_01/dia-black-l?$medium$&fmt=auto&qlt=default
가방-토트/쇼퍼,MWPGSMT04QA001,Toni 맥시 모노그램 레더 탑 지퍼 쇼퍼,,https://kr.mcmworldwide.com/ko_KR/%EA%B0%80%EB%B0%A9/%ED%86%A0%ED%8A%B8%EB%B0%B1-%EC%87%BC%ED%8D%BC%EB%B0%B1/toni-%EB%A7%A5%EC%8B%9C-%EB%AA%A8%EB%85%B8%EA%B7%B8%EB%9E%A8-%EB%A0%88%EB%8D%94-%ED%83%91-%EC%A7%80%ED%8D%BC-%EC%87%BC%ED%8D%BC/MWPGSMT04QA001.html?cgid=bags-totes-shoppers,https://images.mcmworldwide.com/i/mcmworldwide/MWPGSMT04QA001_01/toni-lotus-pink-s?$medium$&fmt=auto&qlt=default
가방-토트/쇼퍼,MWPGSMT02WT001,Toni 비세토스 탑 지퍼 쇼퍼,,https://kr.mcmworldwide.com/ko_KR/%EA%B0%80%EB%B0%A9/%ED%86%A0%ED%8A%B8%EB%B0%B1-%EC%87%BC%ED%8D%BC%EB%B0%B1/toni-%EB%B9%84%EC%84%B8%ED%86%A0%EC%8A%A4-%ED%83%91-%EC%A7%80%ED%8D%BC-%EC%87%BC%ED%8D%BC/MWPGSMT02WT001.html?cgid=bags-totes-shoppers,https://images.mcmworldwide.com/i/mcmworldwide/MWPGSMT02WT001_01/toni-white-?$medium$&fmt=auto&qlt=default
가방-토트/쇼퍼,MWPGSMT024B001,Toni 비세토스 탑 지퍼 쇼퍼,,https://kr.mcmworldwide.com/ko_KR/%EA%B0%80%EB%B0%A9/%ED%86%A0%ED%8A%B8%EB%B0%B1-%EC%87%BC%ED%8D%BC%EB%B0%B1/toni-%EB%B9%84%EC%84%B8%ED%86%A0%EC%8A%A4-%ED%83%91-%EC%A7%80%ED%8D%BC-%EC%87%BC%ED%8D%BC/MWPGSMT024B001.html?cgid=bags-totes-shoppers,https://images.mcmworldwide.com/i/mcmworldwide/MWPGSMT024B001_01/toni-cinnamon-?$medium$&fmt=auto&qlt=default
가방-토트/쇼퍼,MWPGSMT04BK001,Toni 맥시 모노그램 레더 탑 지퍼 쇼퍼,,https://kr.mcmworldwide.com/ko_KR/%EA%B0%80%EB%B0%A9/%ED%86%A0%ED%8A%B8%EB%B0%B1-%EC%87%BC%ED%8D%BC%EB%B0%B1/toni-%EB%A7%A5%EC%8B%9C-%EB%AA%A8%EB%85%B8%EA%B7%B8%EB%9E%A8-%EB%A0%88%EB%8D%94-%ED%83%91-%EC%A7%80%ED%8D%BC-%EC%87%BC%ED%8D%BC/MWPGSMT04BK001.html?cgid=bags-totes-shoppers,https://images.mcmworldwide.com/i/mcmworldwide/MWPGSMT04BK001_01/toni-black-?$medium$&fmt=auto&qlt=default
가방-토트/쇼퍼,MWPFAMT08K8001,Toni 비세토스 탑 지퍼 쇼퍼,,https://kr.mcmworldwide.com/ko_KR/%EA%B0%80%EB%B0%A9/%ED%86%A0%ED%8A%B8%EB%B0%B1-%EC%87%BC%ED%8D%BC%EB%B0%B1/toni-%EB%B9%84%EC%84%B8%ED%86%A0%EC%8A%A4-%ED%83%91-%EC%A7%80%ED%8D%BC-%EC%87%BC%ED%8D%BC/MWPFAMT08K8001.html?cgid=bags-totes-shoppers,https://images.mcmworldwide.com/i/mcmworldwide/MWPFAMT08K8001_01/toni-khaki-moss-?$medium$&fmt=auto&qlt=default
가방-토트/쇼퍼,MWPFSMT06PZ001,Toni 비세토스 상단 지퍼 쇼퍼,,https://kr.mcmworldwide.com/ko_KR/%EA%B0%80%EB%B0%A9/%ED%86%A0%ED%8A%B8%EB%B0%B1-%EC%87%BC%ED%8D%BC%EB%B0%B1/toni-%EB%B9%84%EC%84%B8%ED%86%A0%EC%8A%A4-%EC%83%81%EB%8B%A8-%EC%A7%80%ED%8D%BC-%EC%87%BC%ED%8D%BC/MWPFSMT06PZ001.html?cgid=bags-totes-shoppers,https://images.mcmworldwide.com/i/mcmworldwide/MWPFSMT06PZ001_01/toni-soft-pink-?$medium$&fmt=auto&qlt=default
가방-토트/쇼퍼,MWPAATN04I8001,Toni 비세토스 상단 지퍼 쇼퍼,,https://kr.mcmworldwide.com/ko_KR/%EA%B0%80%EB%B0%A9/%ED%86%A0%ED%8A%B8%EB%B0%B1-%EC%87%BC%ED%8D%BC%EB%B0%B1/toni-%EB%B9%84%EC%84%B8%ED%86%A0%EC%8A%A4-%EC%83%81%EB%8B%A8-%EC%A7%80%ED%8D%BC-%EC%87%BC%ED%8D%BC/MWPAATN04I8001.html?cgid=bags-totes-shoppers,https://images.mcmworldwide.com/i/mcmworldwide/MWPAATN04I8001_01/toni-beige-black-?$medium$&fmt=auto&qlt=default
가방-토트/쇼퍼,MWPAATN04BK001,Toni 비세토스 상단 지퍼 쇼퍼,,https://kr.mcmworldwide.com/ko_KR/%EA%B0%80%EB%B0%A9/%ED%86%A0%ED%8A%B8%EB%B0%B1-%EC%87%BC%ED%8D%BC%EB%B0%B1/toni-%EB%B9%84%EC%84%B8%ED%86%A0%EC%8A%A4-%EC%83%81%EB%8B%A8-%EC%A7%80%ED%8D%BC-%EC%87%BC%ED%8D%BC/MWPAATN04BK001.html?cgid=bags-totes-shoppers,https://images.mcmworldwide.com/i/mcmworldwide/MWPAATN04BK001_01/toni-black-?$medium$&fmt=auto&qlt=default
가방-토트/쇼퍼,MWPAATN04CO001,Toni 비세토스 상단 지퍼 쇼퍼,,https://kr.mcmworldwide.com/ko_KR/%EA%B0%80%EB%B0%A9/%ED%86%A0%ED%8A%B8%EB%B0%B1-%EC%87%BC%ED%8D%BC%EB%B0%B1/toni-%EB%B9%84%EC%84%B8%ED%86%A0%EC%8A%A4-%EC%83%81%EB%8B%A8-%EC%A7%80%ED%8D%BC-%EC%87%BC%ED%8D%BC/MWPAATN04CO001.html?cgid=bags-totes-shoppers,https://images.mcmworldwide.com/i/mcmworldwide/MWPAATN04CO001_01/toni-cognac-?$medium$&fmt=auto&qlt=default
가방-토트/쇼퍼,MWPFSMT03PZ001,Toni 비세토스 상단 지퍼 쇼퍼,,https://kr.mcmworldwide.com/ko_KR/%EA%B0%80%EB%B0%A9/%ED%86%A0%ED%8A%B8%EB%B0%B1-%EC%87%BC%ED%8D%BC%EB%B0%B1/toni-%EB%B9%84%EC%84%B8%ED%86%A0%EC%8A%A4-%EC%83%81%EB%8B%A8-%EC%A7%80%ED%8D%BC-%EC%87%BC%ED%8D%BC/MWPFSMT03PZ001.html?cgid=bags-totes-shoppers,https://images.mcmworldwide.com/i/mcmworldwide/MWPFSMT03PZ001_01/toni-soft-pink-?$medium$&fmt=auto&qlt=default
가방-토트/쇼퍼,MWPFSMT03BK001,Toni 비세토스 탑 지퍼 숄더,,https://kr.mcmworldwide.com/ko_KR/%EA%B0%80%EB%B0%A9/%ED%86%A0%ED%8A%B8%EB%B0%B1-%EC%87%BC%ED%8D%BC%EB%B0%B1/toni-%EB%B9%84%EC%84%B8%ED%86%A0%EC%8A%A4-%ED%83%91-%EC%A7%80%ED%8D%BC-%EC%88%84%EB%8D%94/MWPFSMT03BK001.html?cgid=bags-totes-shoppers,https://images.mcmworldwide.com/i/mcmworldwide/MWPFSMT03BK001_01/toni-black-?$medium$&fmt=auto&qlt=default
가방-토트/쇼퍼,MWPGSMT03WT001,Toni 비세토스 탑 지퍼 쇼퍼,,https://kr.mcmworldwide.com/ko_KR/%EA%B0%80%EB%B0%A9/%ED%86%A0%ED%8A%B8%EB%B0%B1-%EC%87%BC%ED%8D%BC%EB%B0%B1/toni-%EB%B9%84%EC%84%B8%ED%86%A0%EC%8A%A4-%ED%83%91-%EC%A7%80%ED%8D%BC-%EC%87%BC%ED%8D%BC/MWPGSMT03WT001.html?cgid=bags-totes-shoppers,https://images.mcmworldwide.com/i/mcmworldwide/MWPGSMT03WT001_01/toni-white-?$medium$&fmt=auto&qlt=default
가방-토트/쇼퍼,MWTGSTA02BK001,Aren 비세토스 스쿨 토트,,https://kr.mcmworldwide.com/ko_KR/%EA%B0%80%EB%B0%A9/%ED%86%A0%ED%8A%B8%EB%B0%B1-%EC%87%BC%ED%8D%BC%EB%B0%B1/aren-%EB%B9%84%EC%84%B8%ED%86%A0%EC%8A%A4-%EC%8A%A4%EC%BF%A8-%ED%86%A0%ED%8A%B8/MWTGSTA02BK001.html?cgid=bags-totes-shoppers,https://images.mcmworldwide.com/i/mcmworldwide/MWTGSTA02BK001_01/aren-black-l?$medium$&fmt=auto&qlt=default
가방-토트/쇼퍼,MWTGSTA03BK001,Aren 비세토스 스쿨 토트,,https://kr.mcmworldwide.com/ko_KR/%EA%B0%80%EB%B0%A9/%ED%86%A0%ED%8A%B8%EB%B0%B1-%EC%87%BC%ED%8D%BC%EB%B0%B1/aren-%EB%B9%84%EC%84%B8%ED%86%A0%EC%8A%A4-%EC%8A%A4%EC%BF%A8-%ED%86%A0%ED%8A%B8/MWTGSTA03BK001.html?cgid=bags-totes-shoppers,https://images.mcmworldwide.com/i/mcmworldwide/MWTGSTA03BK001_01/aren-black-s?$medium$&fmt=auto&qlt=default
가방-토트/쇼퍼,MWTGSTA034B001,Aren 비세토스 스쿨 토트,,https://kr.mcmworldwide.com/ko_KR/%EA%B0%80%EB%B0%A9/%ED%86%A0%ED%8A%B8%EB%B0%B1-%EC%87%BC%ED%8D%BC%EB%B0%B1/aren-%EB%B9%84%EC%84%B8%ED%86%A0%EC%8A%A4-%EC%8A%A4%EC%BF%A8-%ED%86%A0%ED%8A%B8/MWTGSTA034B001.html?cgid=bags-totes-shoppers,https://images.mcmworldwide.com/i/mcmworldwide/MWTGSTA034B001_01/aren-cinnamon-s?$medium$&fmt=auto&qlt=default
가방-토트/쇼퍼,MWTGSTA03PZ001,Aren 비세토스 스쿨 토트,,https://kr.mcmworldwide.com/ko_KR/%EA%B0%80%EB%B0%A9/%ED%86%A0%ED%8A%B8%EB%B0%B1-%EC%87%BC%ED%8D%BC%EB%B0%B1/aren-%EB%B9%84%EC%84%B8%ED%86%A0%EC%8A%A4-%EC%8A%A4%EC%BF%A8-%ED%86%A0%ED%8A%B8/MWTGSTA03PZ001.html?cgid=bags-totes-shoppers,https://images.mcmworldwide.com/i/mcmworldwide/MWTGSTA03PZ001_01/aren-soft-pink-s?$medium$&fmt=auto&qlt=default
가방-토트/쇼퍼,MWTGATA03PZ001,Aren 비세토스 스쿨 토트,,https://kr.mcmworldwide.com/ko_KR/%EA%B0%80%EB%B0%A9/%ED%86%A0%ED%8A%B8%EB%B0%B1-%EC%87%BC%ED%8D%BC%EB%B0%B1/aren-%EB%B9%84%EC%84%B8%ED%86%A0%EC%8A%A4-%EC%8A%A4%EC%BF%A8-%ED%86%A0%ED%8A%B8/MWTGATA03PZ001.html?cgid=bags-totes-shoppers,https://images.mcmworldwide.com/i/mcmworldwide/MWTGATA03PZ001_01/aren-soft-pink-l?$medium$&fmt=auto&qlt=default
가방-토트/쇼퍼,MWTFATA02CO001,Aren 비세토스 스쿨 토트,,https://kr.mcmworldwide.com/ko_KR/%EA%B0%80%EB%B0%A9/%ED%86%A0%ED%8A%B8%EB%B0%B1-%EC%87%BC%ED%8D%BC%EB%B0%B1/aren-%EB%B9%84%EC%84%B8%ED%86%A0%EC%8A%A4-%EC%8A%A4%EC%BF%A8-%ED%86%A0%ED%8A%B8/MWTFATA02CO001.html?cgid=bags-totes-shoppers,https://images.mcmworldwide.com/i/mcmworldwide/MWTFATA02CO001_01/aren-cognac-l?$medium$&fmt=auto&qlt=default
가방-토트/쇼퍼,MWTFATA01CO001,Aren 비세토스 스쿨 토트,,https://kr.mcmworldwide.com/ko_KR/%EA%B0%80%EB%B0%A9/%ED%86%A0%ED%8A%B8%EB%B0%B1-%EC%87%BC%ED%8D%BC%EB%B0%B1/aren-%EB%B9%84%EC%84%B8%ED%86%A0%EC%8A%A4-%EC%8A%A4%EC%BF%A8-%ED%86%A0%ED%8A%B8/MWTFATA01CO001.html?cgid=bags-totes-shoppers,https://images.mcmworldwide.com/i/mcmworldwide/MWTFATA01CO001_01/aren-cognac-s?$medium$&fmt=auto&qlt=default
가방-토트/쇼퍼,MWPFSLR03PZ001,비세토스 소재의 리즈 쇼퍼.,,https://kr.mcmworldwide.com/ko_KR/%EA%B0%80%EB%B0%A9/%ED%86%A0%ED%8A%B8%EB%B0%B1-%EC%87%BC%ED%8D%BC%EB%B0%B1/%EB%B9%84%EC%84%B8%ED%86%A0%EC%8A%A4-%EC%86%8C%EC%9E%AC%EC%9D%98-%EB%A6%AC%EC%A6%88-%EC%87%BC%ED%8D%BC./MWPFSLR03PZ001.html?cgid=bags-totes-shoppers,https://images.mcmworldwide.com/i/mcmworldwide/MWPFSLR03PZ001_01/-soft-pink-m?$medium$&fmt=auto&qlt=default
가방-토트/쇼퍼,MWPFSLR07PZ001,비세토스 소재의 리즈 쇼퍼.,,https://kr.mcmworldwide.com/ko_KR/%EA%B0%80%EB%B0%A9/%ED%86%A0%ED%8A%B8%EB%B0%B1-%EC%87%BC%ED%8D%BC%EB%B0%B1/%EB%B9%84%EC%84%B8%ED%86%A0%EC%8A%A4-%EC%86%8C%EC%9E%AC%EC%9D%98-%EB%A6%AC%EC%A6%88-%EC%87%BC%ED%8D%BC./MWPFSLR07PZ001.html?cgid=bags-totes-shoppers,https://images.mcmworldwide.com/i/mcmworldwide/MWPFSLR07PZ001_01/-soft-pink-s?$medium$&fmt=auto&qlt=default
가방-토트/쇼퍼,MWPCSVI01CO001,Liz 리버서블 비세토스 쇼퍼,,https://kr.mcmworldwide.com/ko_KR/%EA%B0%80%EB%B0%A9/%ED%86%A0%ED%8A%B8%EB%B0%B1-%EC%87%BC%ED%8D%BC%EB%B0%B1/liz-%EB%A6%AC%EB%B2%84%EC%84%9C%EB%B8%94-%EB%B9%84%EC%84%B8%ED%86%A0%EC%8A%A4-%EC%87%BC%ED%8D%BC/MWPCSVI01CO001.html?cgid=bags-totes-shoppers,https://images.mcmworldwide.com/i/mcmworldwide/MWPCSVI01CO001_01/liz-cognac-m?$medium$&fmt=auto&qlt=default
가방-토트/쇼퍼,MWPDSLR04CO001,Liz 리버서블 비세토스 쇼퍼,,https://kr.mcmworldwide.com/ko_KR/%EA%B0%80%EB%B0%A9/%ED%86%A0%ED%8A%B8%EB%B0%B1-%EC%87%BC%ED%8D%BC%EB%B0%B1/liz-%EB%A6%AC%EB%B2%84%EC%84%9C%EB%B8%94-%EB%B9%84%EC%84%B8%ED%86%A0%EC%8A%A4-%EC%87%BC%ED%8D%BC/MWPDSLR04CO001.html?cgid=bags-totes-shoppers,https://images.mcmworldwide.com/i/mcmworldwide/MWPDSLR04CO001_01/liz-cognac-s?$medium$&fmt=auto&qlt=default
가방-토트/쇼퍼,MWPCSVI01BK001,Liz 비세토스 리버서블 쇼퍼,,https://kr.mcmworldwide.com/ko_KR/%EA%B0%80%EB%B0%A9/%ED%86%A0%ED%8A%B8%EB%B0%B1-%EC%87%BC%ED%8D%BC%EB%B0%B1/liz-%EB%B9%84%EC%84%B8%ED%86%A0%EC%8A%A4-%EB%A6%AC%EB%B2%84%EC%84%9C%EB%B8%94-%EC%87%BC%ED%8D%BC/MWPCSVI01BK001.html?cgid=bags-totes-shoppers,https://images.mcmworldwide.com/i/mcmworldwide/MWPCSVI01BK001_01/liz-black-m?$medium$&fmt=auto&qlt=default
가방-토트/쇼퍼,MWPDSLR02BK001,Liz 리버서블 비세토스 쇼퍼,,https://kr.mcmworldwide.com/ko_KR/%EA%B0%80%EB%B0%A9/%ED%86%A0%ED%8A%B8%EB%B0%B1-%EC%87%BC%ED%8D%BC%EB%B0%B1/liz-%EB%A6%AC%EB%B2%84%EC%84%9C%EB%B8%94-%EB%B9%84%EC%84%B8%ED%86%A0%EC%8A%A4-%EC%87%BC%ED%8D%BC/MWPDSLR02BK001.html?cgid=bags-totes-shoppers,https://images.mcmworldwide.com/i/mcmworldwide/MWPDSLR02BK001_01/liz-black-s?$medium$&fmt=auto&qlt=default
가방-토트/쇼퍼,MWPFSLR03K8001,Liz  비세토스 쇼퍼,,https://kr.mcmworldwide.com/ko_KR/%EA%B0%80%EB%B0%A9/%ED%86%A0%ED%8A%B8%EB%B0%B1-%EC%87%BC%ED%8D%BC%EB%B0%B1/liz--%EB%B9%84%EC%84%B8%ED%86%A0%EC%8A%A4-%EC%87%BC%ED%8D%BC/MWPFSLR03K8001.html?cgid=bags-totes-shoppers,https://images.mcmworldwide.com/i/mcmworldwide/MWPFSLR03K8001_01/liz-khaki-moss-m?$medium$&fmt=auto&qlt=default
가방-토트/쇼퍼,MMTGSTA05CO001,Aren 비세토스 레더 믹스 E/X 토트,,https://kr.mcmworldwide.com/ko_KR/%EA%B0%80%EB%B0%A9/%ED%86%A0%ED%8A%B8%EB%B0%B1-%EC%87%BC%ED%8D%BC%EB%B0%B1/aren-%EB%B9%84%EC%84%B8%ED%86%A0%EC%8A%A4-%EB%A0%88%EB%8D%94-%EB%AF%B9%EC%8A%A4-e%2Fx-%ED%86%A0%ED%8A%B8/MMTGSTA05CO001.html?cgid=bags-totes-shoppers,https://images.mcmworldwide.com/i/mcmworldwide/MMTGSTA05CO001_01/aren-e-x-cognac-l?$medium$&fmt=auto&qlt=default
가방-토트/쇼퍼,MMTGSTA01CO001,Aren 비세토스 N/S 토트,,https://kr.mcmworldwide.com/ko_KR/%EA%B0%80%EB%B0%A9/%ED%86%A0%ED%8A%B8%EB%B0%B1-%EC%87%BC%ED%8D%BC%EB%B0%B1/aren-%EB%B9%84%EC%84%B8%ED%86%A0%EC%8A%A4-n%2Fs-%ED%86%A0%ED%8A%B8/MMTGSTA01CO001.html?cgid=bags-totes-shoppers,https://images.mcmworldwide.com/i/mcmworldwide/MMTGSTA01CO001_01/aren-n-s-cognac-l?$medium$&fmt=auto&qlt=default
가방-토트/쇼퍼,MMTGSTA04CO001,Aren 비세토스 N/S 토트,,https://kr.mcmworldwide.com/ko_KR/%EA%B0%80%EB%B0%A9/%ED%86%A0%ED%8A%B8%EB%B0%B1-%EC%87%BC%ED%8D%BC%EB%B0%B1/aren-%EB%B9%84%EC%84%B8%ED%86%A0%EC%8A%A4-n%2Fs-%ED%86%A0%ED%8A%B8/MMTGSTA04CO001.html?cgid=bags-totes-shoppers,https://images.mcmworldwide.com/i/mcmworldwide/MMTGSTA04CO001_01/aren-n-s-cognac-?$medium$&fmt=auto&qlt=default
가방-토트/쇼퍼,MMTGSTA04BK001,Aren 비세토스 N/S 토트,,https://kr.mcmworldwide.com/ko_KR/%EA%B0%80%EB%B0%A9/%ED%86%A0%ED%8A%B8%EB%B0%B1-%EC%87%BC%ED%8D%BC%EB%B0%B1/aren-%EB%B9%84%EC%84%B8%ED%86%A0%EC%8A%A4-n%2Fs-%ED%86%A0%ED%8A%B8/MMTGSTA04BK001.html?cgid=bags-totes-shoppers,https://images.mcmworldwide.com/i/mcmworldwide/MMTGSTA04BK001_01/aren-n-s-black-?$medium$&fmt=auto&qlt=default
가방-토트/쇼퍼,MMTFAKK01BK001,Klassik 비세토스 브리프케이스,,https://kr.mcmworldwide.com/ko_KR/%EA%B0%80%EB%B0%A9/%ED%86%A0%ED%8A%B8%EB%B0%B1-%EC%87%BC%ED%8D%BC%EB%B0%B1/klassik-%EB%B9%84%EC%84%B8%ED%86%A0%EC%8A%A4-%EB%B8%8C%EB%A6%AC%ED%94%84%EC%BC%80%EC%9D%B4%EC%8A%A4/MMTFAKK01BK001.html?cgid=bags-totes-shoppers,https://images.mcmworldwide.com/i/mcmworldwide/MMTFAKK01BK001_01/klassik-black-l?$medium$&fmt=auto&qlt=default
가방-토트/쇼퍼,MWPEATA02CO001,Leni 비세토스 쇼퍼,,https://kr.mcmworldwide.com/ko_KR/%EA%B0%80%EB%B0%A9/%ED%86%A0%ED%8A%B8%EB%B0%B1-%EC%87%BC%ED%8D%BC%EB%B0%B1/leni-%EB%B9%84%EC%84%B8%ED%86%A0%EC%8A%A4-%EC%87%BC%ED%8D%BC/MWPEATA02CO001.html?cgid=bags-totes-shoppers,https://images.mcmworldwide.com/i/mcmworldwide/MWPEATA02CO001_01/leni-cognac-x-?$medium$&fmt=auto&qlt=default
가방-토트/쇼퍼,MWPGSTA01PZ001,Leni 비세토스 쇼퍼,,https://kr.mcmworldwide.com/ko_KR/%EA%B0%80%EB%B0%A9/%ED%86%A0%ED%8A%B8%EB%B0%B1-%EC%87%BC%ED%8D%BC%EB%B0%B1/-leni-%EB%B9%84%EC%84%B8%ED%86%A0%EC%8A%A4-%EC%87%BC%ED%8D%BC/MWPGSTA01PZ001.html?cgid=bags-totes-shoppers,https://images.mcmworldwide.com/i/mcmworldwide/MWPGSTA01PZ001_01/-leni-soft-pink-x-?$medium$&fmt=auto&qlt=default
가방-토트/쇼퍼,MMTFAAK01CO001,다이아몬드 비세토스 E/W 토트,,https://kr.mcmworldwide.com/ko_KR/%EA%B0%80%EB%B0%A9/%ED%86%A0%ED%8A%B8%EB%B0%B1-%EC%87%BC%ED%8D%BC%EB%B0%B1/%EB%8B%A4%EC%9D%B4%EC%95%84%EB%AA%AC%EB%93%9C-%EB%B9%84%EC%84%B8%ED%86%A0%EC%8A%A4-e%2Fw-%ED%86%A0%ED%8A%B8/MMTFAAK01CO001.html?cgid=bags-totes-shoppers,https://images.mcmworldwide.com/i/mcmworldwide/MMTFAAK01CO001_01/-e-w-cognac-l?$medium$&fmt=auto&qlt=default
가방-토트/쇼퍼,MWTGSTA04BK001,Aren 패브릭 토트,,https://kr.mcmworldwide.com/ko_KR/%EA%B0%80%EB%B0%A9/%ED%86%A0%ED%8A%B8%EB%B0%B1-%EC%87%BC%ED%8D%BC%EB%B0%B1/aren-%ED%8C%A8%EB%B8%8C%EB%A6%AD-%ED%86%A0%ED%8A%B8/MWTGSTA04BK001.html?cgid=bags-totes-shoppers,https://images.mcmworldwide.com/i/mcmworldwide/MWTGSTA04BK001_01/aren-black-l?$medium$&fmt=auto&qlt=default
가방-토트/쇼퍼,MMTGSTA02CO001,Aren 비세토스 패커블 토트,,https://kr.mcmworldwide.com/ko_KR/%EA%B0%80%EB%B0%A9/%ED%86%A0%ED%8A%B8%EB%B0%B1-%EC%87%BC%ED%8D%BC%EB%B0%B1/aren-%EB%B9%84%EC%84%B8%ED%86%A0%EC%8A%A4-%ED%8C%A8%EC%BB%A4%EB%B8%94-%ED%86%A0%ED%8A%B8/MMTGSTA02CO001.html?cgid=bags-totes-shoppers,https://images.mcmworldwide.com/i/mcmworldwide/MMTGSTA02CO001_01/aren-cognac-l?$medium$&fmt=auto&qlt=default
가방-토트/쇼퍼,MWPGAUP02BK001,MCM X ATEEZ with MINGI Toni 탑 지퍼 비세토스 쇼퍼,,https://kr.mcmworldwide.com/ko_KR/%EA%B0%80%EB%B0%A9/%ED%86%A0%ED%8A%B8%EB%B0%B1-%EC%87%BC%ED%8D%BC%EB%B0%B1/mcm-x-ateez-with-mingi-toni-%ED%83%91-%EC%A7%80%ED%8D%BC-%EB%B9%84%EC%84%B8%ED%86%A0%EC%8A%A4-%EC%87%BC%ED%8D%BC/MWPGAUP02BK001.html?cgid=bags-totes-shoppers,https://images.mcmworldwide.com/i/mcmworldwide/MWPGAUP02BK001_01/mcm-x-ateez-with-mingi-toni-black-?$medium$&fmt=auto&qlt=default
가방-토트/쇼퍼,MWPGSMT12L8001,Toni 그라데이션 탑 지퍼 쇼퍼,,https://kr.mcmworldwide.com/ko_KR/%EA%B0%80%EB%B0%A9/%ED%86%A0%ED%8A%B8%EB%B0%B1-%EC%87%BC%ED%8D%BC%EB%B0%B1/toni-%EA%B7%B8%EB%9D%BC%EB%8D%B0%EC%9D%B4%EC%85%98-%ED%83%91-%EC%A7%80%ED%8D%BC-%EC%87%BC%ED%8D%BC/MWPGSMT12L8001.html?cgid=bags-totes-shoppers,https://images.mcmworldwide.com/i/mcmworldwide/MWPGSMT12L8001_01/toni-della-robbia-blue-m?$medium$&fmt=auto&qlt=default
가방-토트/쇼퍼,MWTESBO06CO001,München 비세토스 토트,,https://kr.mcmworldwide.com/ko_KR/%EA%B0%80%EB%B0%A9/%ED%86%A0%ED%8A%B8%EB%B0%B1-%EC%87%BC%ED%8D%BC%EB%B0%B1/m%C3%BCnchen-%EB%B9%84%EC%84%B8%ED%86%A0%EC%8A%A4-%ED%86%A0%ED%8A%B8/MWTESBO06CO001.html?cgid=bags-totes-shoppers,https://images.mcmworldwide.com/i/mcmworldwide/MWTESBO06CO001_01/m-nchen-cognac-l?$medium$&fmt=auto&qlt=default
가방-토트/쇼퍼,MWPESAC04BK001,Himmel 엠보스드 로고 레더 쇼퍼,,https://kr.mcmworldwide.com/ko_KR/%EA%B0%80%EB%B0%A9/%ED%86%A0%ED%8A%B8%EB%B0%B1-%EC%87%BC%ED%8D%BC%EB%B0%B1/himmel-%EC%97%A0%EB%B3%B4%EC%8A%A4%EB%93%9C-%EB%A1%9C%EA%B3%A0-%EB%A0%88%EB%8D%94-%EC%87%BC%ED%8D%BC/MWPESAC04BK001.html?cgid=bags-totes-shoppers,https://images.mcmworldwide.com/i/mcmworldwide/MWPESAC04BK001_01/himmel-black-?$medium$&fmt=auto&qlt=default
가방-토트/쇼퍼,MWPFATA01BK001,Aren ECONYL®과 가죽 마마 쇼퍼,,https://kr.mcmworldwide.com/ko_KR/%EA%B0%80%EB%B0%A9/%ED%86%A0%ED%8A%B8%EB%B0%B1-%EC%87%BC%ED%8D%BC%EB%B0%B1/aren-econyl%C2%AE%EA%B3%BC-%EA%B0%80%EC%A3%BD-%EB%A7%88%EB%A7%88-%EC%87%BC%ED%8D%BC/MWPFATA01BK001.html?cgid=bags-totes-shoppers,https://kr.mcmworldwide.com/on/demandware.static/-/Sites-MCM_Master_Product_Catalog/default/dw762b7dc1/akeneo-entity/9/a/d/e/9ade2994012b05f550482e6a474a6eb2c21788d5_Icon_SUST.png
가방-토트/쇼퍼,MWPFSTA04BK001,재생 나일론 및 모노그램 프린트 가죽 소재의 Aren 쇼퍼,,https://kr.mcmworldwide.com/ko_KR/%EA%B0%80%EB%B0%A9/%ED%86%A0%ED%8A%B8%EB%B0%B1-%EC%87%BC%ED%8D%BC%EB%B0%B1/%EC%9E%AC%EC%83%9D-%EB%82%98%EC%9D%BC%EB%A1%A0-%EB%B0%8F-%EB%AA%A8%EB%85%B8%EA%B7%B8%EB%9E%A8-%ED%94%84%EB%A6%B0%ED%8A%B8-%EA%B0%80%EC%A3%BD-%EC%86%8C%EC%9E%AC%EC%9D%98-aren-%EC%87%BC%ED%8D%BC/MWPFSTA04BK001.html?cgid=bags-totes-shoppers,https://images.mcmworldwide.com/i/mcmworldwide/MWPFSTA04BK001_01/-aren-black-?$medium$&fmt=auto&qlt=default
가방-토트/쇼퍼,MMTGATA01BK001,Aren 노바 모노그램 ECONYL® 토트,,https://kr.mcmworldwide.com/ko_KR/%EA%B0%80%EB%B0%A9/%ED%86%A0%ED%8A%B8%EB%B0%B1-%EC%87%BC%ED%8D%BC%EB%B0%B1/aren-%EB%85%B8%EB%B0%94-%EB%AA%A8%EB%85%B8%EA%B7%B8%EB%9E%A8-econyl%C2%AE-%ED%86%A0%ED%8A%B8/MMTGATA01BK001.html?cgid=bags-totes-shoppers,https://kr.mcmworldwide.com/on/demandware.static/-/Sites-MCM_Master_Product_Catalog/default/dw762b7dc1/akeneo-entity/9/a/d/e/9ade2994012b05f550482e6a474a6eb2c21788d5_Icon_SUST.png
가방-토트/쇼퍼,MMTGATA02MT001,Aren 노바 나일론 토트,,https://kr.mcmworldwide.com/ko_KR/%EA%B0%80%EB%B0%A9/%ED%86%A0%ED%8A%B8%EB%B0%B1-%EC%87%BC%ED%8D%BC%EB%B0%B1/aren-%EB%85%B8%EB%B0%94-%EB%82%98%EC%9D%BC%EB%A1%A0-%ED%86%A0%ED%8A%B8/MMTGATA02MT001.html?cgid=bags-totes-shoppers,https://images.mcmworldwide.com/i/mcmworldwide/MMTGATA02MT001_01/aren-multi-x-?$medium$&fmt=auto&qlt=default
가방-토트/쇼퍼,MMTFATA01BK001,Aren 비세토스 N/S 토트,,https://kr.mcmworldwide.com/ko_KR/%EA%B0%80%EB%B0%A9/%ED%86%A0%ED%8A%B8%EB%B0%B1-%EC%87%BC%ED%8D%BC%EB%B0%B1/aren-%EB%B9%84%EC%84%B8%ED%86%A0%EC%8A%A4-n%2Fs-%ED%86%A0%ED%8A%B8/MMTFATA01BK001.html?cgid=bags-totes-shoppers,https://images.mcmworldwide.com/i/mcmworldwide/MMTFATA01BK001_01/aren-n-s-black-l?$medium$&fmt=auto&qlt=default
가방-토트/쇼퍼,MWPGAUP02CO001,MCM X ATEEZ with MINGI Toni 탑 지퍼 비세토스 쇼퍼,,https://kr.mcmworldwide.com/ko_KR/%EA%B0%80%EB%B0%A9/%ED%86%A0%ED%8A%B8%EB%B0%B1-%EC%87%BC%ED%8D%BC%EB%B0%B1/mcm-x-ateez-with-mingi-toni-%ED%83%91-%EC%A7%80%ED%8D%BC-%EB%B9%84%EC%84%B8%ED%86%A0%EC%8A%A4-%EC%87%BC%ED%8D%BC/MWPGAUP02CO001.html?cgid=bags-totes-shoppers,https://images.mcmworldwide.com/i/mcmworldwide/MWPGAUP02CO001_01/mcm-x-ateez-with-mingi-toni-cognac-?$medium$&fmt=auto&qlt=default
가방-토트/쇼퍼,MWTCABO07CO001,뮌헨 비세토스 토트,,https://kr.mcmworldwide.com/ko_KR/%EA%B0%80%EB%B0%A9/%ED%86%A0%ED%8A%B8%EB%B0%B1-%EC%87%BC%ED%8D%BC%EB%B0%B1/%EB%AE%8C%ED%97%A8-%EB%B9%84%EC%84%B8%ED%86%A0%EC%8A%A4-%ED%86%A0%ED%8A%B8/MWTCABO07CO001.html?cgid=bags-totes-shoppers,https://images.mcmworldwide.com/i/mcmworldwide/MWTCABO07CO001_01/-cognac-s?$medium$&fmt=auto&qlt=default
가방-토트/쇼퍼,MMTGATA03BK001,Aren 노바 나일론 토트,,https://kr.mcmworldwide.com/ko_KR/%EA%B0%80%EB%B0%A9/%ED%86%A0%ED%8A%B8%EB%B0%B1-%EC%87%BC%ED%8D%BC%EB%B0%B1/aren-%EB%85%B8%EB%B0%94-%EB%82%98%EC%9D%BC%EB%A1%A0-%ED%86%A0%ED%8A%B8/MMTGATA03BK001.html?cgid=bags-totes-shoppers,https://kr.mcmworldwide.com/on/demandware.static/-/Sites-MCM_Master_Product_Catalog/default/dw762b7dc1/akeneo-entity/9/a/d/e/9ade2994012b05f550482e6a474a6eb2c21788d5_Icon_SUST.png
가방-토트/쇼퍼,MWPGAMT01CO001,Toni 디스코 비세토스 탑 지퍼 쇼퍼,,https://kr.mcmworldwide.com/ko_KR/%EA%B0%80%EB%B0%A9/%ED%86%A0%ED%8A%B8%EB%B0%B1-%EC%87%BC%ED%8D%BC%EB%B0%B1/toni-%EB%94%94%EC%8A%A4%EC%BD%94-%EB%B9%84%EC%84%B8%ED%86%A0%EC%8A%A4-%ED%83%91-%EC%A7%80%ED%8D%BC-%EC%87%BC%ED%8D%BC/MWPGAMT01CO001.html?cgid=bags-totes-shoppers,https://images.mcmworldwide.com/i/mcmworldwide/MWPGAMT01CO001_01/toni-cognac-m?$medium$&fmt=auto&qlt=default
가방-숄더/크로스,MWSGAXT03CO001,Tracy 비세토스 숄더백,,https://kr.mcmworldwide.com/ko_KR/%EA%B0%80%EB%B0%A9/%EC%88%84%EB%8D%94%EB%B0%B1-%ED%81%AC%EB%A1%9C%EC%8A%A4%EB%B0%B1/tracy-%EB%B9%84%EC%84%B8%ED%86%A0%EC%8A%A4-%EC%88%84%EB%8D%94%EB%B0%B1/MWSGAXT03CO001.html?cgid=bags-shoulder-crossbody-bags,https://images.mcmworldwide.com/i/mcmworldwide/MWSGAXT03CO001_01/tracy-cognac-s?$medium$&fmt=auto&qlt=default
가방-숄더/크로스,MWHGAXT03CO001,Tracy 비세토스 호보,,https://kr.mcmworldwide.com/ko_KR/%EA%B0%80%EB%B0%A9/%EC%88%84%EB%8D%94%EB%B0%B1-%ED%81%AC%EB%A1%9C%EC%8A%A4%EB%B0%B1/tracy-%EB%B9%84%EC%84%B8%ED%86%A0%EC%8A%A4-%ED%98%B8%EB%B3%B4/MWHGAXT03CO001.html?cgid=bags-shoulder-crossbody-bags,https://images.mcmworldwide.com/i/mcmworldwide/MWHGAXT03CO001_01/tracy-cognac-l?$medium$&fmt=auto&qlt=default
가방-숄더/크로스,MWRGAOB03BK001,Pina 스터드 장식 카프스킨 탬버린 백,,https://kr.mcmworldwide.com/ko_KR/%EA%B0%80%EB%B0%A9/%EC%88%84%EB%8D%94%EB%B0%B1-%ED%81%AC%EB%A1%9C%EC%8A%A4%EB%B0%B1/pina-%EC%8A%A4%ED%84%B0%EB%93%9C-%EC%9E%A5%EC%8B%9D-%EC%B9%B4%ED%94%84%EC%8A%A4%ED%82%A8-%ED%83%AC%EB%B2%84%EB%A6%B0-%EB%B0%B1/MWRGAOB03BK001.html?cgid=bags-shoulder-crossbody-bags,https://images.mcmworldwide.com/i/mcmworldwide/MWRGAOB03BK001_01/pina-black-s?$medium$&fmt=auto&qlt=default
가방-숄더/크로스,MWRGAOB01CO001,Pina 비세토스 탬버린 백,,https://kr.mcmworldwide.com/ko_KR/%EA%B0%80%EB%B0%A9/%EC%88%84%EB%8D%94%EB%B0%B1-%ED%81%AC%EB%A1%9C%EC%8A%A4%EB%B0%B1/pina-%EB%B9%84%EC%84%B8%ED%86%A0%EC%8A%A4-%ED%83%AC%EB%B2%84%EB%A6%B0-%EB%B0%B1-/MWRGAOB01CO001.html?cgid=bags-shoulder-crossbody-bags,https://images.mcmworldwide.com/i/mcmworldwide/MWRGAOB01CO001_01/pina-cognac-s?$medium$&fmt=auto&qlt=default
가방-숄더/크로스,MWDGADU01CO001,Dessau 비세토스 드로우스트링 백,,https://kr.mcmworldwide.com/ko_KR/%EA%B0%80%EB%B0%A9/%EC%88%84%EB%8D%94%EB%B0%B1-%ED%81%AC%EB%A1%9C%EC%8A%A4%EB%B0%B1/dessau-%EB%B9%84%EC%84%B8%ED%86%A0%EC%8A%A4-%EB%93%9C%EB%A1%9C%EC%9A%B0%EC%8A%A4%ED%8A%B8%EB%A7%81-%EB%B0%B1/MWDGADU01CO001.html?cgid=bags-shoulder-crossbody-bags,https://images.mcmworldwide.com/i/mcmworldwide/MWDGADU01CO001_01/dessau-cognac-?$medium$&fmt=auto&qlt=default
가방-숄더/크로스,MWDGADU03BK001,Pina 스터드 장식 카프스킨 드로우스트링 백,,https://kr.mcmworldwide.com/ko_KR/%EA%B0%80%EB%B0%A9/%EC%88%84%EB%8D%94%EB%B0%B1-%ED%81%AC%EB%A1%9C%EC%8A%A4%EB%B0%B1/pina-%EC%8A%A4%ED%84%B0%EB%93%9C-%EC%9E%A5%EC%8B%9D-%EC%B9%B4%ED%94%84%EC%8A%A4%ED%82%A8-%EB%93%9C%EB%A1%9C%EC%9A%B0%EC%8A%A4%ED%8A%B8%EB%A7%81-%EB%B0%B1/MWDGADU03BK001.html?cgid=bags-shoulder-crossbody-bags,https://images.mcmworldwide.com/i/mcmworldwide/MWDGADU03BK001_01/pina-black-?$medium$&fmt=auto&qlt=default
가방-숄더/크로스,MWRGATA01BK001,Pina 스터드 장식 카프스킨 베니티 케이스,,https://kr.mcmworldwide.com/ko_KR/%EA%B0%80%EB%B0%A9/%EC%88%84%EB%8D%94%EB%B0%B1-%ED%81%AC%EB%A1%9C%EC%8A%A4%EB%B0%B1/pina-%EC%8A%A4%ED%84%B0%EB%93%9C-%EC%9E%A5%EC%8B%9D-%EC%B9%B4%ED%94%84%EC%8A%A4%ED%82%A8-%EB%B2%A0%EB%8B%88%ED%8B%B0-%EC%BC%80%EC%9D%B4%EC%8A%A4/MWRGATA01BK001.html?cgid=bags-shoulder-crossbody-bags,https://images.mcmworldwide.com/i/mcmworldwide/MWRGATA01BK001_01/pina-black-?$medium$&fmt=auto&qlt=default
가방-숄더/크로스,MWRGATA05CO001,Aren 비세토스 레더 믹스 베니티 케이스,,https://kr.mcmworldwide.com/ko_KR/%EA%B0%80%EB%B0%A9/%EC%88%84%EB%8D%94%EB%B0%B1-%ED%81%AC%EB%A1%9C%EC%8A%A4%EB%B0%B1/aren-%EB%B9%84%EC%84%B8%ED%86%A0%EC%8A%A4-%EB%A0%88%EB%8D%94-%EB%AF%B9%EC%8A%A4-%EB%B2%A0%EB%8B%88%ED%8B%B0-%EC%BC%80%EC%9D%B4%EC%8A%A4/MWRGATA05CO001.html?cgid=bags-shoulder-crossbody-bags,https://images.mcmworldwide.com/i/mcmworldwide/MWRGATA05CO001_01/aren-cognac-s?$medium$&fmt=auto&qlt=default
가방-숄더/크로스,MWRGATA05BK001,Aren 비세토스 레더 믹스 베니티 케이스,,https://kr.mcmworldwide.com/ko_KR/%EA%B0%80%EB%B0%A9/%EC%88%84%EB%8D%94%EB%B0%B1-%ED%81%AC%EB%A1%9C%EC%8A%A4%EB%B0%B1/aren-%EB%B9%84%EC%84%B8%ED%86%A0%EC%8A%A4-%EB%A0%88%EB%8D%94-%EB%AF%B9%EC%8A%A4-%EB%B2%A0%EB%8B%88%ED%8B%B0-%EC%BC%80%EC%9D%B4%EC%8A%A4/MWRGATA05BK001.html?cgid=bags-shoulder-crossbody-bags,https://images.mcmworldwide.com/i/mcmworldwide/MWRGATA05BK001_01/aren-black-s?$medium$&fmt=auto&qlt=default
가방-숄더/크로스,MWRGSTA02CO001,Aren 비세토스 레더 믹스 베니티 케이스,,https://kr.mcmworldwide.com/ko_KR/%EA%B0%80%EB%B0%A9/%EC%88%84%EB%8D%94%EB%B0%B1-%ED%81%AC%EB%A1%9C%EC%8A%A4%EB%B0%B1/aren-%EB%B9%84%EC%84%B8%ED%86%A0%EC%8A%A4-%EB%A0%88%EB%8D%94-%EB%AF%B9%EC%8A%A4-%EB%B2%A0%EB%8B%88%ED%8B%B0-%EC%BC%80%EC%9D%B4%EC%8A%A4/MWRGSTA02CO001.html?cgid=bags-shoulder-crossbody-bags,https://images.mcmworldwide.com/i/mcmworldwide/MWRGSTA02CO001_01/aren-cognac-?$medium$&fmt=auto&qlt=default
가방-숄더/크로스,MWRGSTA02PZ001,Aren 비세토스 레더 믹스 베니티 케이스,,https://kr.mcmworldwide.com/ko_KR/%EA%B0%80%EB%B0%A9/%EC%88%84%EB%8D%94%EB%B0%B1-%ED%81%AC%EB%A1%9C%EC%8A%A4%EB%B0%B1/aren-%EB%B9%84%EC%84%B8%ED%86%A0%EC%8A%A4-%EB%A0%88%EB%8D%94-%EB%AF%B9%EC%8A%A4-%EB%B2%A0%EB%8B%88%ED%8B%B0-%EC%BC%80%EC%9D%B4%EC%8A%A4/MWRGSTA02PZ001.html?cgid=bags-shoulder-crossbody-bags,https://images.mcmworldwide.com/i/mcmworldwide/MWRGSTA02PZ001_01/aren-soft-pink-?$medium$&fmt=auto&qlt=default
가방-숄더/크로스,MWRGSTA01BK001,Aren 맥시 모노그램 레더 베니티 케이스,,https://kr.mcmworldwide.com/ko_KR/%EA%B0%80%EB%B0%A9/%EC%88%84%EB%8D%94%EB%B0%B1-%ED%81%AC%EB%A1%9C%EC%8A%A4%EB%B0%B1/aren-%EB%A7%A5%EC%8B%9C-%EB%AA%A8%EB%85%B8%EA%B7%B8%EB%9E%A8-%EB%A0%88%EB%8D%94-%EB%B2%A0%EB%8B%88%ED%8B%B0-%EC%BC%80%EC%9D%B4%EC%8A%A4/MWRGSTA01BK001.html?cgid=bags-shoulder-crossbody-bags,https://images.mcmworldwide.com/i/mcmworldwide/MWRGSTA01BK001_01/aren-black-?$medium$&fmt=auto&qlt=default
가방-숄더/크로스,MWRGSTA01OQ001,Aren 맥시 모노그램 레더 베니티 케이스,,https://kr.mcmworldwide.com/ko_KR/%EA%B0%80%EB%B0%A9/%EC%88%84%EB%8D%94%EB%B0%B1-%ED%81%AC%EB%A1%9C%EC%8A%A4%EB%B0%B1/aren-%EB%A7%A5%EC%8B%9C-%EB%AA%A8%EB%85%B8%EA%B7%B8%EB%9E%A8-%EB%A0%88%EB%8D%94-%EB%B2%A0%EB%8B%88%ED%8B%B0-%EC%BC%80%EC%9D%B4%EC%8A%A4/MWRGSTA01OQ001.html?cgid=bags-shoulder-crossbody-bags,https://images.mcmworldwide.com/i/mcmworldwide/MWRGSTA01OQ001_01/aren-orangeade-?$medium$&fmt=auto&qlt=default
가방-숄더/크로스,MWRGSTA01QA001,Aren 맥시 모노그램 레더 베니티 케이스,,https://kr.mcmworldwide.com/ko_KR/%EA%B0%80%EB%B0%A9/%EC%88%84%EB%8D%94%EB%B0%B1-%ED%81%AC%EB%A1%9C%EC%8A%A4%EB%B0%B1/aren-%EB%A7%A5%EC%8B%9C-%EB%AA%A8%EB%85%B8%EA%B7%B8%EB%9E%A8-%EB%A0%88%EB%8D%94-%EB%B2%A0%EB%8B%88%ED%8B%B0-%EC%BC%80%EC%9D%B4%EC%8A%A4/MWRGSTA01QA001.html?cgid=bags-shoulder-crossbody-bags,https://images.mcmworldwide.com/i/mcmworldwide/MWRGSTA01QA001_01/aren-lotus-pink-?$medium$&fmt=auto&qlt=default
가방-숄더/크로스,MWSGSTA02CO001,Aren 비세토스 E/W 숄더백,,https://kr.mcmworldwide.com/ko_KR/%EA%B0%80%EB%B0%A9/%EC%88%84%EB%8D%94%EB%B0%B1-%ED%81%AC%EB%A1%9C%EC%8A%A4%EB%B0%B1/aren-%EB%B9%84%EC%84%B8%ED%86%A0%EC%8A%A4-e%2Fw-%EC%88%84%EB%8D%94%EB%B0%B1/MWSGSTA02CO001.html?cgid=bags-shoulder-crossbody-bags,https://images.mcmworldwide.com/i/mcmworldwide/MWSGSTA02CO001_01/aren-e-w-cognac-s?$medium$&fmt=auto&qlt=default
가방-숄더/크로스,MWSGATA01BK001,Aren 비세토스 E/W 숄더백,,https://kr.mcmworldwide.com/ko_KR/%EA%B0%80%EB%B0%A9/%EC%88%84%EB%8D%94%EB%B0%B1-%ED%81%AC%EB%A1%9C%EC%8A%A4%EB%B0%B1/aren-%EB%B9%84%EC%84%B8%ED%86%A0%EC%8A%A4-e%2Fw-%EC%88%84%EB%8D%94%EB%B0%B1/MWSGATA01BK001.html?cgid=bags-shoulder-crossbody-bags,https://images.mcmworldwide.com/i/mcmworldwide/MWSGATA01BK001_01/aren-e-w-black-s?$medium$&fmt=auto&qlt=default
가방-숄더/크로스,MWSGATA01PZ001,Aren 비세토스 E/W 숄더백,,https://kr.mcmworldwide.com/ko_KR/%EA%B0%80%EB%B0%A9/%EC%88%84%EB%8D%94%EB%B0%B1-%ED%81%AC%EB%A1%9C%EC%8A%A4%EB%B0%B1/aren-%EB%B9%84%EC%84%B8%ED%86%A0%EC%8A%A4-e%2Fw-%EC%88%84%EB%8D%94%EB%B0%B1/MWSGATA01PZ001.html?cgid=bags-shoulder-crossbody-bags,https://images.mcmworldwide.com/i/mcmworldwide/MWSGATA01PZ001_01/aren-e-w-soft-pink-s?$medium$&fmt=auto&qlt=default
가방-숄더/크로스,MWSGATA01I8001,Aren 비세토스 E/W 숄더백,,https://kr.mcmworldwide.com/ko_KR/%EA%B0%80%EB%B0%A9/%EC%88%84%EB%8D%94%EB%B0%B1-%ED%81%AC%EB%A1%9C%EC%8A%A4%EB%B0%B1/aren-%EB%B9%84%EC%84%B8%ED%86%A0%EC%8A%A4-e%2Fw-%EC%88%84%EB%8D%94%EB%B0%B1/MWSGATA01I8001.html?cgid=bags-shoulder-crossbody-bags,https://images.mcmworldwide.com/i/mcmworldwide/MWSGATA01I8001_01/aren-e-w-beige-black-s?$medium$&fmt=auto&qlt=default
가방-숄더/크로스,MWSGSTA01OQ001,Aren 맥시 모노그램 레더 E/W 숄더백,,https://kr.mcmworldwide.com/ko_KR/%EA%B0%80%EB%B0%A9/%EC%88%84%EB%8D%94%EB%B0%B1-%ED%81%AC%EB%A1%9C%EC%8A%A4%EB%B0%B1/aren-%EB%A7%A5%EC%8B%9C-%EB%AA%A8%EB%85%B8%EA%B7%B8%EB%9E%A8-%EB%A0%88%EB%8D%94-e%2Fw-%EC%88%84%EB%8D%94%EB%B0%B1/MWSGSTA01OQ001.html?cgid=bags-shoulder-crossbody-bags,https://images.mcmworldwide.com/i/mcmworldwide/MWSGSTA01OQ001_01/aren-e-w-orangeade-s?$medium$&fmt=auto&qlt=default
가방-숄더/크로스,MWSGSTA01QA001,Aren 맥시 모노그램 레더 E/W 숄더백,,https://kr.mcmworldwide.com/ko_KR/%EA%B0%80%EB%B0%A9/%EC%88%84%EB%8D%94%EB%B0%B1-%ED%81%AC%EB%A1%9C%EC%8A%A4%EB%B0%B1/aren-%EB%A7%A5%EC%8B%9C-%EB%AA%A8%EB%85%B8%EA%B7%B8%EB%9E%A8-%EB%A0%88%EB%8D%94-e%2Fw-%EC%88%84%EB%8D%94%EB%B0%B1/MWSGSTA01QA001.html?cgid=bags-shoulder-crossbody-bags,https://images.mcmworldwide.com/i/mcmworldwide/MWSGSTA01QA001_01/aren-e-w-lotus-pink-s?$medium$&fmt=auto&qlt=default
가방-숄더/크로스,MWBFAEA01CO001,Ella 비세토스 보스턴 백,,https://kr.mcmworldwide.com/ko_KR/%EA%B0%80%EB%B0%A9/%EC%88%84%EB%8D%94%EB%B0%B1-%ED%81%AC%EB%A1%9C%EC%8A%A4%EB%B0%B1/ella-%EB%B9%84%EC%84%B8%ED%86%A0%EC%8A%A4-%EB%B3%B4%EC%8A%A4%ED%84%B4-%EB%B0%B1/MWBFAEA01CO001.html?cgid=bags-shoulder-crossbody-bags,https://images.mcmworldwide.com/i/mcmworldwide/MWBFAEA01CO001_01/ella-cognac-m?$medium$&fmt=auto&qlt=default
가방-숄더/크로스,MWBFAEA03CO001,Ella 비세토스 보스턴 백,,https://kr.mcmworldwide.com/ko_KR/%EA%B0%80%EB%B0%A9/%EC%88%84%EB%8D%94%EB%B0%B1-%ED%81%AC%EB%A1%9C%EC%8A%A4%EB%B0%B1/ella-%EB%B9%84%EC%84%B8%ED%86%A0%EC%8A%A4-%EB%B3%B4%EC%8A%A4%ED%84%B4-%EB%B0%B1/MWBFAEA03CO001.html?cgid=bags-shoulder-crossbody-bags,https://images.mcmworldwide.com/i/mcmworldwide/MWBFAEA03CO001_01/ella-cognac-s?$medium$&fmt=auto&qlt=default
가방-숄더/크로스,MWBFAEA03BK001,Ella 비세토스 보스턴 백,,https://kr.mcmworldwide.com/ko_KR/%EA%B0%80%EB%B0%A9/%EC%88%84%EB%8D%94%EB%B0%B1-%ED%81%AC%EB%A1%9C%EC%8A%A4%EB%B0%B1/ella-%EB%B9%84%EC%84%B8%ED%86%A0%EC%8A%A4-%EB%B3%B4%EC%8A%A4%ED%84%B4-%EB%B0%B1/MWBFAEA03BK001.html?cgid=bags-shoulder-crossbody-bags,https://images.mcmworldwide.com/i/mcmworldwide/MWBFAEA03BK001_01/ella-black-s?$medium$&fmt=auto&qlt=default
가방-숄더/크로스,MWBESEA02PZ001,Ella 비세토스 보스턴 백,,https://kr.mcmworldwide.com/ko_KR/%EA%B0%80%EB%B0%A9/%EC%88%84%EB%8D%94%EB%B0%B1-%ED%81%AC%EB%A1%9C%EC%8A%A4%EB%B0%B1/ella-%EB%B9%84%EC%84%B8%ED%86%A0%EC%8A%A4-%EB%B3%B4%EC%8A%A4%ED%84%B4-%EB%B0%B1/MWBESEA02PZ001.html?cgid=bags-shoulder-crossbody-bags,https://images.mcmworldwide.com/i/mcmworldwide/MWBESEA02PZ001_01/ella-soft-pink-s?$medium$&fmt=auto&qlt=default
가방-숄더/크로스,MWBGSEA024B001,Ella 맥시 비세토스 보스턴 백,,https://kr.mcmworldwide.com/ko_KR/%EA%B0%80%EB%B0%A9/%EC%88%84%EB%8D%94%EB%B0%B1-%ED%81%AC%EB%A1%9C%EC%8A%A4%EB%B0%B1/ella-%EB%A7%A5%EC%8B%9C-%EB%B9%84%EC%84%B8%ED%86%A0%EC%8A%A4-%EB%B3%B4%EC%8A%A4%ED%84%B4-%EB%B0%B1/MWBGSEA024B001.html?cgid=bags-shoulder-crossbody-bags,https://images.mcmworldwide.com/i/mcmworldwide/MWBGSEA024B001_01/ella-cinnamon-s?$medium$&fmt=auto&qlt=default
가방-숄더/크로스,MWBGAUP02CO001,MCM X ATEEZ with MINGI Ella 비세토스 보스턴,,https://kr.mcmworldwide.com/ko_KR/%EA%B0%80%EB%B0%A9/%EC%88%84%EB%8D%94%EB%B0%B1-%ED%81%AC%EB%A1%9C%EC%8A%A4%EB%B0%B1/mcm-x-ateez-with-mingi-ella-%EB%B9%84%EC%84%B8%ED%86%A0%EC%8A%A4-%EB%B3%B4%EC%8A%A4%ED%84%B4/MWBGAUP02CO001.html?cgid=bags-shoulder-crossbody-bags,https://images.mcmworldwide.com/i/mcmworldwide/MWBGAUP02CO001_01/mcm-x-ateez-with-mingi-ella-cognac-s?$medium$&fmt=auto&qlt=default
가방-숄더/크로스,MWBGSEA03QA001,Ella 맥시 모노그램 레더 보스턴 백,,https://kr.mcmworldwide.com/ko_KR/%EA%B0%80%EB%B0%A9/%EC%88%84%EB%8D%94%EB%B0%B1-%ED%81%AC%EB%A1%9C%EC%8A%A4%EB%B0%B1/ella-%EB%A7%A5%EC%8B%9C-%EB%AA%A8%EB%85%B8%EA%B7%B8%EB%9E%A8-%EB%A0%88%EB%8D%94-%EB%B3%B4%EC%8A%A4%ED%84%B4-%EB%B0%B1/MWBGSEA03QA001.html?cgid=bags-shoulder-crossbody-bags,https://images.mcmworldwide.com/i/mcmworldwide/MWBGSEA03QA001_01/ella-lotus-pink-s?$medium$&fmt=auto&qlt=default
가방-숄더/크로스,MWBGAUP01CO001,MCM X ATEEZ with MINGI Ella 비세토스 보스턴,,https://kr.mcmworldwide.com/ko_KR/%EA%B0%80%EB%B0%A9/%EC%88%84%EB%8D%94%EB%B0%B1-%ED%81%AC%EB%A1%9C%EC%8A%A4%EB%B0%B1/mcm-x-ateez-with-mingi-ella-%EB%B9%84%EC%84%B8%ED%86%A0%EC%8A%A4-%EB%B3%B4%EC%8A%A4%ED%84%B4/MWBGAUP01CO001.html?cgid=bags-shoulder-crossbody-bags,https://images.mcmworldwide.com/i/mcmworldwide/MWBGAUP01CO001_01/mcm-x-ateez-with-mingi-ella-cognac-?$medium$&fmt=auto&qlt=default
가방-숄더/크로스,MWBESEA01CO001,Ella 비세토스 보스턴 백,,https://kr.mcmworldwide.com/ko_KR/%EA%B0%80%EB%B0%A9/%EC%88%84%EB%8D%94%EB%B0%B1-%ED%81%AC%EB%A1%9C%EC%8A%A4%EB%B0%B1/ella-%EB%B9%84%EC%84%B8%ED%86%A0%EC%8A%A4-%EB%B3%B4%EC%8A%A4%ED%84%B4-%EB%B0%B1/MWBESEA01CO001.html?cgid=bags-shoulder-crossbody-bags,https://images.mcmworldwide.com/i/mcmworldwide/MWBESEA01CO001_01/ella-cognac-?$medium$&fmt=auto&qlt=default
가방-숄더/크로스,MWBESEA01BK001,Ella 비세토스 보스턴 백,,https://kr.mcmworldwide.com/ko_KR/%EA%B0%80%EB%B0%A9/%EC%88%84%EB%8D%94%EB%B0%B1-%ED%81%AC%EB%A1%9C%EC%8A%A4%EB%B0%B1/ella-%EB%B9%84%EC%84%B8%ED%86%A0%EC%8A%A4-%EB%B3%B4%EC%8A%A4%ED%84%B4-%EB%B0%B1/MWBESEA01BK001.html?cgid=bags-shoulder-crossbody-bags,https://images.mcmworldwide.com/i/mcmworldwide/MWBESEA01BK001_01/ella-black-?$medium$&fmt=auto&qlt=default
가방-숄더/크로스,MWBESEA01PZ001,Ella 비세토스 보스턴 백,,https://kr.mcmworldwide.com/ko_KR/%EA%B0%80%EB%B0%A9/%EC%88%84%EB%8D%94%EB%B0%B1-%ED%81%AC%EB%A1%9C%EC%8A%A4%EB%B0%B1/ella-%EB%B9%84%EC%84%B8%ED%86%A0%EC%8A%A4-%EB%B3%B4%EC%8A%A4%ED%84%B4-%EB%B0%B1/MWBESEA01PZ001.html?cgid=bags-shoulder-crossbody-bags,https://images.mcmworldwide.com/i/mcmworldwide/MWBESEA01PZ001_01/ella-soft-pink-?$medium$&fmt=auto&qlt=default
가방-숄더/크로스,MWBAASE03CO001,비세토스 오리지널 보스턴 백,,https://kr.mcmworldwide.com/ko_KR/%EA%B0%80%EB%B0%A9/%EC%88%84%EB%8D%94%EB%B0%B1-%ED%81%AC%EB%A1%9C%EC%8A%A4%EB%B0%B1/%EB%B9%84%EC%84%B8%ED%86%A0%EC%8A%A4-%EC%98%A4%EB%A6%AC%EC%A7%80%EB%84%90-%EB%B3%B4%EC%8A%A4%ED%84%B4-%EB%B0%B1/MWBAASE03CO001.html?cgid=bags-shoulder-crossbody-bags,https://images.mcmworldwide.com/i/mcmworldwide/MWBAASE03CO001_01/-cognac-?$medium$&fmt=auto&qlt=default
가방-숄더/크로스,MWDGSDU03CO001,Dessau 비세토스 드로우스트링 백,,https://kr.mcmworldwide.com/ko_KR/%EA%B0%80%EB%B0%A9/%EC%88%84%EB%8D%94%EB%B0%B1-%ED%81%AC%EB%A1%9C%EC%8A%A4%EB%B0%B1/dessau-%EB%B9%84%EC%84%B8%ED%86%A0%EC%8A%A4-%EB%93%9C%EB%A1%9C%EC%9A%B0%EC%8A%A4%ED%8A%B8%EB%A7%81-%EB%B0%B1/MWDGSDU03CO001.html?cgid=bags-shoulder-crossbody-bags,https://images.mcmworldwide.com/i/mcmworldwide/MWDGSDU03CO001_01/dessau-cognac-m?$medium$&fmt=auto&qlt=default
가방-숄더/크로스,MWDGADU02WT001,Dessau 비세토스 드로우스트링 백,,https://kr.mcmworldwide.com/ko_KR/%EA%B0%80%EB%B0%A9/%EC%88%84%EB%8D%94%EB%B0%B1-%ED%81%AC%EB%A1%9C%EC%8A%A4%EB%B0%B1/dessau-%EB%B9%84%EC%84%B8%ED%86%A0%EC%8A%A4-%EB%93%9C%EB%A1%9C%EC%9A%B0%EC%8A%A4%ED%8A%B8%EB%A7%81-%EB%B0%B1/MWDGADU02WT001.html?cgid=bags-shoulder-crossbody-bags,https://images.mcmworldwide.com/i/mcmworldwide/MWDGADU02WT001_01/dessau-white-m?$medium$&fmt=auto&qlt=default
가방-숄더/크로스,MWDGADU02BK001,Dessau 비세토스 드로우스트링 백,,https://kr.mcmworldwide.com/ko_KR/%EA%B0%80%EB%B0%A9/%EC%88%84%EB%8D%94%EB%B0%B1-%ED%81%AC%EB%A1%9C%EC%8A%A4%EB%B0%B1/dessau-%EB%B9%84%EC%84%B8%ED%86%A0%EC%8A%A4-%EB%93%9C%EB%A1%9C%EC%9A%B0%EC%8A%A4%ED%8A%B8%EB%A7%81-%EB%B0%B1/MWDGADU02BK001.html?cgid=bags-shoulder-crossbody-bags,https://images.mcmworldwide.com/i/mcmworldwide/MWDGADU02BK001_01/dessau-black-m?$medium$&fmt=auto&qlt=default
가방-숄더/크로스,MWDGSDU01QA001,Dessau 맥시 모노그램 레더 드로우스트링 백,,https://kr.mcmworldwide.com/ko_KR/%EA%B0%80%EB%B0%A9/%EC%88%84%EB%8D%94%EB%B0%B1-%ED%81%AC%EB%A1%9C%EC%8A%A4%EB%B0%B1/dessau-%EB%A7%A5%EC%8B%9C-%EB%AA%A8%EB%85%B8%EA%B7%B8%EB%9E%A8-%EB%A0%88%EB%8D%94-%EB%93%9C%EB%A1%9C%EC%9A%B0%EC%8A%A4%ED%8A%B8%EB%A7%81-%EB%B0%B1/MWDGSDU01QA001.html?cgid=bags-shoulder-crossbody-bags,https://images.mcmworldwide.com/i/mcmworldwide/MWDGSDU01QA001_01/dessau-lotus-pink-m?$medium$&fmt=auto&qlt=default
가방-숄더/크로스,MWDGSDU01BK001,Dessau 맥시 모노그램 레더 드로우스트링 백,,https://kr.mcmworldwide.com/ko_KR/%EA%B0%80%EB%B0%A9/%EC%88%84%EB%8D%94%EB%B0%B1-%ED%81%AC%EB%A1%9C%EC%8A%A4%EB%B0%B1/dessau-%EB%A7%A5%EC%8B%9C-%EB%AA%A8%EB%85%B8%EA%B7%B8%EB%9E%A8-%EB%A0%88%EB%8D%94-%EB%93%9C%EB%A1%9C%EC%9A%B0%EC%8A%A4%ED%8A%B8%EB%A7%81-%EB%B0%B1/MWDGSDU01BK001.html?cgid=bags-shoulder-crossbody-bags,https://images.mcmworldwide.com/i/mcmworldwide/MWDGSDU01BK001_01/dessau-black-m?$medium$&fmt=auto&qlt=default
가방-숄더/크로스,MWHGATA014B001,Aren 듀오 호보 맥시 비세토스와 카프스킨,,https://kr.mcmworldwide.com/ko_KR/%EA%B0%80%EB%B0%A9/%EC%88%84%EB%8D%94%EB%B0%B1-%ED%81%AC%EB%A1%9C%EC%8A%A4%EB%B0%B1/aren-%EB%93%80%EC%98%A4-%ED%98%B8%EB%B3%B4-%EB%A7%A5%EC%8B%9C-%EB%B9%84%EC%84%B8%ED%86%A0%EC%8A%A4%EC%99%80-%EC%B9%B4%ED%94%84%EC%8A%A4%ED%82%A8/MWHGATA014B001.html?cgid=bags-shoulder-crossbody-bags,https://images.mcmworldwide.com/i/mcmworldwide/MWHGATA014B001_01/aren-cinnamon-s?$medium$&fmt=auto&qlt=default
가방-숄더/크로스,MWHGSTA04BK001,Aren 비세토스 듀오 호보,,https://kr.mcmworldwide.com/ko_KR/%EA%B0%80%EB%B0%A9/%EC%88%84%EB%8D%94%EB%B0%B1-%ED%81%AC%EB%A1%9C%EC%8A%A4%EB%B0%B1/aren-%EB%B9%84%EC%84%B8%ED%86%A0%EC%8A%A4-%EB%93%80%EC%98%A4-%ED%98%B8%EB%B3%B4/MWHGSTA04BK001.html?cgid=bags-shoulder-crossbody-bags,https://images.mcmworldwide.com/i/mcmworldwide/MWHGSTA04BK001_01/aren-black-s?$medium$&fmt=auto&qlt=default
가방-숄더/크로스,MWHFSTA10BK001,재생 나일론 및 비세토스 소재의 Aren 듀오 호보,,https://kr.mcmworldwide.com/ko_KR/%EA%B0%80%EB%B0%A9/%EC%88%84%EB%8D%94%EB%B0%B1-%ED%81%AC%EB%A1%9C%EC%8A%A4%EB%B0%B1/%EC%9E%AC%EC%83%9D-%EB%82%98%EC%9D%BC%EB%A1%A0-%EB%B0%8F-%EB%B9%84%EC%84%B8%ED%86%A0%EC%8A%A4-%EC%86%8C%EC%9E%AC%EC%9D%98-aren-%EB%93%80%EC%98%A4-%ED%98%B8%EB%B3%B4/MWHFSTA10BK001.html?cgid=bags-shoulder-crossbody-bags,https://images.mcmworldwide.com/i/mcmworldwide/MWHFSTA10BK001_01/-aren-black-s?$medium$&fmt=auto&qlt=default
가방-숄더/크로스,MWHFSTA03CO001,Aren 비세토스 듀오 호보,,https://kr.mcmworldwide.com/ko_KR/%EA%B0%80%EB%B0%A9/%EC%88%84%EB%8D%94%EB%B0%B1-%ED%81%AC%EB%A1%9C%EC%8A%A4%EB%B0%B1/aren-%EB%B9%84%EC%84%B8%ED%86%A0%EC%8A%A4-%EB%93%80%EC%98%A4-%ED%98%B8%EB%B3%B4/MWHFSTA03CO001.html?cgid=bags-shoulder-crossbody-bags,https://images.mcmworldwide.com/i/mcmworldwide/MWHFSTA03CO001_01/aren-cognac-s?$medium$&fmt=auto&qlt=default
가방-숄더/크로스,MWHGSTA04PZ001,Aren 비세토스 듀오 호보,,https://kr.mcmworldwide.com/ko_KR/%EA%B0%80%EB%B0%A9/%EC%88%84%EB%8D%94%EB%B0%B1-%ED%81%AC%EB%A1%9C%EC%8A%A4%EB%B0%B1/aren-%EB%B9%84%EC%84%B8%ED%86%A0%EC%8A%A4-%EB%93%80%EC%98%A4-%ED%98%B8%EB%B3%B4/MWHGSTA04PZ001.html?cgid=bags-shoulder-crossbody-bags,https://images.mcmworldwide.com/i/mcmworldwide/MWHGSTA04PZ001_01/aren-soft-pink-s?$medium$&fmt=auto&qlt=default
가방-숄더/크로스,MMHGATA01CO001,Aren Zip Hobo in Visetos,,https://kr.mcmworldwide.com/ko_KR/%EA%B0%80%EB%B0%A9/%EC%88%84%EB%8D%94%EB%B0%B1-%ED%81%AC%EB%A1%9C%EC%8A%A4%EB%B0%B1/aren-zip-hobo-in-visetos/MMHGATA01CO001.html?cgid=bags-shoulder-crossbody-bags,https://images.mcmworldwide.com/i/mcmworldwide/MMHGATA01CO001_01/aren-zip-hobo-in-visetos-cognac-x-?$medium$&fmt=auto&qlt=default
가방-숄더/크로스,MWHESTA02CO001,Aren 비세토스 호보,,https://kr.mcmworldwide.com/ko_KR/%EA%B0%80%EB%B0%A9/%EC%88%84%EB%8D%94%EB%B0%B1-%ED%81%AC%EB%A1%9C%EC%8A%A4%EB%B0%B1/aren-%EB%B9%84%EC%84%B8%ED%86%A0%EC%8A%A4-%ED%98%B8%EB%B3%B4/MWHESTA02CO001.html?cgid=bags-shoulder-crossbody-bags,https://images.mcmworldwide.com/i/mcmworldwide/MWHESTA02CO001_01/aren-cognac-l?$medium$&fmt=auto&qlt=default
가방-숄더/크로스,MWHESTA02BK001,Aren 비세토스 호보,,https://kr.mcmworldwide.com/ko_KR/%EA%B0%80%EB%B0%A9/%EC%88%84%EB%8D%94%EB%B0%B1-%ED%81%AC%EB%A1%9C%EC%8A%A4%EB%B0%B1/aren-%EB%B9%84%EC%84%B8%ED%86%A0%EC%8A%A4-%ED%98%B8%EB%B3%B4/MWHESTA02BK001.html?cgid=bags-shoulder-crossbody-bags,https://images.mcmworldwide.com/i/mcmworldwide/MWHESTA02BK001_01/aren-black-l?$medium$&fmt=auto&qlt=default
가방-숄더/크로스,MMRGATA05BK001,Aren 다이아몬드 퀼팅 레더 크로스바디,,https://kr.mcmworldwide.com/ko_KR/%EA%B0%80%EB%B0%A9/%EC%88%84%EB%8D%94%EB%B0%B1-%ED%81%AC%EB%A1%9C%EC%8A%A4%EB%B0%B1/aren-%EB%8B%A4%EC%9D%B4%EC%95%84%EB%AA%AC%EB%93%9C-%ED%80%BC%ED%8C%85-%EB%A0%88%EB%8D%94-%ED%81%AC%EB%A1%9C%EC%8A%A4%EB%B0%94%EB%94%94/MMRGATA05BK001.html?cgid=bags-shoulder-crossbody-bags,https://images.mcmworldwide.com/i/mcmworldwide/MMRGATA05BK001_01/aren-black-s?$medium$&fmt=auto&qlt=default
가방-숄더/크로스,MWSGSTA05BW001,Aren 양가죽 숄더백,,https://kr.mcmworldwide.com/ko_KR/%EA%B0%80%EB%B0%A9/%EC%88%84%EB%8D%94%EB%B0%B1-%ED%81%AC%EB%A1%9C%EC%8A%A4%EB%B0%B1/aren-%EC%96%91%EA%B0%80%EC%A3%BD-%EC%88%84%EB%8D%94%EB%B0%B1/MWSGSTA05BW001.html?cgid=bags-shoulder-crossbody-bags,https://images.mcmworldwide.com/i/mcmworldwide/MWSGSTA05BW001_01/aren-black-and-white-s?$medium$&fmt=auto&qlt=default
가방-숄더/크로스,MWSGSTA04BW001,Aren 양가죽 숄더백,,https://kr.mcmworldwide.com/ko_KR/%EA%B0%80%EB%B0%A9/%EC%88%84%EB%8D%94%EB%B0%B1-%ED%81%AC%EB%A1%9C%EC%8A%A4%EB%B0%B1/aren-%EC%96%91%EA%B0%80%EC%A3%BD-%EC%88%84%EB%8D%94%EB%B0%B1/MWSGSTA04BW001.html?cgid=bags-shoulder-crossbody-bags,https://images.mcmworldwide.com/i/mcmworldwide/MWSGSTA04BW001_01/aren-black-and-white-l?$medium$&fmt=auto&qlt=default
가방-숄더/크로스,MWSGSAK01BK001,Diamant 3D 갤러틱 갈라 양가죽 숄더백,,https://kr.mcmworldwide.com/ko_KR/%EA%B0%80%EB%B0%A9/%EC%88%84%EB%8D%94%EB%B0%B1-%ED%81%AC%EB%A1%9C%EC%8A%A4%EB%B0%B1/diamant-3d-%EA%B0%A4%EB%9F%AC%ED%8B%B1-%EA%B0%88%EB%9D%BC-%EC%96%91%EA%B0%80%EC%A3%BD-%EC%88%84%EB%8D%94%EB%B0%B1/MWSGSAK01BK001.html?cgid=bags-shoulder-crossbody-bags,https://images.mcmworldwide.com/i/mcmworldwide/MWSGSAK01BK001_01/diamant-3d-black-s?$medium$&fmt=auto&qlt=default
가방-숄더/크로스,MWREATA01CO001,비세토스 아렌 숄더 백.,,https://kr.mcmworldwide.com/ko_KR/%EA%B0%80%EB%B0%A9/%EC%88%84%EB%8D%94%EB%B0%B1-%ED%81%AC%EB%A1%9C%EC%8A%A4%EB%B0%B1/%EB%B9%84%EC%84%B8%ED%86%A0%EC%8A%A4-%EC%95%84%EB%A0%8C-%EC%88%84%EB%8D%94-%EB%B0%B1./MWREATA01CO001.html?cgid=bags-shoulder-crossbody-bags,https://images.mcmworldwide.com/i/mcmworldwide/MWREATA01CO001_01/-cognac-?$medium$&fmt=auto&qlt=default
가방-숄더/크로스,MWHFATA02CO001,Aren 비세토스 호보,,https://kr.mcmworldwide.com/ko_KR/%EA%B0%80%EB%B0%A9/%EC%88%84%EB%8D%94%EB%B0%B1-%ED%81%AC%EB%A1%9C%EC%8A%A4%EB%B0%B1/aren-%EB%B9%84%EC%84%B8%ED%86%A0%EC%8A%A4-%ED%98%B8%EB%B3%B4/MWHFATA02CO001.html?cgid=bags-shoulder-crossbody-bags,https://images.mcmworldwide.com/i/mcmworldwide/MWHFATA02CO001_01/aren-cognac-s?$medium$&fmt=auto&qlt=default
가방-숄더/크로스,MWHFATA02I8001,Aren 비세토스 호보,,https://kr.mcmworldwide.com/ko_KR/%EA%B0%80%EB%B0%A9/%EC%88%84%EB%8D%94%EB%B0%B1-%ED%81%AC%EB%A1%9C%EC%8A%A4%EB%B0%B1/aren-%EB%B9%84%EC%84%B8%ED%86%A0%EC%8A%A4-%ED%98%B8%EB%B3%B4/MWHFATA02I8001.html?cgid=bags-shoulder-crossbody-bags,https://images.mcmworldwide.com/i/mcmworldwide/MWHFATA02I8001_01/aren-beige-black-logo-s?$medium$&fmt=auto&qlt=default
가방-숄더/크로스,MWHFATA02PZ001,Aren 비세토스 호보,,https://kr.mcmworldwide.com/ko_KR/%EA%B0%80%EB%B0%A9/%EC%88%84%EB%8D%94%EB%B0%B1-%ED%81%AC%EB%A1%9C%EC%8A%A4%EB%B0%B1/aren-%EB%B9%84%EC%84%B8%ED%86%A0%EC%8A%A4-%ED%98%B8%EB%B3%B4/MWHFATA02PZ001.html?cgid=bags-shoulder-crossbody-bags,https://images.mcmworldwide.com/i/mcmworldwide/MWHFATA02PZ001_01/aren-soft-pink-s?$medium$&fmt=auto&qlt=default
가방-숄더/크로스,MWRFSXT01CO001,Tracy 비세토스 크로스바디,,https://kr.mcmworldwide.com/ko_KR/%EA%B0%80%EB%B0%A9/%EC%88%84%EB%8D%94%EB%B0%B1-%ED%81%AC%EB%A1%9C%EC%8A%A4%EB%B0%B1/tracy-%EB%B9%84%EC%84%B8%ED%86%A0%EC%8A%A4-%ED%81%AC%EB%A1%9C%EC%8A%A4%EB%B0%94%EB%94%94/MWRFSXT01CO001.html?cgid=bags-shoulder-crossbody-bags,https://images.mcmworldwide.com/i/mcmworldwide/MWRFSXT01CO001_01/tracy-cognac-m?$medium$&fmt=auto&qlt=default
가방-숄더/크로스,MWRFSXT01BK001,Tracy 비세토스 크로스바디,,https://kr.mcmworldwide.com/ko_KR/%EA%B0%80%EB%B0%A9/%EC%88%84%EB%8D%94%EB%B0%B1-%ED%81%AC%EB%A1%9C%EC%8A%A4%EB%B0%B1/tracy-%EB%B9%84%EC%84%B8%ED%86%A0%EC%8A%A4-%ED%81%AC%EB%A1%9C%EC%8A%A4%EB%B0%94%EB%94%94/MWRFSXT01BK001.html?cgid=bags-shoulder-crossbody-bags,https://images.mcmworldwide.com/i/mcmworldwide/MWRFSXT01BK001_01/tracy-black-m?$medium$&fmt=auto&qlt=default
가방-숄더/크로스,MWRFAXT01PZ001,Tracy 비세토스 크로스바디,,https://kr.mcmworldwide.com/ko_KR/%EA%B0%80%EB%B0%A9/%EC%88%84%EB%8D%94%EB%B0%B1-%ED%81%AC%EB%A1%9C%EC%8A%A4%EB%B0%B1/tracy-%EB%B9%84%EC%84%B8%ED%86%A0%EC%8A%A4-%ED%81%AC%EB%A1%9C%EC%8A%A4%EB%B0%94%EB%94%94/MWRFAXT01PZ001.html?cgid=bags-shoulder-crossbody-bags,https://images.mcmworldwide.com/i/mcmworldwide/MWRFAXT01PZ001_01/tracy-soft-pink-m?$medium$&fmt=auto&qlt=default
가방-숄더/크로스,MWEGSXT01CO001,Tracy 비세토스 레더 믹스 사첼,,https://kr.mcmworldwide.com/ko_KR/%EA%B0%80%EB%B0%A9/%EC%88%84%EB%8D%94%EB%B0%B1-%ED%81%AC%EB%A1%9C%EC%8A%A4%EB%B0%B1/tracy-%EB%B9%84%EC%84%B8%ED%86%A0%EC%8A%A4-%EB%A0%88%EB%8D%94-%EB%AF%B9%EC%8A%A4-%EC%82%AC%EC%B2%BC/MWEGSXT01CO001.html?cgid=bags-shoulder-crossbody-bags,https://images.mcmworldwide.com/i/mcmworldwide/MWEGSXT01CO001_01/tracy-cognac-s?$medium$&fmt=auto&qlt=default
가방-숄더/크로스,MMRGSAK02CO001,Diamant 비세토스 레더 믹스 3D 크로스바디,,https://kr.mcmworldwide.com/ko_KR/%EA%B0%80%EB%B0%A9/%EC%88%84%EB%8D%94%EB%B0%B1-%ED%81%AC%EB%A1%9C%EC%8A%A4%EB%B0%B1/diamant-%EB%B9%84%EC%84%B8%ED%86%A0%EC%8A%A4-%EB%A0%88%EB%8D%94-%EB%AF%B9%EC%8A%A4-3d-%ED%81%AC%EB%A1%9C%EC%8A%A4%EB%B0%94%EB%94%94/MMRGSAK02CO001.html?cgid=bags-shoulder-crossbody-bags,https://images.mcmworldwide.com/i/mcmworldwide/MMRGSAK02CO001_01/diamant-3d-cognac-s?$medium$&fmt=auto&qlt=default
가방-숄더/크로스,MMRGSAK01CO001,Diamant 비세토스 레더 믹스 3D 크로스바디,,https://kr.mcmworldwide.com/ko_KR/%EA%B0%80%EB%B0%A9/%EC%88%84%EB%8D%94%EB%B0%B1-%ED%81%AC%EB%A1%9C%EC%8A%A4%EB%B0%B1/diamant-%EB%B9%84%EC%84%B8%ED%86%A0%EC%8A%A4-%EB%A0%88%EB%8D%94-%EB%AF%B9%EC%8A%A4-3d-%ED%81%AC%EB%A1%9C%EC%8A%A4%EB%B0%94%EB%94%94/MMRGSAK01CO001.html?cgid=bags-shoulder-crossbody-bags,https://images.mcmworldwide.com/i/mcmworldwide/MMRGSAK01CO001_01/diamant-3d-cognac-m?$medium$&fmt=auto&qlt=default
가방-숄더/크로스,MMRGSAK02BK001,Diamant 비세토스 레더 믹스 3D 크로스바디,,https://kr.mcmworldwide.com/ko_KR/%EA%B0%80%EB%B0%A9/%EC%88%84%EB%8D%94%EB%B0%B1-%ED%81%AC%EB%A1%9C%EC%8A%A4%EB%B0%B1/diamant-%EB%B9%84%EC%84%B8%ED%86%A0%EC%8A%A4-%EB%A0%88%EB%8D%94-%EB%AF%B9%EC%8A%A4-3d-%ED%81%AC%EB%A1%9C%EC%8A%A4%EB%B0%94%EB%94%94/MMRGSAK02BK001.html?cgid=bags-shoulder-crossbody-bags,https://images.mcmworldwide.com/i/mcmworldwide/MMRGSAK02BK001_01/diamant-3d-black-s?$medium$&fmt=auto&qlt=default
가방-숄더/크로스,MMRGSAK01BK001,Diamant 비세토스 레더 믹스 3D 크로스바디,,https://kr.mcmworldwide.com/ko_KR/%EA%B0%80%EB%B0%A9/%EC%88%84%EB%8D%94%EB%B0%B1-%ED%81%AC%EB%A1%9C%EC%8A%A4%EB%B0%B1/diamant-%EB%B9%84%EC%84%B8%ED%86%A0%EC%8A%A4-%EB%A0%88%EB%8D%94-%EB%AF%B9%EC%8A%A4-3d-%ED%81%AC%EB%A1%9C%EC%8A%A4%EB%B0%94%EB%94%94/MMRGSAK01BK001.html?cgid=bags-shoulder-crossbody-bags,https://images.mcmworldwide.com/i/mcmworldwide/MMRGSAK01BK001_01/diamant-3d-black-m?$medium$&fmt=auto&qlt=default
가방-숄더/크로스,MWHGATA024B001,Aren 맥시 비세토스 호보,,https://kr.mcmworldwide.com/ko_KR/%EA%B0%80%EB%B0%A9/%EC%88%84%EB%8D%94%EB%B0%B1-%ED%81%AC%EB%A1%9C%EC%8A%A4%EB%B0%B1/aren-%EB%A7%A5%EC%8B%9C-%EB%B9%84%EC%84%B8%ED%86%A0%EC%8A%A4-%ED%98%B8%EB%B3%B4/MWHGATA024B001.html?cgid=bags-shoulder-crossbody-bags,https://images.mcmworldwide.com/i/mcmworldwide/MWHGATA024B001_01/aren-cinnamon-s?$medium$&fmt=auto&qlt=default
가방-숄더/크로스,MWHESTA01CO001,Aren 비세토스 호보,,https://kr.mcmworldwide.com/ko_KR/%EA%B0%80%EB%B0%A9/%EC%88%84%EB%8D%94%EB%B0%B1-%ED%81%AC%EB%A1%9C%EC%8A%A4%EB%B0%B1/aren-%EB%B9%84%EC%84%B8%ED%86%A0%EC%8A%A4-%ED%98%B8%EB%B3%B4/MWHESTA01CO001.html?cgid=bags-shoulder-crossbody-bags,https://images.mcmworldwide.com/i/mcmworldwide/MWHESTA01CO001_01/aren-cognac-s?$medium$&fmt=auto&qlt=default
가방-숄더/크로스,MWHESTA01BK001,Aren 비세토스 호보,,https://kr.mcmworldwide.com/ko_KR/%EA%B0%80%EB%B0%A9/%EC%88%84%EB%8D%94%EB%B0%B1-%ED%81%AC%EB%A1%9C%EC%8A%A4%EB%B0%B1/aren-%EB%B9%84%EC%84%B8%ED%86%A0%EC%8A%A4-%ED%98%B8%EB%B3%B4/MWHESTA01BK001.html?cgid=bags-shoulder-crossbody-bags,https://images.mcmworldwide.com/i/mcmworldwide/MWHESTA01BK001_01/aren-black-s?$medium$&fmt=auto&qlt=default
가방-숄더/크로스,MWHESTA01PZ001,Aren 비세토스 호보,,https://kr.mcmworldwide.com/ko_KR/%EA%B0%80%EB%B0%A9/%EC%88%84%EB%8D%94%EB%B0%B1-%ED%81%AC%EB%A1%9C%EC%8A%A4%EB%B0%B1/aren-%EB%B9%84%EC%84%B8%ED%86%A0%EC%8A%A4-%ED%98%B8%EB%B3%B4/MWHESTA01PZ001.html?cgid=bags-shoulder-crossbody-bags,https://images.mcmworldwide.com/i/mcmworldwide/MWHESTA01PZ001_01/aren-soft-pink-s?$medium$&fmt=auto&qlt=default
가방-숄더/크로스,MWHFSTA01BK001,Aren 시퀸 양가죽 호보,,https://kr.mcmworldwide.com/ko_KR/%EA%B0%80%EB%B0%A9/%EC%88%84%EB%8D%94%EB%B0%B1-%ED%81%AC%EB%A1%9C%EC%8A%A4%EB%B0%B1/aren-%EC%8B%9C%ED%80%B8-%EC%96%91%EA%B0%80%EC%A3%BD-%ED%98%B8%EB%B3%B4/MWHFSTA01BK001.html?cgid=bags-shoulder-crossbody-bags,https://images.mcmworldwide.com/i/mcmworldwide/MWHFSTA01BK001_01/aren-black-s?$medium$&fmt=auto&qlt=default
가방-숄더/크로스,MWHESTA03BK001,Aren 맥시 모노그램 레더 호보,,https://kr.mcmworldwide.com/ko_KR/%EA%B0%80%EB%B0%A9/%EC%88%84%EB%8D%94%EB%B0%B1-%ED%81%AC%EB%A1%9C%EC%8A%A4%EB%B0%B1/aren-%EB%A7%A5%EC%8B%9C-%EB%AA%A8%EB%85%B8%EA%B7%B8%EB%9E%A8-%EB%A0%88%EB%8D%94-%ED%98%B8%EB%B3%B4/MWHESTA03BK001.html?cgid=bags-shoulder-crossbody-bags,https://images.mcmworldwide.com/i/mcmworldwide/MWHESTA03BK001_01/aren-black-s?$medium$&fmt=auto&qlt=default
가방-숄더/크로스,MWHFATA01BK001,AREN ECONYL®과 모노그램 프린트 가죽 지퍼 호보,,https://kr.mcmworldwide.com/ko_KR/%EA%B0%80%EB%B0%A9/%EC%88%84%EB%8D%94%EB%B0%B1-%ED%81%AC%EB%A1%9C%EC%8A%A4%EB%B0%B1/aren-econyl%C2%AE%EA%B3%BC-%EB%AA%A8%EB%85%B8%EA%B7%B8%EB%9E%A8-%ED%94%84%EB%A6%B0%ED%8A%B8-%EA%B0%80%EC%A3%BD-%EC%A7%80%ED%8D%BC-%ED%98%B8%EB%B3%B4/MWHFATA01BK001.html?cgid=bags-shoulder-crossbody-bags,https://kr.mcmworldwide.com/on/demandware.static/-/Sites-MCM_Master_Product_Catalog/default/dw762b7dc1/akeneo-entity/9/a/d/e/9ade2994012b05f550482e6a474a6eb2c21788d5_Icon_SUST.png
가방-숄더/크로스,MMRFSTA05CO001,Aren 비세토스 크로스바디,,https://kr.mcmworldwide.com/ko_KR/%EA%B0%80%EB%B0%A9/%EC%88%84%EB%8D%94%EB%B0%B1-%ED%81%AC%EB%A1%9C%EC%8A%A4%EB%B0%B1/aren-%EB%B9%84%EC%84%B8%ED%86%A0%EC%8A%A4-%ED%81%AC%EB%A1%9C%EC%8A%A4%EB%B0%94%EB%94%94/MMRFSTA05CO001.html?cgid=bags-shoulder-crossbody-bags,https://images.mcmworldwide.com/i/mcmworldwide/MMRFSTA05CO001_01/aren-cognac-s?$medium$&fmt=auto&qlt=default
가방-숄더/크로스,MMRFSTA05BK001,Aren 비세토스 크로스바디,,https://kr.mcmworldwide.com/ko_KR/%EA%B0%80%EB%B0%A9/%EC%88%84%EB%8D%94%EB%B0%B1-%ED%81%AC%EB%A1%9C%EC%8A%A4%EB%B0%B1/aren-%EB%B9%84%EC%84%B8%ED%86%A0%EC%8A%A4-%ED%81%AC%EB%A1%9C%EC%8A%A4%EB%B0%94%EB%94%94/MMRFSTA05BK001.html?cgid=bags-shoulder-crossbody-bags,https://images.mcmworldwide.com/i/mcmworldwide/MMRFSTA05BK001_01/aren-black-s?$medium$&fmt=auto&qlt=default
가방-숄더/크로스,MMRGSTA07PZ001,Aren 비세토스 크로스바디,,https://kr.mcmworldwide.com/ko_KR/%EA%B0%80%EB%B0%A9/%EC%88%84%EB%8D%94%EB%B0%B1-%ED%81%AC%EB%A1%9C%EC%8A%A4%EB%B0%B1/aren-%EB%B9%84%EC%84%B8%ED%86%A0%EC%8A%A4-%ED%81%AC%EB%A1%9C%EC%8A%A4%EB%B0%94%EB%94%94/MMRGSTA07PZ001.html?cgid=bags-shoulder-crossbody-bags,https://images.mcmworldwide.com/i/mcmworldwide/MMRGSTA07PZ001_01/aren-soft-pink-s?$medium$&fmt=auto&qlt=default
가방-숄더/크로스,MMRFSTA06BK001,Aren 리사이클 나일론 크로스바,,https://kr.mcmworldwide.com/ko_KR/%EA%B0%80%EB%B0%A9/%EC%88%84%EB%8D%94%EB%B0%B1-%ED%81%AC%EB%A1%9C%EC%8A%A4%EB%B0%B1/aren-%EB%A6%AC%EC%82%AC%EC%9D%B4%ED%81%B4-%EB%82%98%EC%9D%BC%EB%A1%A0-%ED%81%AC%EB%A1%9C%EC%8A%A4%EB%B0%94/MMRFSTA06BK001.html?cgid=bags-shoulder-crossbody-bags,https://images.mcmworldwide.com/i/mcmworldwide/MMRFSTA06BK001_01/aren-black-s?$medium$&fmt=auto&qlt=default
가방-숄더/크로스,MMRFATA02K8001,Aren ECONYL®과 가죽을 사용한 크로스바디,,https://kr.mcmworldwide.com/ko_KR/%EA%B0%80%EB%B0%A9/%EC%88%84%EB%8D%94%EB%B0%B1-%ED%81%AC%EB%A1%9C%EC%8A%A4%EB%B0%B1/aren-econyl%C2%AE%EA%B3%BC-%EA%B0%80%EC%A3%BD%EC%9D%84-%EC%82%AC%EC%9A%A9%ED%95%9C-%ED%81%AC%EB%A1%9C%EC%8A%A4%EB%B0%94%EB%94%94/MMRFATA02K8001.html?cgid=bags-shoulder-crossbody-bags,https://kr.mcmworldwide.com/on/demandware.static/-/Sites-MCM_Master_Product_Catalog/default/dw762b7dc1/akeneo-entity/9/a/d/e/9ade2994012b05f550482e6a474a6eb2c21788d5_Icon_SUST.png
가방-숄더/크로스,MMMFSTA06CO001,Aren 비세토스 메신저,,https://kr.mcmworldwide.com/ko_KR/%EA%B0%80%EB%B0%A9/%EC%88%84%EB%8D%94%EB%B0%B1-%ED%81%AC%EB%A1%9C%EC%8A%A4%EB%B0%B1/aren-%EB%B9%84%EC%84%B8%ED%86%A0%EC%8A%A4-%EB%A9%94%EC%8B%A0%EC%A0%80/MMMFSTA06CO001.html?cgid=bags-shoulder-crossbody-bags,https://images.mcmworldwide.com/i/mcmworldwide/MMMFSTA06CO001_01/aren-cognac-m?$medium$&fmt=auto&qlt=default
가방-숄더/크로스,MMMFSTA06BK001,Aren 비세토스 메신저,,https://kr.mcmworldwide.com/ko_KR/%EA%B0%80%EB%B0%A9/%EC%88%84%EB%8D%94%EB%B0%B1-%ED%81%AC%EB%A1%9C%EC%8A%A4%EB%B0%B1/aren-%EB%B9%84%EC%84%B8%ED%86%A0%EC%8A%A4-%EB%A9%94%EC%8B%A0%EC%A0%80/MMMFSTA06BK001.html?cgid=bags-shoulder-crossbody-bags,https://images.mcmworldwide.com/i/mcmworldwide/MMMFSTA06BK001_01/aren-black-m?$medium$&fmt=auto&qlt=default
가방-숄더/크로스,MMMFSTA06K8001,Aren 비세토스 메신저,,https://kr.mcmworldwide.com/ko_KR/%EA%B0%80%EB%B0%A9/%EC%88%84%EB%8D%94%EB%B0%B1-%ED%81%AC%EB%A1%9C%EC%8A%A4%EB%B0%B1/aren-%EB%B9%84%EC%84%B8%ED%86%A0%EC%8A%A4-%EB%A9%94%EC%8B%A0%EC%A0%80/MMMFSTA06K8001.html?cgid=bags-shoulder-crossbody-bags,https://images.mcmworldwide.com/i/mcmworldwide/MMMFSTA06K8001_01/aren-khaki-moss-m?$medium$&fmt=auto&qlt=default
가방-숄더/크로스,MMMEATA02CO001,Aren 비세토스 메신저 백,,https://kr.mcmworldwide.com/ko_KR/%EA%B0%80%EB%B0%A9/%EC%88%84%EB%8D%94%EB%B0%B1-%ED%81%AC%EB%A1%9C%EC%8A%A4%EB%B0%B1/aren-%EB%B9%84%EC%84%B8%ED%86%A0%EC%8A%A4-%EB%A9%94%EC%8B%A0%EC%A0%80-%EB%B0%B1/MMMEATA02CO001.html?cgid=bags-shoulder-crossbody-bags,https://images.mcmworldwide.com/i/mcmworldwide/MMMEATA02CO001_01/aren-cognac-?$medium$&fmt=auto&qlt=default
가방-숄더/크로스,MMMEATA02K8001,Aren 비세토스 메신저,,https://kr.mcmworldwide.com/ko_KR/%EA%B0%80%EB%B0%A9/%EC%88%84%EB%8D%94%EB%B0%B1-%ED%81%AC%EB%A1%9C%EC%8A%A4%EB%B0%B1/aren-%EB%B9%84%EC%84%B8%ED%86%A0%EC%8A%A4-%EB%A9%94%EC%8B%A0%EC%A0%80/MMMEATA02K8001.html?cgid=bags-shoulder-crossbody-bags,https://images.mcmworldwide.com/i/mcmworldwide/MMMEATA02K8001_01/aren-khaki-moss-?$medium$&fmt=auto&qlt=default
가방-숄더/크로스,MMMEATA02BK001,Aren 비세토스 메신저 백,,https://kr.mcmworldwide.com/ko_KR/%EA%B0%80%EB%B0%A9/%EC%88%84%EB%8D%94%EB%B0%B1-%ED%81%AC%EB%A1%9C%EC%8A%A4%EB%B0%B1/aren-%EB%B9%84%EC%84%B8%ED%86%A0%EC%8A%A4-%EB%A9%94%EC%8B%A0%EC%A0%80-%EB%B0%B1/MMMEATA02BK001.html?cgid=bags-shoulder-crossbody-bags,https://images.mcmworldwide.com/i/mcmworldwide/MMMEATA02BK001_01/aren-black-?$medium$&fmt=auto&qlt=default
가방-숄더/크로스,MMRFAAK01BK001,Diamond 맥시 모노그램 레더 카메라 백,,https://kr.mcmworldwide.com/ko_KR/%EA%B0%80%EB%B0%A9/%EC%88%84%EB%8D%94%EB%B0%B1-%ED%81%AC%EB%A1%9C%EC%8A%A4%EB%B0%B1/diamond-%EB%A7%A5%EC%8B%9C-%EB%AA%A8%EB%85%B8%EA%B7%B8%EB%9E%A8-%EB%A0%88%EB%8D%94-%EC%B9%B4%EB%A9%94%EB%9D%BC-%EB%B0%B1/MMRFAAK01BK001.html?cgid=bags-shoulder-crossbody-bags,https://images.mcmworldwide.com/i/mcmworldwide/MMRFAAK01BK001_01/diamond-black-s?$medium$&fmt=auto&qlt=default
가방-숄더/크로스,MMRFAAK02CO001,다이아몬드 비세토스 카메라 백,,https://kr.mcmworldwide.com/ko_KR/%EA%B0%80%EB%B0%A9/%EC%88%84%EB%8D%94%EB%B0%B1-%ED%81%AC%EB%A1%9C%EC%8A%A4%EB%B0%B1/%EB%8B%A4%EC%9D%B4%EC%95%84%EB%AA%AC%EB%93%9C-%EB%B9%84%EC%84%B8%ED%86%A0%EC%8A%A4-%EC%B9%B4%EB%A9%94%EB%9D%BC-%EB%B0%B1/MMRFAAK02CO001.html?cgid=bags-shoulder-crossbody-bags,https://images.mcmworldwide.com/i/mcmworldwide/MMRFAAK02CO001_01/-cognac-s?$medium$&fmt=auto&qlt=default
가방-숄더/크로스,MMRFAAK02BK001,다이아몬드 비세토스 카메라 백,,https://kr.mcmworldwide.com/ko_KR/%EA%B0%80%EB%B0%A9/%EC%88%84%EB%8D%94%EB%B0%B1-%ED%81%AC%EB%A1%9C%EC%8A%A4%EB%B0%B1/%EB%8B%A4%EC%9D%B4%EC%95%84%EB%AA%AC%EB%93%9C-%EB%B9%84%EC%84%B8%ED%86%A0%EC%8A%A4-%EC%B9%B4%EB%A9%94%EB%9D%BC-%EB%B0%B1/MMRFAAK02BK001.html?cgid=bags-shoulder-crossbody-bags,https://images.mcmworldwide.com/i/mcmworldwide/MMRFAAK02BK001_01/-black-s?$medium$&fmt=auto&qlt=default
가방-숄더/크로스,MMRAAKC02CO001,Aren 비세토스 크로스바디,,https://kr.mcmworldwide.com/ko_KR/%EA%B0%80%EB%B0%A9/%EC%88%84%EB%8D%94%EB%B0%B1-%ED%81%AC%EB%A1%9C%EC%8A%A4%EB%B0%B1/aren-%EB%B9%84%EC%84%B8%ED%86%A0%EC%8A%A4-%ED%81%AC%EB%A1%9C%EC%8A%A4%EB%B0%94%EB%94%94/MMRAAKC02CO001.html?cgid=bags-shoulder-crossbody-bags,https://images.mcmworldwide.com/i/mcmworldwide/MMRAAKC02CO001_01/aren-cognac-s?$medium$&fmt=auto&qlt=default
가방-숄더/크로스,MMRAAKC02BK001,Aren 비세토스 크로스바디,,https://kr.mcmworldwide.com/ko_KR/%EA%B0%80%EB%B0%A9/%EC%88%84%EB%8D%94%EB%B0%B1-%ED%81%AC%EB%A1%9C%EC%8A%A4%EB%B0%B1/aren-%EB%B9%84%EC%84%B8%ED%86%A0%EC%8A%A4-%ED%81%AC%EB%A1%9C%EC%8A%A4%EB%B0%94%EB%94%94/MMRAAKC02BK001.html?cgid=bags-shoulder-crossbody-bags,https://images.mcmworldwide.com/i/mcmworldwide/MMRAAKC02BK001_01/aren-black-s?$medium$&fmt=auto&qlt=default
가방-숄더/크로스,MWSGAAK01OQ001,Diamant 3D 카프스킨 숄더백,,https://kr.mcmworldwide.com/ko_KR/%EA%B0%80%EB%B0%A9/%EC%88%84%EB%8D%94%EB%B0%B1-%ED%81%AC%EB%A1%9C%EC%8A%A4%EB%B0%B1/diamant-3d-%EC%B9%B4%ED%94%84%EC%8A%A4%ED%82%A8-%EC%88%84%EB%8D%94%EB%B0%B1/MWSGAAK01OQ001.html?cgid=bags-shoulder-crossbody-bags,https://images.mcmworldwide.com/i/mcmworldwide/MWSGAAK01OQ001_01/diamant-3d-orangeade-s?$medium$&fmt=auto&qlt=default
가방-숄더/크로스,MWSEAAK04CO001,Diamant 3D 비세토스 레더믹스 숄더백,,https://kr.mcmworldwide.com/ko_KR/%EA%B0%80%EB%B0%A9/%EC%88%84%EB%8D%94%EB%B0%B1-%ED%81%AC%EB%A1%9C%EC%8A%A4%EB%B0%B1/diamant-3d-%EB%B9%84%EC%84%B8%ED%86%A0%EC%8A%A4-%EB%A0%88%EB%8D%94%EB%AF%B9%EC%8A%A4-%EC%88%84%EB%8D%94%EB%B0%B1/MWSEAAK04CO001.html?cgid=bags-shoulder-crossbody-bags,https://images.mcmworldwide.com/i/mcmworldwide/MWSEAAK04CO001_01/diamant-3d-cognac-s?$medium$&fmt=auto&qlt=default
가방-숄더/크로스,MWSEAAK04BK001,Diamant 3D 비세토스 레더믹스 숄더백,,https://kr.mcmworldwide.com/ko_KR/%EA%B0%80%EB%B0%A9/%EC%88%84%EB%8D%94%EB%B0%B1-%ED%81%AC%EB%A1%9C%EC%8A%A4%EB%B0%B1/diamant-3d-%EB%B9%84%EC%84%B8%ED%86%A0%EC%8A%A4-%EB%A0%88%EB%8D%94%EB%AF%B9%EC%8A%A4-%EC%88%84%EB%8D%94%EB%B0%B1/MWSEAAK04BK001.html?cgid=bags-shoulder-crossbody-bags,https://images.mcmworldwide.com/i/mcmworldwide/MWSEAAK04BK001_01/diamant-3d-black-s?$medium$&fmt=auto&qlt=default
가방-숄더/크로스,MWSEAAK04WT001,Diamant 3D 비세토스 레더믹스 숄더백,,https://kr.mcmworldwide.com/ko_KR/%EA%B0%80%EB%B0%A9/%EC%88%84%EB%8D%94%EB%B0%B1-%ED%81%AC%EB%A1%9C%EC%8A%A4%EB%B0%B1/diamant-3d-%EB%B9%84%EC%84%B8%ED%86%A0%EC%8A%A4-%EB%A0%88%EB%8D%94%EB%AF%B9%EC%8A%A4-%EC%88%84%EB%8D%94%EB%B0%B1/MWSEAAK04WT001.html?cgid=bags-shoulder-crossbody-bags,https://images.mcmworldwide.com/i/mcmworldwide/MWSEAAK04WT001_01/diamant-3d-white-s?$medium$&fmt=auto&qlt=default
가방-숄더/크로스,MWSGAAK02MT001,Diamant 3D 다이아몬드 자카드 숄더백,,https://kr.mcmworldwide.com/ko_KR/%EA%B0%80%EB%B0%A9/%EC%88%84%EB%8D%94%EB%B0%B1-%ED%81%AC%EB%A1%9C%EC%8A%A4%EB%B0%B1/diamant-3d-%EB%8B%A4%EC%9D%B4%EC%95%84%EB%AA%AC%EB%93%9C-%EC%9E%90%EC%B9%B4%EB%93%9C-%EC%88%84%EB%8D%94%EB%B0%B1/MWSGAAK02MT001.html?cgid=bags-shoulder-crossbody-bags,https://images.mcmworldwide.com/i/mcmworldwide/MWSGAAK02MT001_01/diamant-3d-multi-m?$medium$&fmt=auto&qlt=default
가방-숄더/크로스,MWSFSAK01BK001,Diamant 3D 카프 레더 숄더백,,https://kr.mcmworldwide.com/ko_KR/%EA%B0%80%EB%B0%A9/%EC%88%84%EB%8D%94%EB%B0%B1-%ED%81%AC%EB%A1%9C%EC%8A%A4%EB%B0%B1/diamant-3d-%EC%B9%B4%ED%94%84-%EB%A0%88%EB%8D%94-%EC%88%84%EB%8D%94%EB%B0%B1/MWSFSAK01BK001.html?cgid=bags-shoulder-crossbody-bags,https://images.mcmworldwide.com/i/mcmworldwide/MWSFSAK01BK001_01/diamant-3d-black-m?$medium$&fmt=auto&qlt=default
가방-숄더/크로스,MWSFSAK02CO001,디아망뜨 3D 비세토스 레더믹스 숄더백,,https://kr.mcmworldwide.com/ko_KR/%EA%B0%80%EB%B0%A9/%EC%88%84%EB%8D%94%EB%B0%B1-%ED%81%AC%EB%A1%9C%EC%8A%A4%EB%B0%B1/%EB%94%94%EC%95%84%EB%A7%9D%EB%9C%A8-3d-%EB%B9%84%EC%84%B8%ED%86%A0%EC%8A%A4-%EB%A0%88%EB%8D%94%EB%AF%B9%EC%8A%A4-%EC%88%84%EB%8D%94%EB%B0%B1/MWSFSAK02CO001.html?cgid=bags-shoulder-crossbody-bags,https://images.mcmworldwide.com/i/mcmworldwide/MWSFSAK02CO001_01/-3d-cognac-m?$medium$&fmt=auto&qlt=default
가방-숄더/크로스,MWSEAAK01CK001,Diamant 3D 카프 레더 숄더백,,https://kr.mcmworldwide.com/ko_KR/%EA%B0%80%EB%B0%A9/%EC%88%84%EB%8D%94%EB%B0%B1-%ED%81%AC%EB%A1%9C%EC%8A%A4%EB%B0%B1/diamant-3d-%EC%B9%B4%ED%94%84-%EB%A0%88%EB%8D%94-%EC%88%84%EB%8D%94%EB%B0%B1/MWSEAAK01CK001.html?cgid=bags-shoulder-crossbody-bags,https://images.mcmworldwide.com/i/mcmworldwide/MWSEAAK01CK001_01/diamant-3d-terracotta-l?$medium$&fmt=auto&qlt=default
가방-숄더/크로스,MWRESAK01BK001,Diamond 카프 레더 숄더백,,https://kr.mcmworldwide.com/ko_KR/%EA%B0%80%EB%B0%A9/%EC%88%84%EB%8D%94%EB%B0%B1-%ED%81%AC%EB%A1%9C%EC%8A%A4%EB%B0%B1/diamond-%EC%B9%B4%ED%94%84-%EB%A0%88%EB%8D%94-%EC%88%84%EB%8D%94%EB%B0%B1/MWRESAK01BK001.html?cgid=bags-shoulder-crossbody-bags,https://images.mcmworldwide.com/i/mcmworldwide/MWRESAK01BK001_01/diamond-black-?$medium$&fmt=auto&qlt=default
가방-숄더/크로스,MWTESAK02BK001,Diamond  엠보스드 레더,,https://kr.mcmworldwide.com/ko_KR/%EA%B0%80%EB%B0%A9/%EC%88%84%EB%8D%94%EB%B0%B1-%ED%81%AC%EB%A1%9C%EC%8A%A4%EB%B0%B1/diamond--%EC%97%A0%EB%B3%B4%EC%8A%A4%EB%93%9C-%EB%A0%88%EB%8D%94/MWTESAK02BK001.html?cgid=bags-shoulder-crossbody-bags,https://images.mcmworldwide.com/i/mcmworldwide/MWTESAK02BK001_01/diamond-black-m?$medium$&fmt=auto&qlt=default
가방-숄더/크로스,MWTESAK01CO001,Diamond 비세토스 레더 믹스,,https://kr.mcmworldwide.com/ko_KR/%EA%B0%80%EB%B0%A9/%EC%88%84%EB%8D%94%EB%B0%B1-%ED%81%AC%EB%A1%9C%EC%8A%A4%EB%B0%B1/diamond-%EB%B9%84%EC%84%B8%ED%86%A0%EC%8A%A4-%EB%A0%88%EB%8D%94-%EB%AF%B9%EC%8A%A4/MWTESAK01CO001.html?cgid=bags-shoulder-crossbody-bags,https://images.mcmworldwide.com/i/mcmworldwide/MWTESAK01CO001_01/diamond-cognac-m?$medium$&fmt=auto&qlt=default
가방-숄더/크로스,MWTESAK04CO001,Diamond 비세토스 레더 믹스,,https://kr.mcmworldwide.com/ko_KR/%EA%B0%80%EB%B0%A9/%EC%88%84%EB%8D%94%EB%B0%B1-%ED%81%AC%EB%A1%9C%EC%8A%A4%EB%B0%B1/diamond-%EB%B9%84%EC%84%B8%ED%86%A0%EC%8A%A4-%EB%A0%88%EB%8D%94-%EB%AF%B9%EC%8A%A4/MWTESAK04CO001.html?cgid=bags-shoulder-crossbody-bags,https://images.mcmworldwide.com/i/mcmworldwide/MWTESAK04CO001_01/diamond-cognac-x-?$medium$&fmt=auto&qlt=default
가방-숄더/크로스,MWRAAVI01CO001,비세토스 오리지널 락스타 베니티 케이스,,https://kr.mcmworldwide.com/ko_KR/%EA%B0%80%EB%B0%A9/%EC%88%84%EB%8D%94%EB%B0%B1-%ED%81%AC%EB%A1%9C%EC%8A%A4%EB%B0%B1/%EB%B9%84%EC%84%B8%ED%86%A0%EC%8A%A4-%EC%98%A4%EB%A6%AC%EC%A7%80%EB%84%90-%EB%9D%BD%EC%8A%A4%ED%83%80-%EB%B2%A0%EB%8B%88%ED%8B%B0-%EC%BC%80%EC%9D%B4%EC%8A%A4/MWRAAVI01CO001.html?cgid=bags-shoulder-crossbody-bags,https://images.mcmworldwide.com/i/mcmworldwide/MWRAAVI01CO001_01/-cognac-?$medium$&fmt=auto&qlt=default
가방-숄더/크로스,MWDESAC03DG001,Himmel 시퀸 드로우스트링 백,,https://kr.mcmworldwide.com/ko_KR/%EA%B0%80%EB%B0%A9/%EC%88%84%EB%8D%94%EB%B0%B1-%ED%81%AC%EB%A1%9C%EC%8A%A4%EB%B0%B1/himmel-%EC%8B%9C%ED%80%B8-%EB%93%9C%EB%A1%9C%EC%9A%B0%EC%8A%A4%ED%8A%B8%EB%A7%81-%EB%B0%B1/MWDESAC03DG001.html?cgid=bags-shoulder-crossbody-bags,https://images.mcmworldwide.com/i/mcmworldwide/MWDESAC03DG001_01/himmel-gold-?$medium$&fmt=auto&qlt=default
가방-숄더/크로스,MWSESAC05DG001,Himmel 시퀸 숄더백,,https://kr.mcmworldwide.com/ko_KR/%EA%B0%80%EB%B0%A9/%EC%88%84%EB%8D%94%EB%B0%B1-%ED%81%AC%EB%A1%9C%EC%8A%A4%EB%B0%B1/himmel-%EC%8B%9C%ED%80%B8-%EC%88%84%EB%8D%94%EB%B0%B1/MWSESAC05DG001.html?cgid=bags-shoulder-crossbody-bags,https://images.mcmworldwide.com/i/mcmworldwide/MWSESAC05DG001_01/himmel-gold-s?$medium$&fmt=auto&qlt=default
가방-숄더/크로스,MMRAAKC03CO001,Aren 비세토스 크로스바디,,https://kr.mcmworldwide.com/ko_KR/%EA%B0%80%EB%B0%A9/%EC%88%84%EB%8D%94%EB%B0%B1-%ED%81%AC%EB%A1%9C%EC%8A%A4%EB%B0%B1/aren-%EB%B9%84%EC%84%B8%ED%86%A0%EC%8A%A4-%ED%81%AC%EB%A1%9C%EC%8A%A4%EB%B0%94%EB%94%94/MMRAAKC03CO001.html?cgid=bags-shoulder-crossbody-bags,https://images.mcmworldwide.com/i/mcmworldwide/MMRAAKC03CO001_01/aren-cognac-?$medium$&fmt=auto&qlt=default
가방-숄더/크로스,MMRESKK02BK001,Klassik 맥시 모노그램 레더 크로스바디,,https://kr.mcmworldwide.com/ko_KR/%EA%B0%80%EB%B0%A9/%EC%88%84%EB%8D%94%EB%B0%B1-%ED%81%AC%EB%A1%9C%EC%8A%A4%EB%B0%B1/klassik-%EB%A7%A5%EC%8B%9C-%EB%AA%A8%EB%85%B8%EA%B7%B8%EB%9E%A8-%EB%A0%88%EB%8D%94-%ED%81%AC%EB%A1%9C%EC%8A%A4%EB%B0%94%EB%94%94/MMRESKK02BK001.html?cgid=bags-shoulder-crossbody-bags,https://images.mcmworldwide.com/i/mcmworldwide/MMRESKK02BK001_01/klassik-black-?$medium$&fmt=auto&qlt=default
가방-숄더/크로스,MMRESKK02VC001,Klassik 맥시 모노그램 레더 크로스바디,,https://kr.mcmworldwide.com/ko_KR/%EA%B0%80%EB%B0%A9/%EC%88%84%EB%8D%94%EB%B0%B1-%ED%81%AC%EB%A1%9C%EC%8A%A4%EB%B0%B1/klassik-%EB%A7%A5%EC%8B%9C-%EB%AA%A8%EB%85%B8%EA%B7%B8%EB%9E%A8-%EB%A0%88%EB%8D%94-%ED%81%AC%EB%A1%9C%EC%8A%A4%EB%B0%94%EB%94%94/MMRESKK02VC001.html?cgid=bags-shoulder-crossbody-bags,https://images.mcmworldwide.com/i/mcmworldwide/MMRESKK02VC001_01/klassik-navy-blazer-?$medium$&fmt=auto&qlt=default
가방-숄더/크로스,MWSCSLM02BK001,Travia 크러쉬드 레더 퀼티드 숄더백,,https://kr.mcmworldwide.com/ko_KR/%EA%B0%80%EB%B0%A9/%EC%88%84%EB%8D%94%EB%B0%B1-%ED%81%AC%EB%A1%9C%EC%8A%A4%EB%B0%B1/travia-%ED%81%AC%EB%9F%AC%EC%89%AC%EB%93%9C-%EB%A0%88%EB%8D%94-%ED%80%BC%ED%8B%B0%EB%93%9C-%EC%88%84%EB%8D%94%EB%B0%B1/MWSCSLM02BK001.html?cgid=bags-shoulder-crossbody-bags,https://images.mcmworldwide.com/i/mcmworldwide/MWSCSLM02BK001_01/travia-black-l?$medium$&fmt=auto&qlt=default
가방-숄더/크로스,MMRGAUP01BK001,MCM X ATEEZ with MINGI Aren 비세토스 크로스바디,,https://kr.mcmworldwide.com/ko_KR/%EA%B0%80%EB%B0%A9/%EC%88%84%EB%8D%94%EB%B0%B1-%ED%81%AC%EB%A1%9C%EC%8A%A4%EB%B0%B1/mcm-x-ateez-with-mingi-aren-%EB%B9%84%EC%84%B8%ED%86%A0%EC%8A%A4-%ED%81%AC%EB%A1%9C%EC%8A%A4%EB%B0%94%EB%94%94/MMRGAUP01BK001.html?cgid=bags-shoulder-crossbody-bags,https://images.mcmworldwide.com/i/mcmworldwide/MMRGAUP01BK001_01/mcm-x-ateez-with-mingi-aren-black-s?$medium$&fmt=auto&qlt=default
가방-숄더/크로스,MWRGSTA03BK001,Aren 비세토스 숄더백,,https://kr.mcmworldwide.com/ko_KR/%EA%B0%80%EB%B0%A9/%EC%88%84%EB%8D%94%EB%B0%B1-%ED%81%AC%EB%A1%9C%EC%8A%A4%EB%B0%B1/aren-%EB%B9%84%EC%84%B8%ED%86%A0%EC%8A%A4-%EC%88%84%EB%8D%94%EB%B0%B1/MWRGSTA03BK001.html?cgid=bags-shoulder-crossbody-bags,https://images.mcmworldwide.com/i/mcmworldwide/MWRGSTA03BK001_01/aren-black-?$medium$&fmt=auto&qlt=default
가방-숄더/크로스,MWSCSLM03BK001,트라비아 크러쉬드 레더 퀼티드 숄더백,,https://kr.mcmworldwide.com/ko_KR/%EA%B0%80%EB%B0%A9/%EC%88%84%EB%8D%94%EB%B0%B1-%ED%81%AC%EB%A1%9C%EC%8A%A4%EB%B0%B1/%ED%8A%B8%EB%9D%BC%EB%B9%84%EC%95%84-%ED%81%AC%EB%9F%AC%EC%89%AC%EB%93%9C-%EB%A0%88%EB%8D%94-%ED%80%BC%ED%8B%B0%EB%93%9C-%EC%88%84%EB%8D%94%EB%B0%B1/MWSCSLM03BK001.html?cgid=bags-shoulder-crossbody-bags,https://images.mcmworldwide.com/i/mcmworldwide/MWSCSLM03BK001_01/-black-s?$medium$&fmt=auto&qlt=default
가방-숄더/크로스,MMRGATA04CO001,Aren 비세토스 크로스바디,,https://kr.mcmworldwide.com/ko_KR/%EA%B0%80%EB%B0%A9/%EC%88%84%EB%8D%94%EB%B0%B1-%ED%81%AC%EB%A1%9C%EC%8A%A4%EB%B0%B1/aren-%EB%B9%84%EC%84%B8%ED%86%A0%EC%8A%A4-%ED%81%AC%EB%A1%9C%EC%8A%A4%EB%B0%94%EB%94%94/MMRGATA04CO001.html?cgid=bags-shoulder-crossbody-bags,https://images.mcmworldwide.com/i/mcmworldwide/MMRGATA04CO001_01/aren-cognac-s?$medium$&fmt=auto&qlt=default
가방-숄더/크로스,MWRGAAK01BK001,Diamond  비세토스 레더 믹스 숄더백,,https://kr.mcmworldwide.com/ko_KR/%EA%B0%80%EB%B0%A9/%EC%88%84%EB%8D%94%EB%B0%B1-%ED%81%AC%EB%A1%9C%EC%8A%A4%EB%B0%B1/diamond--%EB%B9%84%EC%84%B8%ED%86%A0%EC%8A%A4-%EB%A0%88%EB%8D%94-%EB%AF%B9%EC%8A%A4-%EC%88%84%EB%8D%94%EB%B0%B1/MWRGAAK01BK001.html?cgid=bags-shoulder-crossbody-bags,https://images.mcmworldwide.com/i/mcmworldwide/MWRGAAK01BK001_01/diamond-black-?$medium$&fmt=auto&qlt=default
가방-숄더/크로스,MMRFATA01CO001,Aren 비세토스 스탠딩 크로스바디 파우치,,https://kr.mcmworldwide.com/ko_KR/%EA%B0%80%EB%B0%A9/%EC%88%84%EB%8D%94%EB%B0%B1-%ED%81%AC%EB%A1%9C%EC%8A%A4%EB%B0%B1/aren-%EB%B9%84%EC%84%B8%ED%86%A0%EC%8A%A4-%EC%8A%A4%ED%83%A0%EB%94%A9-%ED%81%AC%EB%A1%9C%EC%8A%A4%EB%B0%94%EB%94%94-%ED%8C%8C%EC%9A%B0%EC%B9%98/MMRFATA01CO001.html?cgid=bags-shoulder-crossbody-bags,https://images.mcmworldwide.com/i/mcmworldwide/MMRFATA01CO001_01/aren-cognac-s?$medium$&fmt=auto&qlt=default
가방-숄더/크로스,MMRGSTA05BK001,Aren 비세토스 스탠딩 크로스 바디 파우치,,https://kr.mcmworldwide.com/ko_KR/%EA%B0%80%EB%B0%A9/%EC%88%84%EB%8D%94%EB%B0%B1-%ED%81%AC%EB%A1%9C%EC%8A%A4%EB%B0%B1/aren-%EB%B9%84%EC%84%B8%ED%86%A0%EC%8A%A4-%EC%8A%A4%ED%83%A0%EB%94%A9-%ED%81%AC%EB%A1%9C%EC%8A%A4-%EB%B0%94%EB%94%94-%ED%8C%8C%EC%9A%B0%EC%B9%98/MMRGSTA05BK001.html?cgid=bags-shoulder-crossbody-bags,https://images.mcmworldwide.com/i/mcmworldwide/MMRGSTA05BK001_01/aren-black-s?$medium$&fmt=auto&qlt=default
가방-숄더/크로스,MWRGSXT01BK001,Tracy 비세토스 레더 믹스 크로스바디,,https://kr.mcmworldwide.com/ko_KR/%EA%B0%80%EB%B0%A9/%EC%88%84%EB%8D%94%EB%B0%B1-%ED%81%AC%EB%A1%9C%EC%8A%A4%EB%B0%B1/tracy-%EB%B9%84%EC%84%B8%ED%86%A0%EC%8A%A4-%EB%A0%88%EB%8D%94-%EB%AF%B9%EC%8A%A4-%ED%81%AC%EB%A1%9C%EC%8A%A4%EB%B0%94%EB%94%94/MWRGSXT01BK001.html?cgid=bags-shoulder-crossbody-bags,https://images.mcmworldwide.com/i/mcmworldwide/MWRGSXT01BK001_01/tracy-black-?$medium$&fmt=auto&qlt=default
가방-숄더/크로스,MWRGSXT01CO001,Tracy 비세토스 레더 믹스 크로스바디,,https://kr.mcmworldwide.com/ko_KR/%EA%B0%80%EB%B0%A9/%EC%88%84%EB%8D%94%EB%B0%B1-%ED%81%AC%EB%A1%9C%EC%8A%A4%EB%B0%B1/tracy-%EB%B9%84%EC%84%B8%ED%86%A0%EC%8A%A4-%EB%A0%88%EB%8D%94-%EB%AF%B9%EC%8A%A4-%ED%81%AC%EB%A1%9C%EC%8A%A4%EB%B0%94%EB%94%94/MWRGSXT01CO001.html?cgid=bags-shoulder-crossbody-bags,https://images.mcmworldwide.com/i/mcmworldwide/MWRGSXT01CO001_01/tracy-cognac-?$medium$&fmt=auto&qlt=default
가방-숄더/크로스,MWRAAME01CO001,Tracy 비세토스 크로스바디,,https://kr.mcmworldwide.com/ko_KR/%EA%B0%80%EB%B0%A9/%EC%88%84%EB%8D%94%EB%B0%B1-%ED%81%AC%EB%A1%9C%EC%8A%A4%EB%B0%B1/tracy-%EB%B9%84%EC%84%B8%ED%86%A0%EC%8A%A4-%ED%81%AC%EB%A1%9C%EC%8A%A4%EB%B0%94%EB%94%94/MWRAAME01CO001.html?cgid=bags-shoulder-crossbody-bags,https://images.mcmworldwide.com/i/mcmworldwide/MWRAAME01CO001_01/tracy-cognac-m?$medium$&fmt=auto&qlt=default
가방-숄더/크로스,MWRGSXT02CO001,Tracy 비세토스 체인 지갑,,https://kr.mcmworldwide.com/ko_KR/%EA%B0%80%EB%B0%A9/%EC%88%84%EB%8D%94%EB%B0%B1-%ED%81%AC%EB%A1%9C%EC%8A%A4%EB%B0%B1/tracy-%EB%B9%84%EC%84%B8%ED%86%A0%EC%8A%A4-%EC%B2%B4%EC%9D%B8-%EC%A7%80%EA%B0%91/MWRGSXT02CO001.html?cgid=bags-shoulder-crossbody-bags,https://images.mcmworldwide.com/i/mcmworldwide/MWRGSXT02CO001_01/tracy-cognac-m?$medium$&fmt=auto&qlt=default
가방-숄더/크로스,MMRGATA07BK001,Aren 노바 모노그램 ECONYL® 크로스바디,,https://kr.mcmworldwide.com/ko_KR/%EA%B0%80%EB%B0%A9/%EC%88%84%EB%8D%94%EB%B0%B1-%ED%81%AC%EB%A1%9C%EC%8A%A4%EB%B0%B1/aren-%EB%85%B8%EB%B0%94-%EB%AA%A8%EB%85%B8%EA%B7%B8%EB%9E%A8-econyl%C2%AE-%ED%81%AC%EB%A1%9C%EC%8A%A4%EB%B0%94%EB%94%94/MMRGATA07BK001.html?cgid=bags-shoulder-crossbody-bags,https://kr.mcmworldwide.com/on/demandware.static/-/Sites-MCM_Master_Product_Catalog/default/dw762b7dc1/akeneo-entity/9/a/d/e/9ade2994012b05f550482e6a474a6eb2c21788d5_Icon_SUST.png
가방-숄더/크로스,MWRGAXT01PZ001,Tracy 비세토스 레더믹스 크로스바디,,https://kr.mcmworldwide.com/ko_KR/%EA%B0%80%EB%B0%A9/%EC%88%84%EB%8D%94%EB%B0%B1-%ED%81%AC%EB%A1%9C%EC%8A%A4%EB%B0%B1/tracy-%EB%B9%84%EC%84%B8%ED%86%A0%EC%8A%A4-%EB%A0%88%EB%8D%94%EB%AF%B9%EC%8A%A4-%ED%81%AC%EB%A1%9C%EC%8A%A4%EB%B0%94%EB%94%94/MWRGAXT01PZ001.html?cgid=bags-shoulder-crossbody-bags,https://images.mcmworldwide.com/i/mcmworldwide/MWRGAXT01PZ001_01/tracy-soft-pink-?$medium$&fmt=auto&qlt=default
가방-숄더/크로스,MWRESAK02CO001,비세토스 레더 믹스 다이아몬드 숄더백,,https://kr.mcmworldwide.com/ko_KR/%EA%B0%80%EB%B0%A9/%EC%88%84%EB%8D%94%EB%B0%B1-%ED%81%AC%EB%A1%9C%EC%8A%A4%EB%B0%B1/%EB%B9%84%EC%84%B8%ED%86%A0%EC%8A%A4-%EB%A0%88%EB%8D%94-%EB%AF%B9%EC%8A%A4-%EB%8B%A4%EC%9D%B4%EC%95%84%EB%AA%AC%EB%93%9C-%EC%88%84%EB%8D%94%EB%B0%B1/MWRESAK02CO001.html?cgid=bags-shoulder-crossbody-bags,https://images.mcmworldwide.com/i/mcmworldwide/MWRESAK02CO001_01/-cognac-?$medium$&fmt=auto&qlt=default
가방-숄더/크로스,MWSGADC01BK001,Dia 퀼팅 카프스킨 숄더백,,https://kr.mcmworldwide.com/ko_KR/%EA%B0%80%EB%B0%A9/%EC%88%84%EB%8D%94%EB%B0%B1-%ED%81%AC%EB%A1%9C%EC%8A%A4%EB%B0%B1/dia-%ED%80%BC%ED%8C%85-%EC%B9%B4%ED%94%84%EC%8A%A4%ED%82%A8-%EC%88%84%EB%8D%94%EB%B0%B1/MWSGADC01BK001.html?cgid=bags-shoulder-crossbody-bags,https://images.mcmworldwide.com/i/mcmworldwide/MWSGADC01BK001_01/dia-black-l?$medium$&fmt=auto&qlt=default
가방-숄더/크로스,MWBGAEA01CO001,Ella 디스코 비세토스 보스턴,,https://kr.mcmworldwide.com/ko_KR/%EA%B0%80%EB%B0%A9/%EC%88%84%EB%8D%94%EB%B0%B1-%ED%81%AC%EB%A1%9C%EC%8A%A4%EB%B0%B1/-ella-%EB%94%94%EC%8A%A4%EC%BD%94-%EB%B9%84%EC%84%B8%ED%86%A0%EC%8A%A4-%EB%B3%B4%EC%8A%A4%ED%84%B4/MWBGAEA01CO001.html?cgid=bags-shoulder-crossbody-bags,https://images.mcmworldwide.com/i/mcmworldwide/MWBGAEA01CO001_01/-ella-cognac-s?$medium$&fmt=auto&qlt=default
가방-숄더/크로스,MWSGADC03BK001,Dia 퀼팅 카프스킨 숄더백,,https://kr.mcmworldwide.com/ko_KR/%EA%B0%80%EB%B0%A9/%EC%88%84%EB%8D%94%EB%B0%B1-%ED%81%AC%EB%A1%9C%EC%8A%A4%EB%B0%B1/dia-%ED%80%BC%ED%8C%85-%EC%B9%B4%ED%94%84%EC%8A%A4%ED%82%A8-%EC%88%84%EB%8D%94%EB%B0%B1/MWSGADC03BK001.html?cgid=bags-shoulder-crossbody-bags,https://images.mcmworldwide.com/i/mcmworldwide/MWSGADC03BK001_01/dia-black-s?$medium$&fmt=auto&qlt=default
가방-숄더/크로스,MWSGADC02D6001,Dia 퀼팅 메탈릭 카프스킨 숄더백,,https://kr.mcmworldwide.com/ko_KR/%EA%B0%80%EB%B0%A9/%EC%88%84%EB%8D%94%EB%B0%B1-%ED%81%AC%EB%A1%9C%EC%8A%A4%EB%B0%B1/dia-%ED%80%BC%ED%8C%85-%EB%A9%94%ED%83%88%EB%A6%AD-%EC%B9%B4%ED%94%84%EC%8A%A4%ED%82%A8-%EC%88%84%EB%8D%94%EB%B0%B1/MWSGADC02D6001.html?cgid=bags-shoulder-crossbody-bags,https://images.mcmworldwide.com/i/mcmworldwide/MWSGADC02D6001_01/dia-platinum-gold-s?$medium$&fmt=auto&qlt=default
가방-벨트백,MMLGATA03CO001,Aren 비세토스 슬링백,,https://kr.mcmworldwide.com/ko_KR/%EA%B0%80%EB%B0%A9/%EB%B2%A8%ED%8A%B8%EB%B0%B1/aren-%EB%B9%84%EC%84%B8%ED%86%A0%EC%8A%A4-%EC%8A%AC%EB%A7%81%EB%B0%B1/MMLGATA03CO001.html?cgid=bags-belt-bags,https://images.mcmworldwide.com/i/mcmworldwide/MMLGATA03CO001_01/aren-cognac-s?$medium$&fmt=auto&qlt=default
가방-벨트백,MMLGATA04CO001,Aren 비세토스 슬링백,,https://kr.mcmworldwide.com/ko_KR/%EA%B0%80%EB%B0%A9/%EB%B2%A8%ED%8A%B8%EB%B0%B1/aren-%EB%B9%84%EC%84%B8%ED%86%A0%EC%8A%A4-%EC%8A%AC%EB%A7%81%EB%B0%B1/MMLGATA04CO001.html?cgid=bags-belt-bags,https://images.mcmworldwide.com/i/mcmworldwide/MMLGATA04CO001_01/aren-cognac-?$medium$&fmt=auto&qlt=default
가방-벨트백,MMLGATA02BK001,Aren 엠보스드 모노그램 레더 슬링백,,https://kr.mcmworldwide.com/ko_KR/%EA%B0%80%EB%B0%A9/%EB%B2%A8%ED%8A%B8%EB%B0%B1/aren-%EC%97%A0%EB%B3%B4%EC%8A%A4%EB%93%9C-%EB%AA%A8%EB%85%B8%EA%B7%B8%EB%9E%A8-%EB%A0%88%EB%8D%94-%EC%8A%AC%EB%A7%81%EB%B0%B1/MMLGATA02BK001.html?cgid=bags-belt-bags,https://images.mcmworldwide.com/i/mcmworldwide/MMLGATA02BK001_01/aren-black-s?$medium$&fmt=auto&qlt=default
가방-벨트백,MMLFSTA01CO001,Aren 비세토스 슬링,,https://kr.mcmworldwide.com/ko_KR/%EA%B0%80%EB%B0%A9/%EB%B2%A8%ED%8A%B8%EB%B0%B1/aren-%EB%B9%84%EC%84%B8%ED%86%A0%EC%8A%A4-%EC%8A%AC%EB%A7%81/MMLFSTA01CO001.html?cgid=bags-belt-bags,https://images.mcmworldwide.com/i/mcmworldwide/MMLFSTA01CO001_01/aren-cognac-m?$medium$&fmt=auto&qlt=default
가방-벨트백,MMLGSTA03BK001,Aren 비세토스 슬링,,https://kr.mcmworldwide.com/ko_KR/%EA%B0%80%EB%B0%A9/%EB%B2%A8%ED%8A%B8%EB%B0%B1/aren-%EB%B9%84%EC%84%B8%ED%86%A0%EC%8A%A4-%EC%8A%AC%EB%A7%81/MMLGSTA03BK001.html?cgid=bags-belt-bags,https://images.mcmworldwide.com/i/mcmworldwide/MMLGSTA03BK001_01/aren-black-?$medium$&fmt=auto&qlt=default
가방-벨트백,MMLFSTA07BK001,Aren 리사이클 나일론 슬링백,,https://kr.mcmworldwide.com/ko_KR/%EA%B0%80%EB%B0%A9/%EB%B2%A8%ED%8A%B8%EB%B0%B1/aren-%EB%A6%AC%EC%82%AC%EC%9D%B4%ED%81%B4-%EB%82%98%EC%9D%BC%EB%A1%A0-%EC%8A%AC%EB%A7%81%EB%B0%B1/MMLFSTA07BK001.html?cgid=bags-belt-bags,https://images.mcmworldwide.com/i/mcmworldwide/MMLFSTA07BK001_01/aren-black-?$medium$&fmt=auto&qlt=default
가방-벨트백,MMLGATA05K8001,Aren 비세토스 슬링백,,https://kr.mcmworldwide.com/ko_KR/%EA%B0%80%EB%B0%A9/%EB%B2%A8%ED%8A%B8%EB%B0%B1/aren-%EB%B9%84%EC%84%B8%ED%86%A0%EC%8A%A4-%EC%8A%AC%EB%A7%81%EB%B0%B1/MMLGATA05K8001.html?cgid=bags-belt-bags,https://images.mcmworldwide.com/i/mcmworldwide/MMLGATA05K8001_01/aren-khaki-moss-?$medium$&fmt=auto&qlt=default
가방-벨트백,MWZGSAK01BK001,Diamant 3D 갤러틱 갈라 양가죽 벨트백,,https://kr.mcmworldwide.com/ko_KR/%EA%B0%80%EB%B0%A9/%EB%B2%A8%ED%8A%B8%EB%B0%B1/diamant-3d-%EA%B0%A4%EB%9F%AC%ED%8B%B1-%EA%B0%88%EB%9D%BC-%EC%96%91%EA%B0%80%EC%A3%BD-%EB%B2%A8%ED%8A%B8%EB%B0%B1/MWZGSAK01BK001.html?cgid=bags-belt-bags,https://images.mcmworldwide.com/i/mcmworldwide/MWZGSAK01BK001_01/diamant-3d-black-s?$medium$&fmt=auto&qlt=default
가방-벨트백,MWZFSAK04CO001,비세토스 레더 믹스 다이아몬드 3D 벨트 백,,https://kr.mcmworldwide.com/ko_KR/%EA%B0%80%EB%B0%A9/%EB%B2%A8%ED%8A%B8%EB%B0%B1/%EB%B9%84%EC%84%B8%ED%86%A0%EC%8A%A4-%EB%A0%88%EB%8D%94-%EB%AF%B9%EC%8A%A4-%EB%8B%A4%EC%9D%B4%EC%95%84%EB%AA%AC%EB%93%9C-3d-%EB%B2%A8%ED%8A%B8-%EB%B0%B1/MWZFSAK04CO001.html?cgid=bags-belt-bags,https://images.mcmworldwide.com/i/mcmworldwide/MWZFSAK04CO001_01/-3d-cognac-s?$medium$&fmt=auto&qlt=default
가방-벨트백,MMZGSFI02BK001,Fursten 맥시 모노그램 레더 벨트백,,https://kr.mcmworldwide.com/ko_KR/%EA%B0%80%EB%B0%A9/%EB%B2%A8%ED%8A%B8%EB%B0%B1/fursten-%EB%A7%A5%EC%8B%9C-%EB%AA%A8%EB%85%B8%EA%B7%B8%EB%9E%A8-%EB%A0%88%EB%8D%94-%EB%B2%A8%ED%8A%B8%EB%B0%B1/MMZGSFI02BK001.html?cgid=bags-belt-bags,https://images.mcmworldwide.com/i/mcmworldwide/MMZGSFI02BK001_01/fursten-black-m?$medium$&fmt=auto&qlt=default
가방-벨트백,MMZAAFI01CO001,비세토스 프루스튼 벨트백,,https://kr.mcmworldwide.com/ko_KR/%EA%B0%80%EB%B0%A9/%EB%B2%A8%ED%8A%B8%EB%B0%B1/%EB%B9%84%EC%84%B8%ED%86%A0%EC%8A%A4-%ED%94%84%EB%A3%A8%EC%8A%A4%ED%8A%BC-%EB%B2%A8%ED%8A%B8%EB%B0%B1/MMZAAFI01CO001.html?cgid=bags-belt-bags,https://images.mcmworldwide.com/i/mcmworldwide/MMZAAFI01CO001_01/-cognac-m?$medium$&fmt=auto&qlt=default
가방-벨트백,MMZAAFI04CO001,비세토스 프루스튼 벨트백,,https://kr.mcmworldwide.com/ko_KR/%EA%B0%80%EB%B0%A9/%EB%B2%A8%ED%8A%B8%EB%B0%B1/%EB%B9%84%EC%84%B8%ED%86%A0%EC%8A%A4-%ED%94%84%EB%A3%A8%EC%8A%A4%ED%8A%BC-%EB%B2%A8%ED%8A%B8%EB%B0%B1/MMZAAFI04CO001.html?cgid=bags-belt-bags,https://images.mcmworldwide.com/i/mcmworldwide/MMZAAFI04CO001_01/-cognac-s?$medium$&fmt=auto&qlt=default
가방-벨트백,MMZAAFI01BK001,비세토스 프루스튼 벨트백,,https://kr.mcmworldwide.com/ko_KR/%EA%B0%80%EB%B0%A9/%EB%B2%A8%ED%8A%B8%EB%B0%B1/%EB%B9%84%EC%84%B8%ED%86%A0%EC%8A%A4-%ED%94%84%EB%A3%A8%EC%8A%A4%ED%8A%BC-%EB%B2%A8%ED%8A%B8%EB%B0%B1/MMZAAFI01BK001.html?cgid=bags-belt-bags,https://images.mcmworldwide.com/i/mcmworldwide/MMZAAFI01BK001_01/-black-m?$medium$&fmt=auto&qlt=default
가방-벨트백,MMZAAFI04BK001,비세토스 프루스튼 벨트백,,https://kr.mcmworldwide.com/ko_KR/%EA%B0%80%EB%B0%A9/%EB%B2%A8%ED%8A%B8%EB%B0%B1/%EB%B9%84%EC%84%B8%ED%86%A0%EC%8A%A4-%ED%94%84%EB%A3%A8%EC%8A%A4%ED%8A%BC-%EB%B2%A8%ED%8A%B8%EB%B0%B1/MMZAAFI04BK001.html?cgid=bags-belt-bags,https://images.mcmworldwide.com/i/mcmworldwide/MMZAAFI04BK001_01/-black-s?$medium$&fmt=auto&qlt=default
가방-벨트백,MMZGSFI01BK001,Fursten 모노그램 나일론 벨트백,,https://kr.mcmworldwide.com/ko_KR/%EA%B0%80%EB%B0%A9/%EB%B2%A8%ED%8A%B8%EB%B0%B1/fursten-%EB%AA%A8%EB%85%B8%EA%B7%B8%EB%9E%A8-%EB%82%98%EC%9D%BC%EB%A1%A0-%EB%B2%A8%ED%8A%B8%EB%B0%B1/MMZGSFI01BK001.html?cgid=bags-belt-bags,https://images.mcmworldwide.com/i/mcmworldwide/MMZGSFI01BK001_01/fursten-black-m?$medium$&fmt=auto&qlt=default
가방-벨트백,MMZESFI01BK001,Fursten 맥시 모노그램 레더 벨트백,,https://kr.mcmworldwide.com/ko_KR/%EA%B0%80%EB%B0%A9/%EB%B2%A8%ED%8A%B8%EB%B0%B1/fursten-%EB%A7%A5%EC%8B%9C-%EB%AA%A8%EB%85%B8%EA%B7%B8%EB%9E%A8-%EB%A0%88%EB%8D%94-%EB%B2%A8%ED%8A%B8%EB%B0%B1/MMZESFI01BK001.html?cgid=bags-belt-bags,https://images.mcmworldwide.com/i/mcmworldwide/MMZESFI01BK001_01/fursten-black-m?$medium$&fmt=auto&qlt=default
가방-벨트백,MMZFSFI03BK001,Fursten 리사이클 나일론 벨트 백,,https://kr.mcmworldwide.com/ko_KR/%EA%B0%80%EB%B0%A9/%EB%B2%A8%ED%8A%B8%EB%B0%B1/fursten-%EB%A6%AC%EC%82%AC%EC%9D%B4%ED%81%B4-%EB%82%98%EC%9D%BC%EB%A1%A0-%EB%B2%A8%ED%8A%B8-%EB%B0%B1/MMZFSFI03BK001.html?cgid=bags-belt-bags,https://images.mcmworldwide.com/i/mcmworldwide/MMZFSFI03BK001_01/fursten-black-m?$medium$&fmt=auto&qlt=default
가방-벨트백,MMZGAFI01K8001,Fursten 비세토스 벨트 백,,https://kr.mcmworldwide.com/ko_KR/%EA%B0%80%EB%B0%A9/%EB%B2%A8%ED%8A%B8%EB%B0%B1/fursten-%EB%B9%84%EC%84%B8%ED%86%A0%EC%8A%A4-%EB%B2%A8%ED%8A%B8-%EB%B0%B1/MMZGAFI01K8001.html?cgid=bags-belt-bags,https://images.mcmworldwide.com/i/mcmworldwide/MMZGAFI01K8001_01/fursten-khaki-moss-m?$medium$&fmt=auto&qlt=default
가방-미니백,MWRGAOB01CO001,Pina 비세토스 탬버린 백,,https://kr.mcmworldwide.com/ko_KR/%EA%B0%80%EB%B0%A9/%EB%AF%B8%EB%8B%88%EB%B0%B1/pina-%EB%B9%84%EC%84%B8%ED%86%A0%EC%8A%A4-%ED%83%AC%EB%B2%84%EB%A6%B0-%EB%B0%B1-/MWRGAOB01CO001.html?cgid=bags-mini-bags,https://images.mcmworldwide.com/i/mcmworldwide/MWRGAOB01CO001_01/pina-cognac-s?$medium$&fmt=auto&qlt=default
가방-미니백,MWRGAOB03BK001,Pina 스터드 장식 카프스킨 탬버린 백,,https://kr.mcmworldwide.com/ko_KR/%EA%B0%80%EB%B0%A9/%EB%AF%B8%EB%8B%88%EB%B0%B1/pina-%EC%8A%A4%ED%84%B0%EB%93%9C-%EC%9E%A5%EC%8B%9D-%EC%B9%B4%ED%94%84%EC%8A%A4%ED%82%A8-%ED%83%AC%EB%B2%84%EB%A6%B0-%EB%B0%B1/MWRGAOB03BK001.html?cgid=bags-mini-bags,https://images.mcmworldwide.com/i/mcmworldwide/MWRGAOB03BK001_01/pina-black-s?$medium$&fmt=auto&qlt=default
가방-미니백,MYLGATA01CO001,Pina 스터드 장식 크로스바디 월렛,,https://kr.mcmworldwide.com/ko_KR/%EA%B0%80%EB%B0%A9/%EB%AF%B8%EB%8B%88%EB%B0%B1/pina-%EC%8A%A4%ED%84%B0%EB%93%9C-%EC%9E%A5%EC%8B%9D-%ED%81%AC%EB%A1%9C%EC%8A%A4%EB%B0%94%EB%94%94-%EC%9B%94%EB%A0%9B/MYLGATA01CO001.html?cgid=bags-mini-bags,https://images.mcmworldwide.com/i/mcmworldwide/MYLGATA01CO001_01/pina-cognac-l?$medium$&fmt=auto&qlt=default
가방-미니백,MYLGATA03BK001,Pina 스터드 장식 크로스바디 월렛,,https://kr.mcmworldwide.com/ko_KR/%EA%B0%80%EB%B0%A9/%EB%AF%B8%EB%8B%88%EB%B0%B1/pina-%EC%8A%A4%ED%84%B0%EB%93%9C-%EC%9E%A5%EC%8B%9D-%ED%81%AC%EB%A1%9C%EC%8A%A4%EB%B0%94%EB%94%94-%EC%9B%94%EB%A0%9B/MYLGATA03BK001.html?cgid=bags-mini-bags,https://images.mcmworldwide.com/i/mcmworldwide/MYLGATA03BK001_01/pina-black-l?$medium$&fmt=auto&qlt=default
가방-미니백,MWDGADU01CO001,Dessau 비세토스 드로우스트링 백,,https://kr.mcmworldwide.com/ko_KR/%EA%B0%80%EB%B0%A9/%EB%AF%B8%EB%8B%88%EB%B0%B1/dessau-%EB%B9%84%EC%84%B8%ED%86%A0%EC%8A%A4-%EB%93%9C%EB%A1%9C%EC%9A%B0%EC%8A%A4%ED%8A%B8%EB%A7%81-%EB%B0%B1/MWDGADU01CO001.html?cgid=bags-mini-bags,https://images.mcmworldwide.com/i/mcmworldwide/MWDGADU01CO001_01/dessau-cognac-?$medium$&fmt=auto&qlt=default
가방-미니백,MWDGADU03BK001,Pina 스터드 장식 카프스킨 드로우스트링 백,,https://kr.mcmworldwide.com/ko_KR/%EA%B0%80%EB%B0%A9/%EB%AF%B8%EB%8B%88%EB%B0%B1/pina-%EC%8A%A4%ED%84%B0%EB%93%9C-%EC%9E%A5%EC%8B%9D-%EC%B9%B4%ED%94%84%EC%8A%A4%ED%82%A8-%EB%93%9C%EB%A1%9C%EC%9A%B0%EC%8A%A4%ED%8A%B8%EB%A7%81-%EB%B0%B1/MWDGADU03BK001.html?cgid=bags-mini-bags,https://images.mcmworldwide.com/i/mcmworldwide/MWDGADU03BK001_01/pina-black-?$medium$&fmt=auto&qlt=default
가방-미니백,MMLGATA04CO001,Aren 비세토스 슬링백,,https://kr.mcmworldwide.com/ko_KR/%EA%B0%80%EB%B0%A9/%EB%AF%B8%EB%8B%88%EB%B0%B1/aren-%EB%B9%84%EC%84%B8%ED%86%A0%EC%8A%A4-%EC%8A%AC%EB%A7%81%EB%B0%B1/MMLGATA04CO001.html?cgid=bags-mini-bags,https://images.mcmworldwide.com/i/mcmworldwide/MMLGATA04CO001_01/aren-cognac-?$medium$&fmt=auto&qlt=default
가방-미니백,MWRGATA01BK001,Pina 스터드 장식 카프스킨 베니티 케이스,,https://kr.mcmworldwide.com/ko_KR/%EA%B0%80%EB%B0%A9/%EB%AF%B8%EB%8B%88%EB%B0%B1/pina-%EC%8A%A4%ED%84%B0%EB%93%9C-%EC%9E%A5%EC%8B%9D-%EC%B9%B4%ED%94%84%EC%8A%A4%ED%82%A8-%EB%B2%A0%EB%8B%88%ED%8B%B0-%EC%BC%80%EC%9D%B4%EC%8A%A4/MWRGATA01BK001.html?cgid=bags-mini-bags,https://images.mcmworldwide.com/i/mcmworldwide/MWRGATA01BK001_01/pina-black-?$medium$&fmt=auto&qlt=default
가방-미니백,MWBGAUP01CO001,MCM X ATEEZ with MINGI Ella 비세토스 보스턴,,https://kr.mcmworldwide.com/ko_KR/%EA%B0%80%EB%B0%A9/%EB%AF%B8%EB%8B%88%EB%B0%B1/mcm-x-ateez-with-mingi-ella-%EB%B9%84%EC%84%B8%ED%86%A0%EC%8A%A4-%EB%B3%B4%EC%8A%A4%ED%84%B4/MWBGAUP01CO001.html?cgid=bags-mini-bags,https://images.mcmworldwide.com/i/mcmworldwide/MWBGAUP01CO001_01/mcm-x-ateez-with-mingi-ella-cognac-?$medium$&fmt=auto&qlt=default
가방-미니백,MWCGAAK01CO001,Diamond 비세토스 레더 믹스 클러치,,https://kr.mcmworldwide.com/ko_KR/%EA%B0%80%EB%B0%A9/%EB%AF%B8%EB%8B%88%EB%B0%B1/diamond-%EB%B9%84%EC%84%B8%ED%86%A0%EC%8A%A4-%EB%A0%88%EB%8D%94-%EB%AF%B9%EC%8A%A4-%ED%81%B4%EB%9F%AC%EC%B9%98/MWCGAAK01CO001.html?cgid=bags-mini-bags,https://images.mcmworldwide.com/i/mcmworldwide/MWCGAAK01CO001_01/diamond-cognac-s?$medium$&fmt=auto&qlt=default
가방-미니백,MXZGSTA01CO001,Aren 비세토스 핸드폰 랜야드,,https://kr.mcmworldwide.com/ko_KR/%EA%B0%80%EB%B0%A9/%EB%AF%B8%EB%8B%88%EB%B0%B1/aren-%EB%B9%84%EC%84%B8%ED%86%A0%EC%8A%A4-%ED%95%B8%EB%93%9C%ED%8F%B0-%EB%9E%9C%EC%95%BC%EB%93%9C/MXZGSTA01CO001.html?cgid=bags-mini-bags,https://images.mcmworldwide.com/i/mcmworldwide/MXZGSTA01CO001_01/aren-cognac-s?$medium$&fmt=auto&qlt=default
가방-미니백,MXZGATA12PZ001,Aren Crossbody Wallet in Visetos,,https://kr.mcmworldwide.com/ko_KR/%EA%B0%80%EB%B0%A9/%EB%AF%B8%EB%8B%88%EB%B0%B1/aren-crossbody-wallet-in-visetos/MXZGATA12PZ001.html?cgid=bags-mini-bags,https://images.mcmworldwide.com/i/mcmworldwide/MXZGATA12PZ001_01/aren-crossbody-wallet-in-visetos-soft-pink-m?$medium$&fmt=auto&qlt=default
가방-미니백,MXZGATA04BK001,Aren 엠보스드 모노그램 레더 크로스바디 지갑,,https://kr.mcmworldwide.com/ko_KR/%EA%B0%80%EB%B0%A9/%EB%AF%B8%EB%8B%88%EB%B0%B1/aren-%EC%97%A0%EB%B3%B4%EC%8A%A4%EB%93%9C-%EB%AA%A8%EB%85%B8%EA%B7%B8%EB%9E%A8-%EB%A0%88%EB%8D%94-%ED%81%AC%EB%A1%9C%EC%8A%A4%EB%B0%94%EB%94%94-%EC%A7%80%EA%B0%91/MXZGATA04BK001.html?cgid=bags-mini-bags,https://images.mcmworldwide.com/i/mcmworldwide/MXZGATA04BK001_01/aren-black-?$medium$&fmt=auto&qlt=default
가방-미니백,MYLFATA01CO001,Aren 비세토스 크로스바디 월렛,,https://kr.mcmworldwide.com/ko_KR/%EA%B0%80%EB%B0%A9/%EB%AF%B8%EB%8B%88%EB%B0%B1/aren-%EB%B9%84%EC%84%B8%ED%86%A0%EC%8A%A4-%ED%81%AC%EB%A1%9C%EC%8A%A4%EB%B0%94%EB%94%94-%EC%9B%94%EB%A0%9B/MYLFATA01CO001.html?cgid=bags-mini-bags,https://images.mcmworldwide.com/i/mcmworldwide/MYLFATA01CO001_01/aren-cognac-l?$medium$&fmt=auto&qlt=default
가방-미니백,MYLFATA01PZ001,Aren 비세토스 크로스바디 월렛,,https://kr.mcmworldwide.com/ko_KR/%EA%B0%80%EB%B0%A9/%EB%AF%B8%EB%8B%88%EB%B0%B1/aren-%EB%B9%84%EC%84%B8%ED%86%A0%EC%8A%A4-%ED%81%AC%EB%A1%9C%EC%8A%A4%EB%B0%94%EB%94%94-%EC%9B%94%EB%A0%9B/MYLFATA01PZ001.html?cgid=bags-mini-bags,https://images.mcmworldwide.com/i/mcmworldwide/MYLFATA01PZ001_01/aren-soft-pink-l?$medium$&fmt=auto&qlt=default
가방-미니백,MYLGSTA01BK001,Aren 엠보스드 모노그램 레더 체인 월렛,,https://kr.mcmworldwide.com/ko_KR/%EA%B0%80%EB%B0%A9/%EB%AF%B8%EB%8B%88%EB%B0%B1/aren-%EC%97%A0%EB%B3%B4%EC%8A%A4%EB%93%9C-%EB%AA%A8%EB%85%B8%EA%B7%B8%EB%9E%A8-%EB%A0%88%EB%8D%94-%EC%B2%B4%EC%9D%B8-%EC%9B%94%EB%A0%9B/MYLGSTA01BK001.html?cgid=bags-mini-bags,https://images.mcmworldwide.com/i/mcmworldwide/MYLGSTA01BK001_01/aren-black-l?$medium$&fmt=auto&qlt=default
가방-미니백,MYLGSTA01QA001,Aren 엠보스드 모노그램 레더 체인 월렛,,https://kr.mcmworldwide.com/ko_KR/%EA%B0%80%EB%B0%A9/%EB%AF%B8%EB%8B%88%EB%B0%B1/aren-%EC%97%A0%EB%B3%B4%EC%8A%A4%EB%93%9C-%EB%AA%A8%EB%85%B8%EA%B7%B8%EB%9E%A8-%EB%A0%88%EB%8D%94-%EC%B2%B4%EC%9D%B8-%EC%9B%94%EB%A0%9B/MYLGSTA01QA001.html?cgid=bags-mini-bags,https://images.mcmworldwide.com/i/mcmworldwide/MYLGSTA01QA001_01/aren-lotus-pink-l?$medium$&fmt=auto&qlt=default
가방-미니백,MWRGSTA02CO001,Aren 비세토스 레더 믹스 베니티 케이스,,https://kr.mcmworldwide.com/ko_KR/%EA%B0%80%EB%B0%A9/%EB%AF%B8%EB%8B%88%EB%B0%B1/aren-%EB%B9%84%EC%84%B8%ED%86%A0%EC%8A%A4-%EB%A0%88%EB%8D%94-%EB%AF%B9%EC%8A%A4-%EB%B2%A0%EB%8B%88%ED%8B%B0-%EC%BC%80%EC%9D%B4%EC%8A%A4/MWRGSTA02CO001.html?cgid=bags-mini-bags,https://images.mcmworldwide.com/i/mcmworldwide/MWRGSTA02CO001_01/aren-cognac-?$medium$&fmt=auto&qlt=default
가방-미니백,MWRGATA05CO001,Aren 비세토스 레더 믹스 베니티 케이스,,https://kr.mcmworldwide.com/ko_KR/%EA%B0%80%EB%B0%A9/%EB%AF%B8%EB%8B%88%EB%B0%B1/aren-%EB%B9%84%EC%84%B8%ED%86%A0%EC%8A%A4-%EB%A0%88%EB%8D%94-%EB%AF%B9%EC%8A%A4-%EB%B2%A0%EB%8B%88%ED%8B%B0-%EC%BC%80%EC%9D%B4%EC%8A%A4/MWRGATA05CO001.html?cgid=bags-mini-bags,https://images.mcmworldwide.com/i/mcmworldwide/MWRGATA05CO001_01/aren-cognac-s?$medium$&fmt=auto&qlt=default
가방-미니백,MWRGSTA02PZ001,Aren 비세토스 레더 믹스 베니티 케이스,,https://kr.mcmworldwide.com/ko_KR/%EA%B0%80%EB%B0%A9/%EB%AF%B8%EB%8B%88%EB%B0%B1/aren-%EB%B9%84%EC%84%B8%ED%86%A0%EC%8A%A4-%EB%A0%88%EB%8D%94-%EB%AF%B9%EC%8A%A4-%EB%B2%A0%EB%8B%88%ED%8B%B0-%EC%BC%80%EC%9D%B4%EC%8A%A4/MWRGSTA02PZ001.html?cgid=bags-mini-bags,https://images.mcmworldwide.com/i/mcmworldwide/MWRGSTA02PZ001_01/aren-soft-pink-?$medium$&fmt=auto&qlt=default
가방-미니백,MWRGSTA01BK001,Aren 맥시 모노그램 레더 베니티 케이스,,https://kr.mcmworldwide.com/ko_KR/%EA%B0%80%EB%B0%A9/%EB%AF%B8%EB%8B%88%EB%B0%B1/aren-%EB%A7%A5%EC%8B%9C-%EB%AA%A8%EB%85%B8%EA%B7%B8%EB%9E%A8-%EB%A0%88%EB%8D%94-%EB%B2%A0%EB%8B%88%ED%8B%B0-%EC%BC%80%EC%9D%B4%EC%8A%A4/MWRGSTA01BK001.html?cgid=bags-mini-bags,https://images.mcmworldwide.com/i/mcmworldwide/MWRGSTA01BK001_01/aren-black-?$medium$&fmt=auto&qlt=default
가방-미니백,MWRGATA05BK001,Aren 비세토스 레더 믹스 베니티 케이스,,https://kr.mcmworldwide.com/ko_KR/%EA%B0%80%EB%B0%A9/%EB%AF%B8%EB%8B%88%EB%B0%B1/aren-%EB%B9%84%EC%84%B8%ED%86%A0%EC%8A%A4-%EB%A0%88%EB%8D%94-%EB%AF%B9%EC%8A%A4-%EB%B2%A0%EB%8B%88%ED%8B%B0-%EC%BC%80%EC%9D%B4%EC%8A%A4/MWRGATA05BK001.html?cgid=bags-mini-bags,https://images.mcmworldwide.com/i/mcmworldwide/MWRGATA05BK001_01/aren-black-s?$medium$&fmt=auto&qlt=default
가방-미니백,MWRGSTA01OQ001,Aren 맥시 모노그램 레더 베니티 케이스,,https://kr.mcmworldwide.com/ko_KR/%EA%B0%80%EB%B0%A9/%EB%AF%B8%EB%8B%88%EB%B0%B1/aren-%EB%A7%A5%EC%8B%9C-%EB%AA%A8%EB%85%B8%EA%B7%B8%EB%9E%A8-%EB%A0%88%EB%8D%94-%EB%B2%A0%EB%8B%88%ED%8B%B0-%EC%BC%80%EC%9D%B4%EC%8A%A4/MWRGSTA01OQ001.html?cgid=bags-mini-bags,https://images.mcmworldwide.com/i/mcmworldwide/MWRGSTA01OQ001_01/aren-orangeade-?$medium$&fmt=auto&qlt=default
가방-미니백,MWRGSTA01QA001,Aren 맥시 모노그램 레더 베니티 케이스,,https://kr.mcmworldwide.com/ko_KR/%EA%B0%80%EB%B0%A9/%EB%AF%B8%EB%8B%88%EB%B0%B1/aren-%EB%A7%A5%EC%8B%9C-%EB%AA%A8%EB%85%B8%EA%B7%B8%EB%9E%A8-%EB%A0%88%EB%8D%94-%EB%B2%A0%EB%8B%88%ED%8B%B0-%EC%BC%80%EC%9D%B4%EC%8A%A4/MWRGSTA01QA001.html?cgid=bags-mini-bags,https://images.mcmworldwide.com/i/mcmworldwide/MWRGSTA01QA001_01/aren-lotus-pink-?$medium$&fmt=auto&qlt=default
가방-미니백,MWRGSXT01CO001,Tracy 비세토스 레더 믹스 크로스바디,,https://kr.mcmworldwide.com/ko_KR/%EA%B0%80%EB%B0%A9/%EB%AF%B8%EB%8B%88%EB%B0%B1/tracy-%EB%B9%84%EC%84%B8%ED%86%A0%EC%8A%A4-%EB%A0%88%EB%8D%94-%EB%AF%B9%EC%8A%A4-%ED%81%AC%EB%A1%9C%EC%8A%A4%EB%B0%94%EB%94%94/MWRGSXT01CO001.html?cgid=bags-mini-bags,https://images.mcmworldwide.com/i/mcmworldwide/MWRGSXT01CO001_01/tracy-cognac-?$medium$&fmt=auto&qlt=default
가방-미니백,MWRGSXT01BK001,Tracy 비세토스 레더 믹스 크로스바디,,https://kr.mcmworldwide.com/ko_KR/%EA%B0%80%EB%B0%A9/%EB%AF%B8%EB%8B%88%EB%B0%B1/tracy-%EB%B9%84%EC%84%B8%ED%86%A0%EC%8A%A4-%EB%A0%88%EB%8D%94-%EB%AF%B9%EC%8A%A4-%ED%81%AC%EB%A1%9C%EC%8A%A4%EB%B0%94%EB%94%94/MWRGSXT01BK001.html?cgid=bags-mini-bags,https://images.mcmworldwide.com/i/mcmworldwide/MWRGSXT01BK001_01/tracy-black-?$medium$&fmt=auto&qlt=default
가방-미니백,MWREATA01CO001,비세토스 아렌 숄더 백.,,https://kr.mcmworldwide.com/ko_KR/%EA%B0%80%EB%B0%A9/%EB%AF%B8%EB%8B%88%EB%B0%B1/%EB%B9%84%EC%84%B8%ED%86%A0%EC%8A%A4-%EC%95%84%EB%A0%8C-%EC%88%84%EB%8D%94-%EB%B0%B1./MWREATA01CO001.html?cgid=bags-mini-bags,https://images.mcmworldwide.com/i/mcmworldwide/MWREATA01CO001_01/-cognac-?$medium$&fmt=auto&qlt=default
가방-미니백,MWRGSTA03BK001,Aren 비세토스 숄더백,,https://kr.mcmworldwide.com/ko_KR/%EA%B0%80%EB%B0%A9/%EB%AF%B8%EB%8B%88%EB%B0%B1/aren-%EB%B9%84%EC%84%B8%ED%86%A0%EC%8A%A4-%EC%88%84%EB%8D%94%EB%B0%B1/MWRGSTA03BK001.html?cgid=bags-mini-bags,https://images.mcmworldwide.com/i/mcmworldwide/MWRGSTA03BK001_01/aren-black-?$medium$&fmt=auto&qlt=default
가방-미니백,MYZGATA05CO001,Aren 비세토스 트라이엥글 크로스바디,,https://kr.mcmworldwide.com/ko_KR/%EA%B0%80%EB%B0%A9/%EB%AF%B8%EB%8B%88%EB%B0%B1/aren-%EB%B9%84%EC%84%B8%ED%86%A0%EC%8A%A4-%ED%8A%B8%EB%9D%BC%EC%9D%B4%EC%97%A5%EA%B8%80-%ED%81%AC%EB%A1%9C%EC%8A%A4%EB%B0%94%EB%94%94/MYZGATA05CO001.html?cgid=bags-mini-bags,https://images.mcmworldwide.com/i/mcmworldwide/MYZGATA05CO001_01/aren-cognac-?$medium$&fmt=auto&qlt=default
가방-미니백,MYLFATA03CO001,Aren 비세토스 체인 월렛,,https://kr.mcmworldwide.com/ko_KR/%EA%B0%80%EB%B0%A9/%EB%AF%B8%EB%8B%88%EB%B0%B1/aren-%EB%B9%84%EC%84%B8%ED%86%A0%EC%8A%A4-%EC%B2%B4%EC%9D%B8-%EC%9B%94%EB%A0%9B/MYLFATA03CO001.html?cgid=bags-mini-bags,https://images.mcmworldwide.com/i/mcmworldwide/MYLFATA03CO001_01/aren-cognac-?$medium$&fmt=auto&qlt=default
가방-미니백,MYLFATA03PZ001,Aren 비세토스 체인 월렛,,https://kr.mcmworldwide.com/ko_KR/%EA%B0%80%EB%B0%A9/%EB%AF%B8%EB%8B%88%EB%B0%B1/aren-%EB%B9%84%EC%84%B8%ED%86%A0%EC%8A%A4-%EC%B2%B4%EC%9D%B8-%EC%9B%94%EB%A0%9B/MYLFATA03PZ001.html?cgid=bags-mini-bags,https://images.mcmworldwide.com/i/mcmworldwide/MYLFATA03PZ001_01/aren-soft-pink-?$medium$&fmt=auto&qlt=default
가방-미니백,MYLGSTA02BK001,Aren 엠보스드 모노그램 레더 체인 월렛,,https://kr.mcmworldwide.com/ko_KR/%EA%B0%80%EB%B0%A9/%EB%AF%B8%EB%8B%88%EB%B0%B1/aren-%EC%97%A0%EB%B3%B4%EC%8A%A4%EB%93%9C-%EB%AA%A8%EB%85%B8%EA%B7%B8%EB%9E%A8-%EB%A0%88%EB%8D%94-%EC%B2%B4%EC%9D%B8-%EC%9B%94%EB%A0%9B/MYLGSTA02BK001.html?cgid=bags-mini-bags,https://images.mcmworldwide.com/i/mcmworldwide/MYLGSTA02BK001_01/aren-black-?$medium$&fmt=auto&qlt=default
가방-미니백,MWPGSMT024B001,Toni 비세토스 탑 지퍼 쇼퍼,,https://kr.mcmworldwide.com/ko_KR/%EA%B0%80%EB%B0%A9/%EB%AF%B8%EB%8B%88%EB%B0%B1/toni-%EB%B9%84%EC%84%B8%ED%86%A0%EC%8A%A4-%ED%83%91-%EC%A7%80%ED%8D%BC-%EC%87%BC%ED%8D%BC/MWPGSMT024B001.html?cgid=bags-mini-bags,https://images.mcmworldwide.com/i/mcmworldwide/MWPGSMT024B001_01/toni-cinnamon-?$medium$&fmt=auto&qlt=default
가방-미니백,MWPGSMT02WT001,Toni 비세토스 탑 지퍼 쇼퍼,,https://kr.mcmworldwide.com/ko_KR/%EA%B0%80%EB%B0%A9/%EB%AF%B8%EB%8B%88%EB%B0%B1/toni-%EB%B9%84%EC%84%B8%ED%86%A0%EC%8A%A4-%ED%83%91-%EC%A7%80%ED%8D%BC-%EC%87%BC%ED%8D%BC/MWPGSMT02WT001.html?cgid=bags-mini-bags,https://images.mcmworldwide.com/i/mcmworldwide/MWPGSMT02WT001_01/toni-white-?$medium$&fmt=auto&qlt=default
가방-미니백,MWPAATN04CO001,Toni 비세토스 상단 지퍼 쇼퍼,,https://kr.mcmworldwide.com/ko_KR/%EA%B0%80%EB%B0%A9/%EB%AF%B8%EB%8B%88%EB%B0%B1/toni-%EB%B9%84%EC%84%B8%ED%86%A0%EC%8A%A4-%EC%83%81%EB%8B%A8-%EC%A7%80%ED%8D%BC-%EC%87%BC%ED%8D%BC/MWPAATN04CO001.html?cgid=bags-mini-bags,https://images.mcmworldwide.com/i/mcmworldwide/MWPAATN04CO001_01/toni-cognac-?$medium$&fmt=auto&qlt=default
가방-미니백,MWPAATN04BK001,Toni 비세토스 상단 지퍼 쇼퍼,,https://kr.mcmworldwide.com/ko_KR/%EA%B0%80%EB%B0%A9/%EB%AF%B8%EB%8B%88%EB%B0%B1/toni-%EB%B9%84%EC%84%B8%ED%86%A0%EC%8A%A4-%EC%83%81%EB%8B%A8-%EC%A7%80%ED%8D%BC-%EC%87%BC%ED%8D%BC/MWPAATN04BK001.html?cgid=bags-mini-bags,https://images.mcmworldwide.com/i/mcmworldwide/MWPAATN04BK001_01/toni-black-?$medium$&fmt=auto&qlt=default
가방-미니백,MWPFSMT06PZ001,Toni 비세토스 상단 지퍼 쇼퍼,,https://kr.mcmworldwide.com/ko_KR/%EA%B0%80%EB%B0%A9/%EB%AF%B8%EB%8B%88%EB%B0%B1/toni-%EB%B9%84%EC%84%B8%ED%86%A0%EC%8A%A4-%EC%83%81%EB%8B%A8-%EC%A7%80%ED%8D%BC-%EC%87%BC%ED%8D%BC/MWPFSMT06PZ001.html?cgid=bags-mini-bags,https://images.mcmworldwide.com/i/mcmworldwide/MWPFSMT06PZ001_01/toni-soft-pink-?$medium$&fmt=auto&qlt=default
가방-미니백,MWPFAMT08K8001,Toni 비세토스 탑 지퍼 쇼퍼,,https://kr.mcmworldwide.com/ko_KR/%EA%B0%80%EB%B0%A9/%EB%AF%B8%EB%8B%88%EB%B0%B1/toni-%EB%B9%84%EC%84%B8%ED%86%A0%EC%8A%A4-%ED%83%91-%EC%A7%80%ED%8D%BC-%EC%87%BC%ED%8D%BC/MWPFAMT08K8001.html?cgid=bags-mini-bags,https://images.mcmworldwide.com/i/mcmworldwide/MWPFAMT08K8001_01/toni-khaki-moss-?$medium$&fmt=auto&qlt=default
가방-미니백,MWPAATN04I8001,Toni 비세토스 상단 지퍼 쇼퍼,,https://kr.mcmworldwide.com/ko_KR/%EA%B0%80%EB%B0%A9/%EB%AF%B8%EB%8B%88%EB%B0%B1/toni-%EB%B9%84%EC%84%B8%ED%86%A0%EC%8A%A4-%EC%83%81%EB%8B%A8-%EC%A7%80%ED%8D%BC-%EC%87%BC%ED%8D%BC/MWPAATN04I8001.html?cgid=bags-mini-bags,https://images.mcmworldwide.com/i/mcmworldwide/MWPAATN04I8001_01/toni-beige-black-?$medium$&fmt=auto&qlt=default
가방-미니백,MWPGSMT04BK001,Toni 맥시 모노그램 레더 탑 지퍼 쇼퍼,,https://kr.mcmworldwide.com/ko_KR/%EA%B0%80%EB%B0%A9/%EB%AF%B8%EB%8B%88%EB%B0%B1/toni-%EB%A7%A5%EC%8B%9C-%EB%AA%A8%EB%85%B8%EA%B7%B8%EB%9E%A8-%EB%A0%88%EB%8D%94-%ED%83%91-%EC%A7%80%ED%8D%BC-%EC%87%BC%ED%8D%BC/MWPGSMT04BK001.html?cgid=bags-mini-bags,https://images.mcmworldwide.com/i/mcmworldwide/MWPGSMT04BK001_01/toni-black-?$medium$&fmt=auto&qlt=default
가방-미니백,MWPGSMT03WT001,Toni 비세토스 탑 지퍼 쇼퍼,,https://kr.mcmworldwide.com/ko_KR/%EA%B0%80%EB%B0%A9/%EB%AF%B8%EB%8B%88%EB%B0%B1/toni-%EB%B9%84%EC%84%B8%ED%86%A0%EC%8A%A4-%ED%83%91-%EC%A7%80%ED%8D%BC-%EC%87%BC%ED%8D%BC/MWPGSMT03WT001.html?cgid=bags-mini-bags,https://images.mcmworldwide.com/i/mcmworldwide/MWPGSMT03WT001_01/toni-white-?$medium$&fmt=auto&qlt=default
가방-미니백,MWPFSMT03PZ001,Toni 비세토스 상단 지퍼 쇼퍼,,https://kr.mcmworldwide.com/ko_KR/%EA%B0%80%EB%B0%A9/%EB%AF%B8%EB%8B%88%EB%B0%B1/toni-%EB%B9%84%EC%84%B8%ED%86%A0%EC%8A%A4-%EC%83%81%EB%8B%A8-%EC%A7%80%ED%8D%BC-%EC%87%BC%ED%8D%BC/MWPFSMT03PZ001.html?cgid=bags-mini-bags,https://images.mcmworldwide.com/i/mcmworldwide/MWPFSMT03PZ001_01/toni-soft-pink-?$medium$&fmt=auto&qlt=default
가방-미니백,MWPFSMT03BK001,Toni 비세토스 탑 지퍼 숄더,,https://kr.mcmworldwide.com/ko_KR/%EA%B0%80%EB%B0%A9/%EB%AF%B8%EB%8B%88%EB%B0%B1/toni-%EB%B9%84%EC%84%B8%ED%86%A0%EC%8A%A4-%ED%83%91-%EC%A7%80%ED%8D%BC-%EC%88%84%EB%8D%94/MWPFSMT03BK001.html?cgid=bags-mini-bags,https://images.mcmworldwide.com/i/mcmworldwide/MWPFSMT03BK001_01/toni-black-?$medium$&fmt=auto&qlt=default
가방-미니백,MWBESEA01CO001,Ella 비세토스 보스턴 백,,https://kr.mcmworldwide.com/ko_KR/%EA%B0%80%EB%B0%A9/%EB%AF%B8%EB%8B%88%EB%B0%B1/ella-%EB%B9%84%EC%84%B8%ED%86%A0%EC%8A%A4-%EB%B3%B4%EC%8A%A4%ED%84%B4-%EB%B0%B1/MWBESEA01CO001.html?cgid=bags-mini-bags,https://images.mcmworldwide.com/i/mcmworldwide/MWBESEA01CO001_01/ella-cognac-?$medium$&fmt=auto&qlt=default
가방-미니백,MWBESEA01BK001,Ella 비세토스 보스턴 백,,https://kr.mcmworldwide.com/ko_KR/%EA%B0%80%EB%B0%A9/%EB%AF%B8%EB%8B%88%EB%B0%B1/ella-%EB%B9%84%EC%84%B8%ED%86%A0%EC%8A%A4-%EB%B3%B4%EC%8A%A4%ED%84%B4-%EB%B0%B1/MWBESEA01BK001.html?cgid=bags-mini-bags,https://images.mcmworldwide.com/i/mcmworldwide/MWBESEA01BK001_01/ella-black-?$medium$&fmt=auto&qlt=default
가방-미니백,MWBESEA01PZ001,Ella 비세토스 보스턴 백,,https://kr.mcmworldwide.com/ko_KR/%EA%B0%80%EB%B0%A9/%EB%AF%B8%EB%8B%88%EB%B0%B1/ella-%EB%B9%84%EC%84%B8%ED%86%A0%EC%8A%A4-%EB%B3%B4%EC%8A%A4%ED%84%B4-%EB%B0%B1/MWBESEA01PZ001.html?cgid=bags-mini-bags,https://images.mcmworldwide.com/i/mcmworldwide/MWBESEA01PZ001_01/ella-soft-pink-?$medium$&fmt=auto&qlt=default
가방-미니백,MYLDSXT01BK001,Tracy 비세토스 체인 지갑,,https://kr.mcmworldwide.com/ko_KR/%EA%B0%80%EB%B0%A9/%EB%AF%B8%EB%8B%88%EB%B0%B1/tracy-%EB%B9%84%EC%84%B8%ED%86%A0%EC%8A%A4-%EC%B2%B4%EC%9D%B8-%EC%A7%80%EA%B0%91/MYLDSXT01BK001.html?cgid=bags-mini-bags,https://images.mcmworldwide.com/i/mcmworldwide/MYLDSXT01BK001_01/tracy-black-l?$medium$&fmt=auto&qlt=default
가방-미니백,MYLDSXT01PZ001,Tracy 비세토스 체인 지갑,,https://kr.mcmworldwide.com/ko_KR/%EA%B0%80%EB%B0%A9/%EB%AF%B8%EB%8B%88%EB%B0%B1/tracy-%EB%B9%84%EC%84%B8%ED%86%A0%EC%8A%A4-%EC%B2%B4%EC%9D%B8-%EC%A7%80%EA%B0%91/MYLDSXT01PZ001.html?cgid=bags-mini-bags,https://images.mcmworldwide.com/i/mcmworldwide/MYLDSXT01PZ001_01/tracy-soft-pink-l?$medium$&fmt=auto&qlt=default
가방-미니백,MYLDSXT01WT001,Tracy 비세토스 체인 지갑,,https://kr.mcmworldwide.com/ko_KR/%EA%B0%80%EB%B0%A9/%EB%AF%B8%EB%8B%88%EB%B0%B1/tracy-%EB%B9%84%EC%84%B8%ED%86%A0%EC%8A%A4-%EC%B2%B4%EC%9D%B8-%EC%A7%80%EA%B0%91/MYLDSXT01WT001.html?cgid=bags-mini-bags,https://images.mcmworldwide.com/i/mcmworldwide/MYLDSXT01WT001_01/tracy-white-l?$medium$&fmt=auto&qlt=default
가방-미니백,MYLDSXT01I8001,Tracy 비세토스 체인 지갑,,https://kr.mcmworldwide.com/ko_KR/%EA%B0%80%EB%B0%A9/%EB%AF%B8%EB%8B%88%EB%B0%B1/tracy-%EB%B9%84%EC%84%B8%ED%86%A0%EC%8A%A4-%EC%B2%B4%EC%9D%B8-%EC%A7%80%EA%B0%91/MYLDSXT01I8001.html?cgid=bags-mini-bags,https://images.mcmworldwide.com/i/mcmworldwide/MYLDSXT01I8001_01/tracy-beige-black-l?$medium$&fmt=auto&qlt=default
가방-미니백,MYLESXT01BK001,Tracy 엠보스드 모노그램 레더 체인 지갑,,https://kr.mcmworldwide.com/ko_KR/%EA%B0%80%EB%B0%A9/%EB%AF%B8%EB%8B%88%EB%B0%B1/tracy-%EC%97%A0%EB%B3%B4%EC%8A%A4%EB%93%9C-%EB%AA%A8%EB%85%B8%EA%B7%B8%EB%9E%A8-%EB%A0%88%EB%8D%94-%EC%B2%B4%EC%9D%B8-%EC%A7%80%EA%B0%91/MYLESXT01BK001.html?cgid=bags-mini-bags,https://images.mcmworldwide.com/i/mcmworldwide/MYLESXT01BK001_01/tracy-black-l?$medium$&fmt=auto&qlt=default
가방-미니백,MYLAAPA02CO001,Tracy 비세토스 크로스바디 지갑,,https://kr.mcmworldwide.com/ko_KR/%EA%B0%80%EB%B0%A9/%EB%AF%B8%EB%8B%88%EB%B0%B1/tracy-%EB%B9%84%EC%84%B8%ED%86%A0%EC%8A%A4-%ED%81%AC%EB%A1%9C%EC%8A%A4%EB%B0%94%EB%94%94-%EC%A7%80%EA%B0%91/MYLAAPA02CO001.html?cgid=bags-mini-bags,https://images.mcmworldwide.com/i/mcmworldwide/MYLAAPA02CO001_01/tracy-cognac-l?$medium$&fmt=auto&qlt=default
가방-미니백,MYZGSTA07QA001,Aren 맥시 모노그램 레더 체인 크로스바디,,https://kr.mcmworldwide.com/ko_KR/%EA%B0%80%EB%B0%A9/%EB%AF%B8%EB%8B%88%EB%B0%B1/aren-%EB%A7%A5%EC%8B%9C-%EB%AA%A8%EB%85%B8%EA%B7%B8%EB%9E%A8-%EB%A0%88%EB%8D%94-%EC%B2%B4%EC%9D%B8-%ED%81%AC%EB%A1%9C%EC%8A%A4%EB%B0%94%EB%94%94/MYZGSTA07QA001.html?cgid=bags-mini-bags,https://images.mcmworldwide.com/i/mcmworldwide/MYZGSTA07QA001_01/aren-lotus-pink-m?$medium$&fmt=auto&qlt=default
가방-미니백,MMMEATA02CO001,Aren 비세토스 메신저 백,,https://kr.mcmworldwide.com/ko_KR/%EA%B0%80%EB%B0%A9/%EB%AF%B8%EB%8B%88%EB%B0%B1/aren-%EB%B9%84%EC%84%B8%ED%86%A0%EC%8A%A4-%EB%A9%94%EC%8B%A0%EC%A0%80-%EB%B0%B1/MMMEATA02CO001.html?cgid=bags-mini-bags,https://images.mcmworldwide.com/i/mcmworldwide/MMMEATA02CO001_01/aren-cognac-?$medium$&fmt=auto&qlt=default
가방-미니백,MMMEATA02BK001,Aren 비세토스 메신저 백,,https://kr.mcmworldwide.com/ko_KR/%EA%B0%80%EB%B0%A9/%EB%AF%B8%EB%8B%88%EB%B0%B1/aren-%EB%B9%84%EC%84%B8%ED%86%A0%EC%8A%A4-%EB%A9%94%EC%8B%A0%EC%A0%80-%EB%B0%B1/MMMEATA02BK001.html?cgid=bags-mini-bags,https://images.mcmworldwide.com/i/mcmworldwide/MMMEATA02BK001_01/aren-black-?$medium$&fmt=auto&qlt=default
가방-미니백,MMMEATA02K8001,Aren 비세토스 메신저,,https://kr.mcmworldwide.com/ko_KR/%EA%B0%80%EB%B0%A9/%EB%AF%B8%EB%8B%88%EB%B0%B1/aren-%EB%B9%84%EC%84%B8%ED%86%A0%EC%8A%A4-%EB%A9%94%EC%8B%A0%EC%A0%80/MMMEATA02K8001.html?cgid=bags-mini-bags,https://images.mcmworldwide.com/i/mcmworldwide/MMMEATA02K8001_01/aren-khaki-moss-?$medium$&fmt=auto&qlt=default
가방-미니백,MMRESKK02VC001,Klassik 맥시 모노그램 레더 크로스바디,,https://kr.mcmworldwide.com/ko_KR/%EA%B0%80%EB%B0%A9/%EB%AF%B8%EB%8B%88%EB%B0%B1/klassik-%EB%A7%A5%EC%8B%9C-%EB%AA%A8%EB%85%B8%EA%B7%B8%EB%9E%A8-%EB%A0%88%EB%8D%94-%ED%81%AC%EB%A1%9C%EC%8A%A4%EB%B0%94%EB%94%94/MMRESKK02VC001.html?cgid=bags-mini-bags,https://images.mcmworldwide.com/i/mcmworldwide/MMRESKK02VC001_01/klassik-navy-blazer-?$medium$&fmt=auto&qlt=default
가방-미니백,MMRESKK02BK001,Klassik 맥시 모노그램 레더 크로스바디,,https://kr.mcmworldwide.com/ko_KR/%EA%B0%80%EB%B0%A9/%EB%AF%B8%EB%8B%88%EB%B0%B1/klassik-%EB%A7%A5%EC%8B%9C-%EB%AA%A8%EB%85%B8%EA%B7%B8%EB%9E%A8-%EB%A0%88%EB%8D%94-%ED%81%AC%EB%A1%9C%EC%8A%A4%EB%B0%94%EB%94%94/MMRESKK02BK001.html?cgid=bags-mini-bags,https://images.mcmworldwide.com/i/mcmworldwide/MMRESKK02BK001_01/klassik-black-?$medium$&fmt=auto&qlt=default
가방-미니백,MMTGSTA04CO001,Aren 비세토스 N/S 토트,,https://kr.mcmworldwide.com/ko_KR/%EA%B0%80%EB%B0%A9/%EB%AF%B8%EB%8B%88%EB%B0%B1/aren-%EB%B9%84%EC%84%B8%ED%86%A0%EC%8A%A4-n%2Fs-%ED%86%A0%ED%8A%B8/MMTGSTA04CO001.html?cgid=bags-mini-bags,https://images.mcmworldwide.com/i/mcmworldwide/MMTGSTA04CO001_01/aren-n-s-cognac-?$medium$&fmt=auto&qlt=default
가방-미니백,MMTGSTA04BK001,Aren 비세토스 N/S 토트,,https://kr.mcmworldwide.com/ko_KR/%EA%B0%80%EB%B0%A9/%EB%AF%B8%EB%8B%88%EB%B0%B1/aren-%EB%B9%84%EC%84%B8%ED%86%A0%EC%8A%A4-n%2Fs-%ED%86%A0%ED%8A%B8/MMTGSTA04BK001.html?cgid=bags-mini-bags,https://images.mcmworldwide.com/i/mcmworldwide/MMTGSTA04BK001_01/aren-n-s-black-?$medium$&fmt=auto&qlt=default
가방-미니백,MYZGATA01CO001,Aren 비세토스 크로스바디 파우치,,https://kr.mcmworldwide.com/ko_KR/%EA%B0%80%EB%B0%A9/%EB%AF%B8%EB%8B%88%EB%B0%B1/aren-%EB%B9%84%EC%84%B8%ED%86%A0%EC%8A%A4-%ED%81%AC%EB%A1%9C%EC%8A%A4%EB%B0%94%EB%94%94-%ED%8C%8C%EC%9A%B0%EC%B9%98/MYZGATA01CO001.html?cgid=bags-mini-bags,https://images.mcmworldwide.com/i/mcmworldwide/MYZGATA01CO001_01/aren-cognac-?$medium$&fmt=auto&qlt=default
가방-미니백,MYZGATA01BK001,Aren 비세토스 크로스바디 파우치,,https://kr.mcmworldwide.com/ko_KR/%EA%B0%80%EB%B0%A9/%EB%AF%B8%EB%8B%88%EB%B0%B1/aren-%EB%B9%84%EC%84%B8%ED%86%A0%EC%8A%A4-%ED%81%AC%EB%A1%9C%EC%8A%A4%EB%B0%94%EB%94%94-%ED%8C%8C%EC%9A%B0%EC%B9%98/MYZGATA01BK001.html?cgid=bags-mini-bags,https://images.mcmworldwide.com/i/mcmworldwide/MYZGATA01BK001_01/aren-black-?$medium$&fmt=auto&qlt=default
가방-미니백,MMLGSTA03BK001,Aren 비세토스 슬링,,https://kr.mcmworldwide.com/ko_KR/%EA%B0%80%EB%B0%A9/%EB%AF%B8%EB%8B%88%EB%B0%B1/aren-%EB%B9%84%EC%84%B8%ED%86%A0%EC%8A%A4-%EC%8A%AC%EB%A7%81/MMLGSTA03BK001.html?cgid=bags-mini-bags,https://images.mcmworldwide.com/i/mcmworldwide/MMLGSTA03BK001_01/aren-black-?$medium$&fmt=auto&qlt=default
가방-미니백,MMLFSTA07BK001,Aren 리사이클 나일론 슬링백,,https://kr.mcmworldwide.com/ko_KR/%EA%B0%80%EB%B0%A9/%EB%AF%B8%EB%8B%88%EB%B0%B1/aren-%EB%A6%AC%EC%82%AC%EC%9D%B4%ED%81%B4-%EB%82%98%EC%9D%BC%EB%A1%A0-%EC%8A%AC%EB%A7%81%EB%B0%B1/MMLFSTA07BK001.html?cgid=bags-mini-bags,https://images.mcmworldwide.com/i/mcmworldwide/MMLFSTA07BK001_01/aren-black-?$medium$&fmt=auto&qlt=default
가방-미니백,MWRESAK02CO001,비세토스 레더 믹스 다이아몬드 숄더백,,https://kr.mcmworldwide.com/ko_KR/%EA%B0%80%EB%B0%A9/%EB%AF%B8%EB%8B%88%EB%B0%B1/%EB%B9%84%EC%84%B8%ED%86%A0%EC%8A%A4-%EB%A0%88%EB%8D%94-%EB%AF%B9%EC%8A%A4-%EB%8B%A4%EC%9D%B4%EC%95%84%EB%AA%AC%EB%93%9C-%EC%88%84%EB%8D%94%EB%B0%B1/MWRESAK02CO001.html?cgid=bags-mini-bags,https://images.mcmworldwide.com/i/mcmworldwide/MWRESAK02CO001_01/-cognac-?$medium$&fmt=auto&qlt=default
가방-미니백,MWRGAAK01BK001,Diamond  비세토스 레더 믹스 숄더백,,https://kr.mcmworldwide.com/ko_KR/%EA%B0%80%EB%B0%A9/%EB%AF%B8%EB%8B%88%EB%B0%B1/diamond--%EB%B9%84%EC%84%B8%ED%86%A0%EC%8A%A4-%EB%A0%88%EB%8D%94-%EB%AF%B9%EC%8A%A4-%EC%88%84%EB%8D%94%EB%B0%B1/MWRGAAK01BK001.html?cgid=bags-mini-bags,https://images.mcmworldwide.com/i/mcmworldwide/MWRGAAK01BK001_01/diamond-black-?$medium$&fmt=auto&qlt=default
가방-미니백,MWRESAK01BK001,Diamond 카프 레더 숄더백,,https://kr.mcmworldwide.com/ko_KR/%EA%B0%80%EB%B0%A9/%EB%AF%B8%EB%8B%88%EB%B0%B1/diamond-%EC%B9%B4%ED%94%84-%EB%A0%88%EB%8D%94-%EC%88%84%EB%8D%94%EB%B0%B1/MWRESAK01BK001.html?cgid=bags-mini-bags,https://images.mcmworldwide.com/i/mcmworldwide/MWRESAK01BK001_01/diamond-black-?$medium$&fmt=auto&qlt=default
가방-미니백,MMRAAKC03CO001,Aren 비세토스 크로스바디,,https://kr.mcmworldwide.com/ko_KR/%EA%B0%80%EB%B0%A9/%EB%AF%B8%EB%8B%88%EB%B0%B1/aren-%EB%B9%84%EC%84%B8%ED%86%A0%EC%8A%A4-%ED%81%AC%EB%A1%9C%EC%8A%A4%EB%B0%94%EB%94%94/MMRAAKC03CO001.html?cgid=bags-mini-bags,https://images.mcmworldwide.com/i/mcmworldwide/MMRAAKC03CO001_01/aren-cognac-?$medium$&fmt=auto&qlt=default
가방-미니백,MWRAAVI01CO001,비세토스 오리지널 락스타 베니티 케이스,,https://kr.mcmworldwide.com/ko_KR/%EA%B0%80%EB%B0%A9/%EB%AF%B8%EB%8B%88%EB%B0%B1/%EB%B9%84%EC%84%B8%ED%86%A0%EC%8A%A4-%EC%98%A4%EB%A6%AC%EC%A7%80%EB%84%90-%EB%9D%BD%EC%8A%A4%ED%83%80-%EB%B2%A0%EB%8B%88%ED%8B%B0-%EC%BC%80%EC%9D%B4%EC%8A%A4/MWRAAVI01CO001.html?cgid=bags-mini-bags,https://images.mcmworldwide.com/i/mcmworldwide/MWRAAVI01CO001_01/-cognac-?$medium$&fmt=auto&qlt=default
가방-미니백,MWPESAC04BK001,Himmel 엠보스드 로고 레더 쇼퍼,,https://kr.mcmworldwide.com/ko_KR/%EA%B0%80%EB%B0%A9/%EB%AF%B8%EB%8B%88%EB%B0%B1/himmel-%EC%97%A0%EB%B3%B4%EC%8A%A4%EB%93%9C-%EB%A1%9C%EA%B3%A0-%EB%A0%88%EB%8D%94-%EC%87%BC%ED%8D%BC/MWPESAC04BK001.html?cgid=bags-mini-bags,https://images.mcmworldwide.com/i/mcmworldwide/MWPESAC04BK001_01/himmel-black-?$medium$&fmt=auto&qlt=default
가방-미니백,MWPFSTA04BK001,재생 나일론 및 모노그램 프린트 가죽 소재의 Aren 쇼퍼,,https://kr.mcmworldwide.com/ko_KR/%EA%B0%80%EB%B0%A9/%EB%AF%B8%EB%8B%88%EB%B0%B1/%EC%9E%AC%EC%83%9D-%EB%82%98%EC%9D%BC%EB%A1%A0-%EB%B0%8F-%EB%AA%A8%EB%85%B8%EA%B7%B8%EB%9E%A8-%ED%94%84%EB%A6%B0%ED%8A%B8-%EA%B0%80%EC%A3%BD-%EC%86%8C%EC%9E%AC%EC%9D%98-aren-%EC%87%BC%ED%8D%BC/MWPFSTA04BK001.html?cgid=bags-mini-bags,https://images.mcmworldwide.com/i/mcmworldwide/MWPFSTA04BK001_01/-aren-black-?$medium$&fmt=auto&qlt=default
가방-미니백,MWDESAC03DG001,Himmel 시퀸 드로우스트링 백,,https://kr.mcmworldwide.com/ko_KR/%EA%B0%80%EB%B0%A9/%EB%AF%B8%EB%8B%88%EB%B0%B1/himmel-%EC%8B%9C%ED%80%B8-%EB%93%9C%EB%A1%9C%EC%9A%B0%EC%8A%A4%ED%8A%B8%EB%A7%81-%EB%B0%B1/MWDESAC03DG001.html?cgid=bags-mini-bags,https://images.mcmworldwide.com/i/mcmworldwide/MWDESAC03DG001_01/himmel-gold-?$medium$&fmt=auto&qlt=default
가방-미니백,MWPGAUP02BK001,MCM X ATEEZ with MINGI Toni 탑 지퍼 비세토스 쇼퍼,,https://kr.mcmworldwide.com/ko_KR/%EA%B0%80%EB%B0%A9/%EB%AF%B8%EB%8B%88%EB%B0%B1/mcm-x-ateez-with-mingi-toni-%ED%83%91-%EC%A7%80%ED%8D%BC-%EB%B9%84%EC%84%B8%ED%86%A0%EC%8A%A4-%EC%87%BC%ED%8D%BC/MWPGAUP02BK001.html?cgid=bags-mini-bags,https://images.mcmworldwide.com/i/mcmworldwide/MWPGAUP02BK001_01/mcm-x-ateez-with-mingi-toni-black-?$medium$&fmt=auto&qlt=default
가방-미니백,MWRGAXT01PZ001,Tracy 비세토스 레더믹스 크로스바디,,https://kr.mcmworldwide.com/ko_KR/%EA%B0%80%EB%B0%A9/%EB%AF%B8%EB%8B%88%EB%B0%B1/tracy-%EB%B9%84%EC%84%B8%ED%86%A0%EC%8A%A4-%EB%A0%88%EB%8D%94%EB%AF%B9%EC%8A%A4-%ED%81%AC%EB%A1%9C%EC%8A%A4%EB%B0%94%EB%94%94/MWRGAXT01PZ001.html?cgid=bags-mini-bags,https://images.mcmworldwide.com/i/mcmworldwide/MWRGAXT01PZ001_01/tracy-soft-pink-?$medium$&fmt=auto&qlt=default
가방-미니백,MMLGATA05K8001,Aren 비세토스 슬링백,,https://kr.mcmworldwide.com/ko_KR/%EA%B0%80%EB%B0%A9/%EB%AF%B8%EB%8B%88%EB%B0%B1/aren-%EB%B9%84%EC%84%B8%ED%86%A0%EC%8A%A4-%EC%8A%AC%EB%A7%81%EB%B0%B1/MMLGATA05K8001.html?cgid=bags-mini-bags,https://images.mcmworldwide.com/i/mcmworldwide/MMLGATA05K8001_01/aren-khaki-moss-?$medium$&fmt=auto&qlt=default
가방-미니백,MWPGAUP02CO001,MCM X ATEEZ with MINGI Toni 탑 지퍼 비세토스 쇼퍼,,https://kr.mcmworldwide.com/ko_KR/%EA%B0%80%EB%B0%A9/%EB%AF%B8%EB%8B%88%EB%B0%B1/mcm-x-ateez-with-mingi-toni-%ED%83%91-%EC%A7%80%ED%8D%BC-%EB%B9%84%EC%84%B8%ED%86%A0%EC%8A%A4-%EC%87%BC%ED%8D%BC/MWPGAUP02CO001.html?cgid=bags-mini-bags,https://images.mcmworldwide.com/i/mcmworldwide/MWPGAUP02CO001_01/mcm-x-ateez-with-mingi-toni-cognac-?$medium$&fmt=auto&qlt=default
가방-미니백,MWBAASE03CO001,비세토스 오리지널 보스턴 백,,https://kr.mcmworldwide.com/ko_KR/%EA%B0%80%EB%B0%A9/%EB%AF%B8%EB%8B%88%EB%B0%B1/%EB%B9%84%EC%84%B8%ED%86%A0%EC%8A%A4-%EC%98%A4%EB%A6%AC%EC%A7%80%EB%84%90-%EB%B3%B4%EC%8A%A4%ED%84%B4-%EB%B0%B1/MWBAASE03CO001.html?cgid=bags-mini-bags,https://images.mcmworldwide.com/i/mcmworldwide/MWBAASE03CO001_01/-cognac-?$medium$&fmt=auto&qlt=default
트래블-전체,MMKGATA01BK001,Aren 다이아몬드 퀼팅 레더 백팩,,https://kr.mcmworldwide.com/ko_KR/%ED%8A%B8%EB%9E%98%EB%B8%94/%EB%AA%A8%EB%91%90%EB%B3%B4%EA%B8%B0/aren-%EB%8B%A4%EC%9D%B4%EC%95%84%EB%AA%AC%EB%93%9C-%ED%80%BC%ED%8C%85-%EB%A0%88%EB%8D%94-%EB%B0%B1%ED%8C%A9/MMKGATA01BK001.html?cgid=travel-all-travel,https://images.mcmworldwide.com/i/mcmworldwide/MMKGATA01BK001_01/aren-black-m?$medium$&fmt=auto&qlt=default
트래블-전체,MMRGATA05BK001,Aren 다이아몬드 퀼팅 레더 크로스바디,,https://kr.mcmworldwide.com/ko_KR/%ED%8A%B8%EB%9E%98%EB%B8%94/%EB%AA%A8%EB%91%90%EB%B3%B4%EA%B8%B0/aren-%EB%8B%A4%EC%9D%B4%EC%95%84%EB%AA%AC%EB%93%9C-%ED%80%BC%ED%8C%85-%EB%A0%88%EB%8D%94-%ED%81%AC%EB%A1%9C%EC%8A%A4%EB%B0%94%EB%94%94/MMRGATA05BK001.html?cgid=travel-all-travel,https://images.mcmworldwide.com/i/mcmworldwide/MMRGATA05BK001_01/aren-black-s?$medium$&fmt=auto&qlt=default
트래블-전체,MMVGATT04BK001,Ottomar 다이아몬드 퀼팅 레더 위켄더,,https://kr.mcmworldwide.com/ko_KR/%ED%8A%B8%EB%9E%98%EB%B8%94/%EB%AA%A8%EB%91%90%EB%B3%B4%EA%B8%B0/ottomar-%EB%8B%A4%EC%9D%B4%EC%95%84%EB%AA%AC%EB%93%9C-%ED%80%BC%ED%8C%85-%EB%A0%88%EB%8D%94-%EC%9C%84%EC%BC%84%EB%8D%94/MMVGATT04BK001.html?cgid=travel-all-travel,https://images.mcmworldwide.com/i/mcmworldwide/MMVGATT04BK001_01/ottomar-black-55cm-22-?$medium$&fmt=auto&qlt=default
트래블-전체,MMVGATT024B001,Ottomar 맥시 비세토스 위켄더,,https://kr.mcmworldwide.com/ko_KR/%ED%8A%B8%EB%9E%98%EB%B8%94/%EB%AA%A8%EB%91%90%EB%B3%B4%EA%B8%B0/ottomar-%EB%A7%A5%EC%8B%9C-%EB%B9%84%EC%84%B8%ED%86%A0%EC%8A%A4-%EC%9C%84%EC%BC%84%EB%8D%94/MMVGATT024B001.html?cgid=travel-all-travel,https://images.mcmworldwide.com/i/mcmworldwide/MMVGATT024B001_01/ottomar-cinnamon-41cm-16-14-?$medium$&fmt=auto&qlt=default
트래블-전체,MXVFATT014B001,Ottomar 비세토스 여권 케이스,,https://kr.mcmworldwide.com/ko_KR/%ED%8A%B8%EB%9E%98%EB%B8%94/%EB%AA%A8%EB%91%90%EB%B3%B4%EA%B8%B0/ottomar-%EB%B9%84%EC%84%B8%ED%86%A0%EC%8A%A4-%EC%97%AC%EA%B6%8C-%EC%BC%80%EC%9D%B4%EC%8A%A4/MXVFATT014B001.html?cgid=travel-all-travel,https://images.mcmworldwide.com/i/mcmworldwide/MXVFATT014B001_01/ottomar-cinnamon-?$medium$&fmt=auto&qlt=default
트래블-전체,MXZGATT024B001,Ottomar 비세토스 트래블 파우치,,https://kr.mcmworldwide.com/ko_KR/%ED%8A%B8%EB%9E%98%EB%B8%94/%EB%AA%A8%EB%91%90%EB%B3%B4%EA%B8%B0/ottomar-%EB%B9%84%EC%84%B8%ED%86%A0%EC%8A%A4-%ED%8A%B8%EB%9E%98%EB%B8%94-%ED%8C%8C%EC%9A%B0%EC%B9%98/MXZGATT024B001.html?cgid=travel-all-travel,https://images.mcmworldwide.com/i/mcmworldwide/MXZGATT024B001_01/ottomar-cinnamon-?$medium$&fmt=auto&qlt=default
트래블-전체,MMVGATT01PZ001,Ottomar 비세토스 위켄더,,https://kr.mcmworldwide.com/ko_KR/%ED%8A%B8%EB%9E%98%EB%B8%94/%EB%AA%A8%EB%91%90%EB%B3%B4%EA%B8%B0/ottomar-%EB%B9%84%EC%84%B8%ED%86%A0%EC%8A%A4-%EC%9C%84%EC%BC%84%EB%8D%94/MMVGATT01PZ001.html?cgid=travel-all-travel,https://images.mcmworldwide.com/i/mcmworldwide/MMVGATT01PZ001_01/ottomar-soft-pink-41cm-16-14-?$medium$&fmt=auto&qlt=default
트래블-전체,MWPGSTA01PZ001,Leni 비세토스 쇼퍼,,https://kr.mcmworldwide.com/ko_KR/%ED%8A%B8%EB%9E%98%EB%B8%94/%EB%AA%A8%EB%91%90%EB%B3%B4%EA%B8%B0/-leni-%EB%B9%84%EC%84%B8%ED%86%A0%EC%8A%A4-%EC%87%BC%ED%8D%BC/MWPGSTA01PZ001.html?cgid=travel-all-travel,https://images.mcmworldwide.com/i/mcmworldwide/MWPGSTA01PZ001_01/-leni-soft-pink-x-?$medium$&fmt=auto&qlt=default
트래블-전체,MYZGSTA08PZ001,Aren 비세토스 코스메틱 파우치,,https://kr.mcmworldwide.com/ko_KR/%ED%8A%B8%EB%9E%98%EB%B8%94/%EB%AA%A8%EB%91%90%EB%B3%B4%EA%B8%B0/aren-%EB%B9%84%EC%84%B8%ED%86%A0%EC%8A%A4-%EC%BD%94%EC%8A%A4%EB%A9%94%ED%8B%B1-%ED%8C%8C%EC%9A%B0%EC%B9%98/MYZGSTA08PZ001.html?cgid=travel-all-travel,https://images.mcmworldwide.com/i/mcmworldwide/MYZGSTA08PZ001_01/aren-soft-pink-m?$medium$&fmt=auto&qlt=default
트래블-전체,MYZGSTA01CO001,Aren 비세토스 코스메틱 파우치,,https://kr.mcmworldwide.com/ko_KR/%ED%8A%B8%EB%9E%98%EB%B8%94/%EB%AA%A8%EB%91%90%EB%B3%B4%EA%B8%B0/aren-%EB%B9%84%EC%84%B8%ED%86%A0%EC%8A%A4-%EC%BD%94%EC%8A%A4%EB%A9%94%ED%8B%B1-%ED%8C%8C%EC%9A%B0%EC%B9%98/MYZGSTA01CO001.html?cgid=travel-all-travel,https://images.mcmworldwide.com/i/mcmworldwide/MYZGSTA01CO001_01/aren-cognac-l?$medium$&fmt=auto&qlt=default
트래블-전체,MMVGSTT04CO001,Ottomar 비세토스 캐빈 트롤리,,https://kr.mcmworldwide.com/ko_KR/%ED%8A%B8%EB%9E%98%EB%B8%94/%EB%AA%A8%EB%91%90%EB%B3%B4%EA%B8%B0/ottomar-%EB%B9%84%EC%84%B8%ED%86%A0%EC%8A%A4-%EC%BA%90%EB%B9%88-%ED%8A%B8%EB%A1%A4%EB%A6%AC/MMVGSTT04CO001.html?cgid=travel-all-travel,https://images.mcmworldwide.com/i/mcmworldwide/MMVGSTT04CO001_01/ottomar-cognac-s?$medium$&fmt=auto&qlt=default
트래블-전체,MMVGSTT03CO001,Ottomar 비세토스 가먼트 백,,https://kr.mcmworldwide.com/ko_KR/%ED%8A%B8%EB%9E%98%EB%B8%94/%EB%AA%A8%EB%91%90%EB%B3%B4%EA%B8%B0/ottomar-%EB%B9%84%EC%84%B8%ED%86%A0%EC%8A%A4-%EA%B0%80%EB%A8%BC%ED%8A%B8-%EB%B0%B1/MMVGSTT03CO001.html?cgid=travel-all-travel,https://images.mcmworldwide.com/i/mcmworldwide/MMVGSTT03CO001_01/ottomar-cognac-m?$medium$&fmt=auto&qlt=default
트래블-전체,MXVFATT01CO001,Ottomar 비세토스 여권 지갑,,https://kr.mcmworldwide.com/ko_KR/%ED%8A%B8%EB%9E%98%EB%B8%94/%EB%AA%A8%EB%91%90%EB%B3%B4%EA%B8%B0/ottomar-%EB%B9%84%EC%84%B8%ED%86%A0%EC%8A%A4-%EC%97%AC%EA%B6%8C-%EC%A7%80%EA%B0%91/MXVFATT01CO001.html?cgid=travel-all-travel,https://images.mcmworldwide.com/i/mcmworldwide/MXVFATT01CO001_01/ottomar-cognac-?$medium$&fmt=auto&qlt=default
트래블-전체,MMLFSTA01CO001,Aren 비세토스 슬링,,https://kr.mcmworldwide.com/ko_KR/%ED%8A%B8%EB%9E%98%EB%B8%94/%EB%AA%A8%EB%91%90%EB%B3%B4%EA%B8%B0/aren-%EB%B9%84%EC%84%B8%ED%86%A0%EC%8A%A4-%EC%8A%AC%EB%A7%81/MMLFSTA01CO001.html?cgid=travel-all-travel,https://images.mcmworldwide.com/i/mcmworldwide/MMLFSTA01CO001_01/aren-cognac-m?$medium$&fmt=auto&qlt=default
트래블-전체,MXZFATT02CO001,Ottomar 비세토스 토일레트리 백,,https://kr.mcmworldwide.com/ko_KR/%ED%8A%B8%EB%9E%98%EB%B8%94/%EB%AA%A8%EB%91%90%EB%B3%B4%EA%B8%B0/ottomar-%EB%B9%84%EC%84%B8%ED%86%A0%EC%8A%A4-%ED%86%A0%EC%9D%BC%EB%A0%88%ED%8A%B8%EB%A6%AC-%EB%B0%B1/MXZFATT02CO001.html?cgid=travel-all-travel,https://images.mcmworldwide.com/i/mcmworldwide/MXZFATT02CO001_01/ottomar-cognac-s?$medium$&fmt=auto&qlt=default
트래블-전체,MXZESTT06CO001,Ottomar 비세토스 토일레트리 백,,https://kr.mcmworldwide.com/ko_KR/%ED%8A%B8%EB%9E%98%EB%B8%94/%EB%AA%A8%EB%91%90%EB%B3%B4%EA%B8%B0/ottomar-%EB%B9%84%EC%84%B8%ED%86%A0%EC%8A%A4-%ED%86%A0%EC%9D%BC%EB%A0%88%ED%8A%B8%EB%A6%AC-%EB%B0%B1/MXZESTT06CO001.html?cgid=travel-all-travel,https://images.mcmworldwide.com/i/mcmworldwide/MXZESTT06CO001_01/ottomar-cognac-m?$medium$&fmt=auto&qlt=default
트래블-전체,MXZFATT07CO001,Ottomar 비세토스 러기지 택,,https://kr.mcmworldwide.com/ko_KR/%ED%8A%B8%EB%9E%98%EB%B8%94/%EB%AA%A8%EB%91%90%EB%B3%B4%EA%B8%B0/ottomar-%EB%B9%84%EC%84%B8%ED%86%A0%EC%8A%A4-%EB%9F%AC%EA%B8%B0%EC%A7%80-%ED%83%9D/MXZFATT07CO001.html?cgid=travel-all-travel,https://images.mcmworldwide.com/i/mcmworldwide/MXZFATT07CO001_01/ottomar-cognac-?$medium$&fmt=auto&qlt=default
트래블-전체,MMVGSTT04BK001,Ottomar 비세토스 캐빈 트롤리,,https://kr.mcmworldwide.com/ko_KR/%ED%8A%B8%EB%9E%98%EB%B8%94/%EB%AA%A8%EB%91%90%EB%B3%B4%EA%B8%B0/ottomar-%EB%B9%84%EC%84%B8%ED%86%A0%EC%8A%A4-%EC%BA%90%EB%B9%88-%ED%8A%B8%EB%A1%A4%EB%A6%AC/MMVGSTT04BK001.html?cgid=travel-all-travel,https://images.mcmworldwide.com/i/mcmworldwide/MMVGSTT04BK001_01/ottomar-black-s?$medium$&fmt=auto&qlt=default
트래블-전체,MXZESTT06BK001,Ottomar 비세토스 토일레트리 백,,https://kr.mcmworldwide.com/ko_KR/%ED%8A%B8%EB%9E%98%EB%B8%94/%EB%AA%A8%EB%91%90%EB%B3%B4%EA%B8%B0/ottomar-%EB%B9%84%EC%84%B8%ED%86%A0%EC%8A%A4-%ED%86%A0%EC%9D%BC%EB%A0%88%ED%8A%B8%EB%A6%AC-%EB%B0%B1/MXZESTT06BK001.html?cgid=travel-all-travel,https://images.mcmworldwide.com/i/mcmworldwide/MXZESTT06BK001_01/ottomar-black-m?$medium$&fmt=auto&qlt=default
트래블-전체,MMVEATT06BK001,MCM X HARPER COLLECTIVE 라지 체크인,,https://kr.mcmworldwide.com/ko_KR/%ED%8A%B8%EB%9E%98%EB%B8%94/%EB%AA%A8%EB%91%90%EB%B3%B4%EA%B8%B0/mcm-x-harper-collective-%EB%9D%BC%EC%A7%80-%EC%B2%B4%ED%81%AC%EC%9D%B8/MMVEATT06BK001.html?cgid=travel-all-travel,https://images.mcmworldwide.com/i/mcmworldwide/MMVEATT06BK001_01/mcm-x-harper-collective-black-79-1cm-31-1-?$medium$&fmt=auto&qlt=default
트래블-전체,MMVEATT07BK001,MCM X HARPER COLLECTIVE 캐빈 익스펜더블,,https://kr.mcmworldwide.com/ko_KR/%ED%8A%B8%EB%9E%98%EB%B8%94/%EB%AA%A8%EB%91%90%EB%B3%B4%EA%B8%B0/mcm-x-harper-collective-%EC%BA%90%EB%B9%88-%EC%9D%B5%EC%8A%A4%ED%8E%9C%EB%8D%94%EB%B8%94/MMVEATT07BK001.html?cgid=travel-all-travel,https://images.mcmworldwide.com/i/mcmworldwide/MMVEATT07BK001_01/mcm-x-harper-collective-black-56-6cm-22-?$medium$&fmt=auto&qlt=default
트래블-전체,MMVEATT08BK001,MCM X HARPER COLLECTIVE 캐빈,,https://kr.mcmworldwide.com/ko_KR/%ED%8A%B8%EB%9E%98%EB%B8%94/%EB%AA%A8%EB%91%90%EB%B3%B4%EA%B8%B0/mcm-x-harper-collective-%EC%BA%90%EB%B9%88/MMVEATT08BK001.html?cgid=travel-all-travel,https://images.mcmworldwide.com/i/mcmworldwide/MMVEATT08BK001_01/mcm-x-harper-collective-black-56cm-22-?$medium$&fmt=auto&qlt=default
트래블-전체,MMKFAVE09K8001,Stark 비세토스 백팩,,https://kr.mcmworldwide.com/ko_KR/%ED%8A%B8%EB%9E%98%EB%B8%94/%EB%AA%A8%EB%91%90%EB%B3%B4%EA%B8%B0/stark-%EB%B9%84%EC%84%B8%ED%86%A0%EC%8A%A4-%EB%B0%B1%ED%8C%A9/MMKFAVE09K8001.html?cgid=travel-all-travel,https://images.mcmworldwide.com/i/mcmworldwide/MMKFAVE09K8001_01/stark-khaki-moss-m?$medium$&fmt=auto&qlt=default
트래블-전체,MMVFATT02K8001,Ottomar 비세토스 위켄더,,https://kr.mcmworldwide.com/ko_KR/%ED%8A%B8%EB%9E%98%EB%B8%94/%EB%AA%A8%EB%91%90%EB%B3%B4%EA%B8%B0/ottomar-%EB%B9%84%EC%84%B8%ED%86%A0%EC%8A%A4-%EC%9C%84%EC%BC%84%EB%8D%94/MMVFATT02K8001.html?cgid=travel-all-travel,https://images.mcmworldwide.com/i/mcmworldwide/MMVFATT02K8001_01/ottomar-khaki-moss-41cm-16-14-?$medium$&fmt=auto&qlt=default
트래블-전체,MMVFATT01K8001,Ottomar ECONYL®과 가죽이 더해진 위켄더 백팩,,https://kr.mcmworldwide.com/ko_KR/%ED%8A%B8%EB%9E%98%EB%B8%94/%EB%AA%A8%EB%91%90%EB%B3%B4%EA%B8%B0/ottomar-econyl%C2%AE%EA%B3%BC-%EA%B0%80%EC%A3%BD%EC%9D%B4-%EB%8D%94%ED%95%B4%EC%A7%84-%EC%9C%84%EC%BC%84%EB%8D%94-%EB%B0%B1%ED%8C%A9/MMVFATT01K8001.html?cgid=travel-all-travel,https://kr.mcmworldwide.com/on/demandware.static/-/Sites-MCM_Master_Product_Catalog/default/dw762b7dc1/akeneo-entity/9/a/d/e/9ade2994012b05f550482e6a474a6eb2c21788d5_Icon_SUST.png
트래블-전체,MMVGSTT02L8001,Ottomar 그라데이션 비세토스 위켄더,,https://kr.mcmworldwide.com/ko_KR/%ED%8A%B8%EB%9E%98%EB%B8%94/%EB%AA%A8%EB%91%90%EB%B3%B4%EA%B8%B0/ottomar-%EA%B7%B8%EB%9D%BC%EB%8D%B0%EC%9D%B4%EC%85%98-%EB%B9%84%EC%84%B8%ED%86%A0%EC%8A%A4-%EC%9C%84%EC%BC%84%EB%8D%94/MMVGSTT02L8001.html?cgid=travel-all-travel,https://images.mcmworldwide.com/i/mcmworldwide/MMVGSTT02L8001_01/ottomar-della-robbia-blue-45cm-17-7-?$medium$&fmt=auto&qlt=default
트래블-전체,MMVDSTT02BK001,Ottomar 비세토스 트롤리,,https://kr.mcmworldwide.com/ko_KR/%ED%8A%B8%EB%9E%98%EB%B8%94/%EB%AA%A8%EB%91%90%EB%B3%B4%EA%B8%B0/ottomar-%EB%B9%84%EC%84%B8%ED%86%A0%EC%8A%A4-%ED%8A%B8%EB%A1%A4%EB%A6%AC/MMVDSTT02BK001.html?cgid=travel-all-travel,https://images.mcmworldwide.com/i/mcmworldwide/MMVDSTT02BK001_01/ottomar-black-54cm-21-3-?$medium$&fmt=auto&qlt=default
트래블-전체,MMKFSVE06BK001,리사이클 나일론 소재의 스타크 백팩,,https://kr.mcmworldwide.com/ko_KR/%ED%8A%B8%EB%9E%98%EB%B8%94/%EB%AA%A8%EB%91%90%EB%B3%B4%EA%B8%B0/%EB%A6%AC%EC%82%AC%EC%9D%B4%ED%81%B4-%EB%82%98%EC%9D%BC%EB%A1%A0-%EC%86%8C%EC%9E%AC%EC%9D%98-%EC%8A%A4%ED%83%80%ED%81%AC-%EB%B0%B1%ED%8C%A9/MMKFSVE06BK001.html?cgid=travel-all-travel,https://images.mcmworldwide.com/i/mcmworldwide/MMKFSVE06BK001_01/-black-m?$medium$&fmt=auto&qlt=default
트래블-전체,MMVFATT01BK001,Ottomar ECONYL® 가죽 위켄더 백팩,,https://kr.mcmworldwide.com/ko_KR/%ED%8A%B8%EB%9E%98%EB%B8%94/%EB%AA%A8%EB%91%90%EB%B3%B4%EA%B8%B0/ottomar-econyl%C2%AE-%EA%B0%80%EC%A3%BD-%EC%9C%84%EC%BC%84%EB%8D%94-%EB%B0%B1%ED%8C%A9/MMVFATT01BK001.html?cgid=travel-all-travel,https://kr.mcmworldwide.com/on/demandware.static/-/Sites-MCM_Master_Product_Catalog/default/dw762b7dc1/akeneo-entity/9/a/d/e/9ade2994012b05f550482e6a474a6eb2c21788d5_Icon_SUST.png
트래블-전체,MEZFAMM03BK001,모노그램 나일론 레더 펫 케리어,,https://kr.mcmworldwide.com/ko_KR/%ED%8A%B8%EB%9E%98%EB%B8%94/%EB%AA%A8%EB%91%90%EB%B3%B4%EA%B8%B0/%EB%AA%A8%EB%85%B8%EA%B7%B8%EB%9E%A8-%EB%82%98%EC%9D%BC%EB%A1%A0-%EB%A0%88%EB%8D%94-%ED%8E%AB-%EC%BC%80%EB%A6%AC%EC%96%B4/MEZFAMM03BK001.html?cgid=travel-all-travel,https://images.mcmworldwide.com/i/mcmworldwide/MEZFAMM03BK001_01/-black-?$medium$&fmt=auto&qlt=default
트래블-전체,MMKEAVE05CO001,스타크 모노그램 나일론 패커블 백팩,,https://kr.mcmworldwide.com/ko_KR/%ED%8A%B8%EB%9E%98%EB%B8%94/%EB%AA%A8%EB%91%90%EB%B3%B4%EA%B8%B0/%EC%8A%A4%ED%83%80%ED%81%AC-%EB%AA%A8%EB%85%B8%EA%B7%B8%EB%9E%A8-%EB%82%98%EC%9D%BC%EB%A1%A0-%ED%8C%A8%EC%BB%A4%EB%B8%94-%EB%B0%B1%ED%8C%A9/MMKEAVE05CO001.html?cgid=travel-all-travel,https://images.mcmworldwide.com/i/mcmworldwide/MMKEAVE05CO001_01/-cognac-m?$medium$&fmt=auto&qlt=default
트래블-전체,MMKEATA02CO001,Aren 비세토스 멀티 백팩,,https://kr.mcmworldwide.com/ko_KR/%ED%8A%B8%EB%9E%98%EB%B8%94/%EB%AA%A8%EB%91%90%EB%B3%B4%EA%B8%B0/aren-%EB%B9%84%EC%84%B8%ED%86%A0%EC%8A%A4-%EB%A9%80%ED%8B%B0-%EB%B0%B1%ED%8C%A9/MMKEATA02CO001.html?cgid=travel-all-travel,https://images.mcmworldwide.com/i/mcmworldwide/MMKEATA02CO001_01/aren-cognac-l?$medium$&fmt=auto&qlt=default
트래블-전체,MMKFSBG01CO001,비세토스 브랜든버그 백팩,,https://kr.mcmworldwide.com/ko_KR/%ED%8A%B8%EB%9E%98%EB%B8%94/%EB%AA%A8%EB%91%90%EB%B3%B4%EA%B8%B0/%EB%B9%84%EC%84%B8%ED%86%A0%EC%8A%A4-%EB%B8%8C%EB%9E%9C%EB%93%A0%EB%B2%84%EA%B7%B8-%EB%B0%B1%ED%8C%A9/MMKFSBG01CO001.html?cgid=travel-all-travel,https://images.mcmworldwide.com/i/mcmworldwide/MMKFSBG01CO001_01/-cognac-m?$medium$&fmt=auto&qlt=default
트래블-전체,MMKFSVE05CO001,비세토스 스타크 백팩,,https://kr.mcmworldwide.com/ko_KR/%ED%8A%B8%EB%9E%98%EB%B8%94/%EB%AA%A8%EB%91%90%EB%B3%B4%EA%B8%B0/%EB%B9%84%EC%84%B8%ED%86%A0%EC%8A%A4-%EC%8A%A4%ED%83%80%ED%81%AC-%EB%B0%B1%ED%8C%A9/MMKFSVE05CO001.html?cgid=travel-all-travel,https://images.mcmworldwide.com/i/mcmworldwide/MMKFSVE05CO001_01/-cognac-m?$medium$&fmt=auto&qlt=default
트래블-전체,MMVFSTT04VC001,Ottomar 맥시 모노그램 레더 위켄더 백,,https://kr.mcmworldwide.com/ko_KR/%ED%8A%B8%EB%9E%98%EB%B8%94/%EB%AA%A8%EB%91%90%EB%B3%B4%EA%B8%B0/ottomar-%EB%A7%A5%EC%8B%9C-%EB%AA%A8%EB%85%B8%EA%B7%B8%EB%9E%A8-%EB%A0%88%EB%8D%94-%EC%9C%84%EC%BC%84%EB%8D%94-%EB%B0%B1/MMVFSTT04VC001.html?cgid=travel-all-travel,https://images.mcmworldwide.com/i/mcmworldwide/MMVFSTT04VC001_01/ottomar-navy-blazer-41cm-16-14-?$medium$&fmt=auto&qlt=default
트래블-전체,MMKDAVE02VC001,Stark 맥시 모노그램 레더 백팩,,https://kr.mcmworldwide.com/ko_KR/%ED%8A%B8%EB%9E%98%EB%B8%94/%EB%AA%A8%EB%91%90%EB%B3%B4%EA%B8%B0/stark-%EB%A7%A5%EC%8B%9C-%EB%AA%A8%EB%85%B8%EA%B7%B8%EB%9E%A8-%EB%A0%88%EB%8D%94-%EB%B0%B1%ED%8C%A9/MMKDAVE02VC001.html?cgid=travel-all-travel,https://images.mcmworldwide.com/i/mcmworldwide/MMKDAVE02VC001_01/stark-navy-blazer-m?$medium$&fmt=auto&qlt=default
트래블-전체,MMVGSTT03BK001,Ottomar 비세토스 가먼트 백,,https://kr.mcmworldwide.com/ko_KR/%ED%8A%B8%EB%9E%98%EB%B8%94/%EB%AA%A8%EB%91%90%EB%B3%B4%EA%B8%B0/ottomar-%EB%B9%84%EC%84%B8%ED%86%A0%EC%8A%A4-%EA%B0%80%EB%A8%BC%ED%8A%B8-%EB%B0%B1/MMVGSTT03BK001.html?cgid=travel-all-travel,https://images.mcmworldwide.com/i/mcmworldwide/MMVGSTT03BK001_01/ottomar-black-m?$medium$&fmt=auto&qlt=default
트래블-전체,MXZESTT03BK001,Ottomar 비세토스 트래블 케이스,,https://kr.mcmworldwide.com/ko_KR/%ED%8A%B8%EB%9E%98%EB%B8%94/%EB%AA%A8%EB%91%90%EB%B3%B4%EA%B8%B0/ottomar-%EB%B9%84%EC%84%B8%ED%86%A0%EC%8A%A4-%ED%8A%B8%EB%9E%98%EB%B8%94-%EC%BC%80%EC%9D%B4%EC%8A%A4/MXZESTT03BK001.html?cgid=travel-all-travel,https://images.mcmworldwide.com/i/mcmworldwide/MXZESTT03BK001_01/ottomar-black-m?$medium$&fmt=auto&qlt=default
트래블-전체,MXZESTT02BK001,Ottomar 비세토스 트래블 케이스,,https://kr.mcmworldwide.com/ko_KR/%ED%8A%B8%EB%9E%98%EB%B8%94/%EB%AA%A8%EB%91%90%EB%B3%B4%EA%B8%B0/ottomar-%EB%B9%84%EC%84%B8%ED%86%A0%EC%8A%A4-%ED%8A%B8%EB%9E%98%EB%B8%94-%EC%BC%80%EC%9D%B4%EC%8A%A4/MXZESTT02BK001.html?cgid=travel-all-travel,https://images.mcmworldwide.com/i/mcmworldwide/MXZESTT02BK001_01/ottomar-black-s?$medium$&fmt=auto&qlt=default
트래블-전체,MMVGATT01CO001,Ottomar 비세토스 위켄더,,https://kr.mcmworldwide.com/ko_KR/%ED%8A%B8%EB%9E%98%EB%B8%94/%EB%AA%A8%EB%91%90%EB%B3%B4%EA%B8%B0/ottomar-%EB%B9%84%EC%84%B8%ED%86%A0%EC%8A%A4-%EC%9C%84%EC%BC%84%EB%8D%94/MMVGATT01CO001.html?cgid=travel-all-travel,https://images.mcmworldwide.com/i/mcmworldwide/MMVGATT01CO001_01/ottomar-cognac-41cm-16-14-?$medium$&fmt=auto&qlt=default
트래블-전체,MXZESTT03CO001,Ottomar 비세토스 트래블 케이스,,https://kr.mcmworldwide.com/ko_KR/%ED%8A%B8%EB%9E%98%EB%B8%94/%EB%AA%A8%EB%91%90%EB%B3%B4%EA%B8%B0/ottomar-%EB%B9%84%EC%84%B8%ED%86%A0%EC%8A%A4-%ED%8A%B8%EB%9E%98%EB%B8%94-%EC%BC%80%EC%9D%B4%EC%8A%A4/MXZESTT03CO001.html?cgid=travel-all-travel,https://images.mcmworldwide.com/i/mcmworldwide/MXZESTT03CO001_01/ottomar-cognac-m?$medium$&fmt=auto&qlt=default
트래블-전체,MXZESTT02CO001,Ottomar 비세토스 트래블 케이스,,https://kr.mcmworldwide.com/ko_KR/%ED%8A%B8%EB%9E%98%EB%B8%94/%EB%AA%A8%EB%91%90%EB%B3%B4%EA%B8%B0/ottomar-%EB%B9%84%EC%84%B8%ED%86%A0%EC%8A%A4-%ED%8A%B8%EB%9E%98%EB%B8%94-%EC%BC%80%EC%9D%B4%EC%8A%A4/MXZESTT02CO001.html?cgid=travel-all-travel,https://images.mcmworldwide.com/i/mcmworldwide/MXZESTT02CO001_01/ottomar-cognac-s?$medium$&fmt=auto&qlt=default
트래블-전체,MMVAAVY02BK001,Ottomar 비세토스 위켄더,,https://kr.mcmworldwide.com/ko_KR/%ED%8A%B8%EB%9E%98%EB%B8%94/%EB%AA%A8%EB%91%90%EB%B3%B4%EA%B8%B0/ottomar-%EB%B9%84%EC%84%B8%ED%86%A0%EC%8A%A4-%EC%9C%84%EC%BC%84%EB%8D%94/MMVAAVY02BK001.html?cgid=travel-all-travel,https://images.mcmworldwide.com/i/mcmworldwide/MMVAAVY02BK001_01/ottomar-black-50-5cm-19-9-?$medium$&fmt=auto&qlt=default
트래블-전체,MMVGATT01BK001,Ottomar 비세토스 위켄더,,https://kr.mcmworldwide.com/ko_KR/%ED%8A%B8%EB%9E%98%EB%B8%94/%EB%AA%A8%EB%91%90%EB%B3%B4%EA%B8%B0/ottomar-%EB%B9%84%EC%84%B8%ED%86%A0%EC%8A%A4-%EC%9C%84%EC%BC%84%EB%8D%94/MMVGATT01BK001.html?cgid=travel-all-travel,https://images.mcmworldwide.com/i/mcmworldwide/MMVGATT01BK001_01/ottomar-black-41cm-16-14-?$medium$&fmt=auto&qlt=default
트래블-전체,MXVFATT01BK001,Ottomar 비세토스 여권 지갑,,https://kr.mcmworldwide.com/ko_KR/%ED%8A%B8%EB%9E%98%EB%B8%94/%EB%AA%A8%EB%91%90%EB%B3%B4%EA%B8%B0/ottomar-%EB%B9%84%EC%84%B8%ED%86%A0%EC%8A%A4-%EC%97%AC%EA%B6%8C-%EC%A7%80%EA%B0%91/MXVFATT01BK001.html?cgid=travel-all-travel,https://images.mcmworldwide.com/i/mcmworldwide/MXVFATT01BK001_01/ottomar-black-?$medium$&fmt=auto&qlt=default
트래블-전체,MXVFATT02BK001,Ottomar 맥시 모노그램 레더 여권 케이스,,https://kr.mcmworldwide.com/ko_KR/%ED%8A%B8%EB%9E%98%EB%B8%94/%EB%AA%A8%EB%91%90%EB%B3%B4%EA%B8%B0/ottomar-%EB%A7%A5%EC%8B%9C-%EB%AA%A8%EB%85%B8%EA%B7%B8%EB%9E%A8-%EB%A0%88%EB%8D%94-%EC%97%AC%EA%B6%8C-%EC%BC%80%EC%9D%B4%EC%8A%A4/MXVFATT02BK001.html?cgid=travel-all-travel,https://images.mcmworldwide.com/i/mcmworldwide/MXVFATT02BK001_01/ottomar-black-?$medium$&fmt=auto&qlt=default
트래블-전체,MWPEATA02CO001,Leni 비세토스 쇼퍼,,https://kr.mcmworldwide.com/ko_KR/%ED%8A%B8%EB%9E%98%EB%B8%94/%EB%AA%A8%EB%91%90%EB%B3%B4%EA%B8%B0/leni-%EB%B9%84%EC%84%B8%ED%86%A0%EC%8A%A4-%EC%87%BC%ED%8D%BC/MWPEATA02CO001.html?cgid=travel-all-travel,https://images.mcmworldwide.com/i/mcmworldwide/MWPEATA02CO001_01/leni-cognac-x-?$medium$&fmt=auto&qlt=default
트래블-전체,MXZFSTT04CO001,Ottomar 비세토스 트래블 파우치,,https://kr.mcmworldwide.com/ko_KR/%ED%8A%B8%EB%9E%98%EB%B8%94/%EB%AA%A8%EB%91%90%EB%B3%B4%EA%B8%B0/ottomar-%EB%B9%84%EC%84%B8%ED%86%A0%EC%8A%A4-%ED%8A%B8%EB%9E%98%EB%B8%94-%ED%8C%8C%EC%9A%B0%EC%B9%98/MXZFSTT04CO001.html?cgid=travel-all-travel,https://images.mcmworldwide.com/i/mcmworldwide/MXZFSTT04CO001_01/ottomar-cognac-?$medium$&fmt=auto&qlt=default
트래블-전체,MXZFSTT03CO001,Ottomar 비세토스 트래블 파우치,,https://kr.mcmworldwide.com/ko_KR/%ED%8A%B8%EB%9E%98%EB%B8%94/%EB%AA%A8%EB%91%90%EB%B3%B4%EA%B8%B0/ottomar-%EB%B9%84%EC%84%B8%ED%86%A0%EC%8A%A4-%ED%8A%B8%EB%9E%98%EB%B8%94-%ED%8C%8C%EC%9A%B0%EC%B9%98/MXZFSTT03CO001.html?cgid=travel-all-travel,https://images.mcmworldwide.com/i/mcmworldwide/MXZFSTT03CO001_01/ottomar-cognac-s?$medium$&fmt=auto&qlt=default
트래블-전체,MEZGSMM03PZ001,비세토스 수트케이스,,https://kr.mcmworldwide.com/ko_KR/%ED%8A%B8%EB%9E%98%EB%B8%94/%EB%AA%A8%EB%91%90%EB%B3%B4%EA%B8%B0/%EB%B9%84%EC%84%B8%ED%86%A0%EC%8A%A4-%EC%88%98%ED%8A%B8%EC%BC%80%EC%9D%B4%EC%8A%A4/MEZGSMM03PZ001.html?cgid=travel-all-travel,https://images.mcmworldwide.com/i/mcmworldwide/MEZGSMM03PZ001_01/-soft-pink-l?$medium$&fmt=auto&qlt=default
트래블-전체,MEZGSMM04PZ001,비세토스 수트케이스,,https://kr.mcmworldwide.com/ko_KR/%ED%8A%B8%EB%9E%98%EB%B8%94/%EB%AA%A8%EB%91%90%EB%B3%B4%EA%B8%B0/%EB%B9%84%EC%84%B8%ED%86%A0%EC%8A%A4-%EC%88%98%ED%8A%B8%EC%BC%80%EC%9D%B4%EC%8A%A4/MEZGSMM04PZ001.html?cgid=travel-all-travel,https://images.mcmworldwide.com/i/mcmworldwide/MEZGSMM04PZ001_01/-soft-pink-m?$medium$&fmt=auto&qlt=default
트래블-전체,MEZGSMM05PZ001,비세토스 수트케이스,,https://kr.mcmworldwide.com/ko_KR/%ED%8A%B8%EB%9E%98%EB%B8%94/%EB%AA%A8%EB%91%90%EB%B3%B4%EA%B8%B0/%EB%B9%84%EC%84%B8%ED%86%A0%EC%8A%A4-%EC%88%98%ED%8A%B8%EC%BC%80%EC%9D%B4%EC%8A%A4/MEZGSMM05PZ001.html?cgid=travel-all-travel,https://images.mcmworldwide.com/i/mcmworldwide/MEZGSMM05PZ001_01/-soft-pink-s?$medium$&fmt=auto&qlt=default
트래블-전체,MEZGSMM06PZ001,비세토스 모자 박스,,https://kr.mcmworldwide.com/ko_KR/%ED%8A%B8%EB%9E%98%EB%B8%94/%EB%AA%A8%EB%91%90%EB%B3%B4%EA%B8%B0/%EB%B9%84%EC%84%B8%ED%86%A0%EC%8A%A4-%EB%AA%A8%EC%9E%90-%EB%B0%95%EC%8A%A4/MEZGSMM06PZ001.html?cgid=travel-all-travel,https://images.mcmworldwide.com/i/mcmworldwide/MEZGSMM06PZ001_01/-soft-pink-m?$medium$&fmt=auto&qlt=default
트래블-전체,MEZDSMM04CO001,비세토스 모자 박스,,https://kr.mcmworldwide.com/ko_KR/%ED%8A%B8%EB%9E%98%EB%B8%94/%EB%AA%A8%EB%91%90%EB%B3%B4%EA%B8%B0/%EB%B9%84%EC%84%B8%ED%86%A0%EC%8A%A4-%EB%AA%A8%EC%9E%90-%EB%B0%95%EC%8A%A4/MEZDSMM04CO001.html?cgid=travel-all-travel,https://images.mcmworldwide.com/i/mcmworldwide/MEZDSMM04CO001_01/-cognac-?$medium$&fmt=auto&qlt=default
트래블-전체,MEZESMM05CO001,비세토스 수트케이스,,https://kr.mcmworldwide.com/ko_KR/%ED%8A%B8%EB%9E%98%EB%B8%94/%EB%AA%A8%EB%91%90%EB%B3%B4%EA%B8%B0/%EB%B9%84%EC%84%B8%ED%86%A0%EC%8A%A4-%EC%88%98%ED%8A%B8%EC%BC%80%EC%9D%B4%EC%8A%A4/MEZESMM05CO001.html?cgid=travel-all-travel,https://images.mcmworldwide.com/i/mcmworldwide/MEZESMM05CO001_01/-cognac-l?$medium$&fmt=auto&qlt=default
트래블-전체,MEZESMM06CO001,비세토스 수트케이스,,https://kr.mcmworldwide.com/ko_KR/%ED%8A%B8%EB%9E%98%EB%B8%94/%EB%AA%A8%EB%91%90%EB%B3%B4%EA%B8%B0/%EB%B9%84%EC%84%B8%ED%86%A0%EC%8A%A4-%EC%88%98%ED%8A%B8%EC%BC%80%EC%9D%B4%EC%8A%A4/MEZESMM06CO001.html?cgid=travel-all-travel,https://images.mcmworldwide.com/i/mcmworldwide/MEZESMM06CO001_01/-cognac-?$medium$&fmt=auto&qlt=default
트래블-전체,MEZDSMM15CO001,비세토스 수트케이스,,https://kr.mcmworldwide.com/ko_KR/%ED%8A%B8%EB%9E%98%EB%B8%94/%EB%AA%A8%EB%91%90%EB%B3%B4%EA%B8%B0/%EB%B9%84%EC%84%B8%ED%86%A0%EC%8A%A4-%EC%88%98%ED%8A%B8%EC%BC%80%EC%9D%B4%EC%8A%A4/MEZDSMM15CO001.html?cgid=travel-all-travel,https://images.mcmworldwide.com/i/mcmworldwide/MEZDSMM15CO001_01/-cognac-s?$medium$&fmt=auto&qlt=default
트래블-전체,MEZDSMM14CO001,비세토스 수트케이스,,https://kr.mcmworldwide.com/ko_KR/%ED%8A%B8%EB%9E%98%EB%B8%94/%EB%AA%A8%EB%91%90%EB%B3%B4%EA%B8%B0/%EB%B9%84%EC%84%B8%ED%86%A0%EC%8A%A4-%EC%88%98%ED%8A%B8%EC%BC%80%EC%9D%B4%EC%8A%A4/MEZDSMM14CO001.html?cgid=travel-all-travel,https://images.mcmworldwide.com/i/mcmworldwide/MEZDSMM14CO001_01/-cognac-m?$medium$&fmt=auto&qlt=default
트래블-전체,MMVDSTT02CO001,Ottomar 비세토스 트롤리,,https://kr.mcmworldwide.com/ko_KR/%ED%8A%B8%EB%9E%98%EB%B8%94/%EB%AA%A8%EB%91%90%EB%B3%B4%EA%B8%B0/ottomar-%EB%B9%84%EC%84%B8%ED%86%A0%EC%8A%A4-%ED%8A%B8%EB%A1%A4%EB%A6%AC/MMVDSTT02CO001.html?cgid=travel-all-travel,https://images.mcmworldwide.com/i/mcmworldwide/MMVDSTT02CO001_01/ottomar-cognac-54cm-21-3-?$medium$&fmt=auto&qlt=default
트래블-전체,MMVAAVY02CO001,Ottomar 비세토스 위켄더,,https://kr.mcmworldwide.com/ko_KR/%ED%8A%B8%EB%9E%98%EB%B8%94/%EB%AA%A8%EB%91%90%EB%B3%B4%EA%B8%B0/ottomar-%EB%B9%84%EC%84%B8%ED%86%A0%EC%8A%A4-%EC%9C%84%EC%BC%84%EB%8D%94/MMVAAVY02CO001.html?cgid=travel-all-travel,https://images.mcmworldwide.com/i/mcmworldwide/MMVAAVY02CO001_01/ottomar-cognac-50-5cm-19-9-?$medium$&fmt=auto&qlt=default
트래블-전체,MMVAAVY03CO001,비세토스 소재의 오토마 위켄더 백.,,https://kr.mcmworldwide.com/ko_KR/%ED%8A%B8%EB%9E%98%EB%B8%94/%EB%AA%A8%EB%91%90%EB%B3%B4%EA%B8%B0/%EB%B9%84%EC%84%B8%ED%86%A0%EC%8A%A4-%EC%86%8C%EC%9E%AC%EC%9D%98-%EC%98%A4%ED%86%A0%EB%A7%88-%EC%9C%84%EC%BC%84%EB%8D%94-%EB%B0%B1./MMVAAVY03CO001.html?cgid=travel-all-travel,https://images.mcmworldwide.com/i/mcmworldwide/MMVAAVY03CO001_01/-cognac-45cm-17-7-?$medium$&fmt=auto&qlt=default
트래블-전체,MEZDSMM05CO001,비세토스 모자 박스,,https://kr.mcmworldwide.com/ko_KR/%ED%8A%B8%EB%9E%98%EB%B8%94/%EB%AA%A8%EB%91%90%EB%B3%B4%EA%B8%B0/%EB%B9%84%EC%84%B8%ED%86%A0%EC%8A%A4-%EB%AA%A8%EC%9E%90-%EB%B0%95%EC%8A%A4/MEZDSMM05CO001.html?cgid=travel-all-travel,https://images.mcmworldwide.com/i/mcmworldwide/MEZDSMM05CO001_01/-cognac-m?$medium$&fmt=auto&qlt=default
트래블-전체,MXZGATT03CO001,Ottomar 인조 퍼와 비세토스 Mars Dog 보틀 홀더,,https://kr.mcmworldwide.com/ko_KR/%ED%8A%B8%EB%9E%98%EB%B8%94/%EB%AA%A8%EB%91%90%EB%B3%B4%EA%B8%B0/ottomar-%EC%9D%B8%EC%A1%B0-%ED%8D%BC%EC%99%80-%EB%B9%84%EC%84%B8%ED%86%A0%EC%8A%A4-mars-dog-%EB%B3%B4%ED%8B%80-%ED%99%80%EB%8D%94/MXZGATT03CO001.html?cgid=travel-all-travel,https://images.mcmworldwide.com/i/mcmworldwide/MXZGATT03CO001_01/ottomar-mars-dog-cognac-?$medium$&fmt=auto&qlt=default
트래블-전체,MMVGATT07K8001,Ottomar 비세토스 위켄더,,https://kr.mcmworldwide.com/ko_KR/%ED%8A%B8%EB%9E%98%EB%B8%94/%EB%AA%A8%EB%91%90%EB%B3%B4%EA%B8%B0/ottomar-%EB%B9%84%EC%84%B8%ED%86%A0%EC%8A%A4-%EC%9C%84%EC%BC%84%EB%8D%94/MMVGATT07K8001.html?cgid=travel-all-travel,https://images.mcmworldwide.com/i/mcmworldwide/MMVGATT07K8001_01/ottomar-khaki-moss-55cm-22-?$medium$&fmt=auto&qlt=default
트래블-전체,MMVGATT03CO001,Ottomar 디스코 비세토스 위켄더,,https://kr.mcmworldwide.com/ko_KR/%ED%8A%B8%EB%9E%98%EB%B8%94/%EB%AA%A8%EB%91%90%EB%B3%B4%EA%B8%B0/ottomar-%EB%94%94%EC%8A%A4%EC%BD%94-%EB%B9%84%EC%84%B8%ED%86%A0%EC%8A%A4-%EC%9C%84%EC%BC%84%EB%8D%94/MMVGATT03CO001.html?cgid=travel-all-travel,https://images.mcmworldwide.com/i/mcmworldwide/MMVGATT03CO001_01/ottomar-cognac-50-5cm-19-9-?$medium$&fmt=auto&qlt=default
트래블-전체,MMVGATT06BK001,Aren 노바 모노그램 ECONYL® 위켄더,,https://kr.mcmworldwide.com/ko_KR/%ED%8A%B8%EB%9E%98%EB%B8%94/%EB%AA%A8%EB%91%90%EB%B3%B4%EA%B8%B0/aren-%EB%85%B8%EB%B0%94-%EB%AA%A8%EB%85%B8%EA%B7%B8%EB%9E%A8-econyl%C2%AE-%EC%9C%84%EC%BC%84%EB%8D%94/MMVGATT06BK001.html?cgid=travel-all-travel,https://kr.mcmworldwide.com/on/demandware.static/-/Sites-MCM_Master_Product_Catalog/default/dw762b7dc1/akeneo-entity/9/a/d/e/9ade2994012b05f550482e6a474a6eb2c21788d5_Icon_SUST.png
트래블-전체,MMTGATA01BK001,Aren 노바 모노그램 ECONYL® 토트,,https://kr.mcmworldwide.com/ko_KR/%ED%8A%B8%EB%9E%98%EB%B8%94/%EB%AA%A8%EB%91%90%EB%B3%B4%EA%B8%B0/aren-%EB%85%B8%EB%B0%94-%EB%AA%A8%EB%85%B8%EA%B7%B8%EB%9E%A8-econyl%C2%AE-%ED%86%A0%ED%8A%B8/MMTGATA01BK001.html?cgid=travel-all-travel,https://kr.mcmworldwide.com/on/demandware.static/-/Sites-MCM_Master_Product_Catalog/default/dw762b7dc1/akeneo-entity/9/a/d/e/9ade2994012b05f550482e6a474a6eb2c21788d5_Icon_SUST.png
트래블-전체,MMKGATA03MT001,Aren 노바 나일론 백팩,,https://kr.mcmworldwide.com/ko_KR/%ED%8A%B8%EB%9E%98%EB%B8%94/%EB%AA%A8%EB%91%90%EB%B3%B4%EA%B8%B0/aren-%EB%85%B8%EB%B0%94-%EB%82%98%EC%9D%BC%EB%A1%A0-%EB%B0%B1%ED%8C%A9/MMKGATA03MT001.html?cgid=travel-all-travel,https://images.mcmworldwide.com/i/mcmworldwide/MMKGATA03MT001_01/aren-multi-m?$medium$&fmt=auto&qlt=default
트래블-전체,MMTGATA02MT001,Aren 노바 나일론 토트,,https://kr.mcmworldwide.com/ko_KR/%ED%8A%B8%EB%9E%98%EB%B8%94/%EB%AA%A8%EB%91%90%EB%B3%B4%EA%B8%B0/aren-%EB%85%B8%EB%B0%94-%EB%82%98%EC%9D%BC%EB%A1%A0-%ED%86%A0%ED%8A%B8/MMTGATA02MT001.html?cgid=travel-all-travel,https://images.mcmworldwide.com/i/mcmworldwide/MMTGATA02MT001_01/aren-multi-x-?$medium$&fmt=auto&qlt=default
트래블-전체,MMVAAVY03BK001,비세토스 소재의 오토마 위켄더 백.,,https://kr.mcmworldwide.com/ko_KR/%ED%8A%B8%EB%9E%98%EB%B8%94/%EB%AA%A8%EB%91%90%EB%B3%B4%EA%B8%B0/%EB%B9%84%EC%84%B8%ED%86%A0%EC%8A%A4-%EC%86%8C%EC%9E%AC%EC%9D%98-%EC%98%A4%ED%86%A0%EB%A7%88-%EC%9C%84%EC%BC%84%EB%8D%94-%EB%B0%B1./MMVAAVY03BK001.html?cgid=travel-all-travel,https://images.mcmworldwide.com/i/mcmworldwide/MMVAAVY03BK001_01/-black-45cm-17-7-?$medium$&fmt=auto&qlt=default
트래블-전체,MMKGATA02BK001,Aren 노바 모노그램 ECONYL® 백팩,,https://kr.mcmworldwide.com/ko_KR/%ED%8A%B8%EB%9E%98%EB%B8%94/%EB%AA%A8%EB%91%90%EB%B3%B4%EA%B8%B0/aren-%EB%85%B8%EB%B0%94-%EB%AA%A8%EB%85%B8%EA%B7%B8%EB%9E%A8-econyl%C2%AE-%EB%B0%B1%ED%8C%A9/MMKGATA02BK001.html?cgid=travel-all-travel,https://kr.mcmworldwide.com/on/demandware.static/-/Sites-MCM_Master_Product_Catalog/default/dw762b7dc1/akeneo-entity/9/a/d/e/9ade2994012b05f550482e6a474a6eb2c21788d5_Icon_SUST.png
트래블-전체,MMVAAVY01WT001,Ottomar 비세토스 위켄더,,https://kr.mcmworldwide.com/ko_KR/%ED%8A%B8%EB%9E%98%EB%B8%94/%EB%AA%A8%EB%91%90%EB%B3%B4%EA%B8%B0/ottomar-%EB%B9%84%EC%84%B8%ED%86%A0%EC%8A%A4-%EC%9C%84%EC%BC%84%EB%8D%94/MMVAAVY01WT001.html?cgid=travel-all-travel,https://images.mcmworldwide.com/i/mcmworldwide/MMVAAVY01WT001_01/ottomar-white-55cm-22-?$medium$&fmt=auto&qlt=default
트래블-전체,MMTGATA03BK001,Aren 노바 나일론 토트,,https://kr.mcmworldwide.com/ko_KR/%ED%8A%B8%EB%9E%98%EB%B8%94/%EB%AA%A8%EB%91%90%EB%B3%B4%EA%B8%B0/aren-%EB%85%B8%EB%B0%94-%EB%82%98%EC%9D%BC%EB%A1%A0-%ED%86%A0%ED%8A%B8/MMTGATA03BK001.html?cgid=travel-all-travel,https://kr.mcmworldwide.com/on/demandware.static/-/Sites-MCM_Master_Product_Catalog/default/dw762b7dc1/akeneo-entity/9/a/d/e/9ade2994012b05f550482e6a474a6eb2c21788d5_Icon_SUST.png
트래블-전체,MMVGATT08CO001,MCM X We The Best Ottomar 비세토스 위켄더 백,,https://kr.mcmworldwide.com/ko_KR/%ED%8A%B8%EB%9E%98%EB%B8%94/%EB%AA%A8%EB%91%90%EB%B3%B4%EA%B8%B0/mcm-x-we-the-best-ottomar-%EB%B9%84%EC%84%B8%ED%86%A0%EC%8A%A4-%EC%9C%84%EC%BC%84%EB%8D%94-%EB%B0%B1/MMVGATT08CO001.html?cgid=travel-all-travel,https://images.mcmworldwide.com/i/mcmworldwide/MMVGATT08CO001_01/mcm-x-we-the-best-ottomar-cognac-50-5cm-19-9-?$medium$&fmt=auto&qlt=default
