product_id,name,price_krw,collection,summary,description,material,lining,dimensions,origin,color,size,availability,features,images,url
MMLGATA02BK001,Aren 엠보스드 모노그램 레더 슬링백,,Aren,엠보싱 비세토스 모노그램 모티프가 돋보이는 레더 슬링백,"하우스의 장인정신이 깃든 나파 가죽 소재의 Aren 스몰 슬링백. 클래식 비세토스 모노그램을 엠보싱으로 표현했으며, 싱글 스트랩 디자인으로 자유로운 움직임을 고려한 세련된 실루엣을 완성했습니다.",나파 레더,코튼 트윌 안감,약 9 x 21 x 37 센티미터,이탈리아,black,S,품절,66.5 cm to 116 cm strap length | 길이 조절이 가능한 패브릭 웨빙 스트랩 | 엠보스드 비세토스 모노그램 | 앞면 지퍼 포켓 | 양방향 지퍼 클로저 | 내부 포켓 | 바디:나파 레더 | 다크 실버톤 코발트 메탈 하드웨어 | 코튼 트윌 안감 | 약 9 x 21 x 37 센티미터 | 스트랩 길이: 66.5cm - 116cm | 제조국: 이탈리아,https://images.mcmworldwide.com/i/mcmworldwide/MMLGATA02BK001_01 | https://images.mcmworldwide.com/i/mcmworldwide/MMLGATA02BK001_02 | https://images.mcmworldwide.com/i/mcmworldwide/MMLGATA02BK001_03 | https://images.mcmworldwide.com/i/mcmworldwide/MMLGATA02BK001_04 | https://images.mcmworldwide.com/i/mcmworldwide/MMLGATA02BK001_05 | https://images.mcmworldwide.com/i/mcmworldwide/MMLGATA02BK001_10 | https://images.mcmworldwide.com/i/mcmworldwide/MMLGATA02BK001_11 | https://images.mcmworldwide.com/i/mcmworldwide/MMLGATA02BK001_01 | https://images.mcmworldwide.com/i/mcmworldwide/MMLGATA02BK001_02 | https://images.mcmworldwide.com/i/mcmworldwide/MMLGATA02BK001_03 | https://images.mcmworldwide.com/i/mcmworldwide/MMLGATA02BK001_04 | https://images.mcmworldwide.com/i/mcmworldwide/MMLGATA02BK001_05 | https://images.mcmworldwide.com/i/mcmworldwide/MMLGATA02BK001_10 | https://images.mcmworldwide.com/i/mcmworldwide/MMLGATA02BK001_11,https://kr.mcmworldwide.com/ko_KR/%EA%B0%80%EB%B0%A9/%EB%B0%B1%ED%8C%A9/aren-%EC%97%A0%EB%B3%B4%EC%8A%A4%EB%93%9C-%EB%AA%A8%EB%85%B8%EA%B7%B8%EB%9E%A8-%EB%A0%88%EB%8D%94-%EC%8A%AC%EB%A7%81%EB%B0%B1/MMLGATA02BK001.html?cgid=bags-backpacks
MMLGATA03CO001,Aren 비세토스 슬링백,,Aren,나파 가죽 트림이 더해진 비세토스 모노그램 캔버스 슬링백,기능적인 측면에 집중하여 활동적인 자유로움을 선사하는 Aren(아렌) 슬링백은 뮌헨 하우스의 시그니처 모노그램으로 감싼 매끄러운 실루엣이 특징입니다. 정교한 가죽 디테일로 마무리된 이 현대적인 동반자는 독특한 헤링본 웨빙 스트랩과 만나 자유로운 여정과 활동적인 라이프스타일을 완벽하게 구현합니다.,비세토스 모노그램 캔버스,코튼 트윌 안감,약 9 x 21 x 37 센티미터,대한민국,cognac,S,품절,길이 조절이 가능한 헤링본 패브릭 웨빙 스트랩 | 앞면 지퍼 포켓 | 뒷면 외부 슬립 포켓 | 양방향 지퍼 클로저 | 테블릿과 디바이스 수납을 위한 내부 슬리브 | 바디:비세토스 모노그램 캔버스 | 트림: 나파 가죽 | 24K 골드 도금 브라스 하드웨어 | 코튼 트윌 안감 | 약 9 x 21 x 37 센티미터 | 스트랩 길이: 66.5cm - 116cm | 제조국: 대한민국,https://images.mcmworldwide.com/i/mcmworldwide/MMLGATA03CO001_01 | https://images.mcmworldwide.com/i/mcmworldwide/MMLGATA03CO001_09 | https://images.mcmworldwide.com/i/mcmworldwide/MMLGATA03CO001_02 | https://images.mcmworldwide.com/i/mcmworldwide/MMLGATA03CO001_03 | https://images.mcmworldwide.com/i/mcmworldwide/MMLGATA03CO001_04 | https://images.mcmworldwide.com/i/mcmworldwide/MMLGATA03CO001_05 | https://images.mcmworldwide.com/i/mcmworldwide/MMLGATA03CO001_10 | https://images.mcmworldwide.com/i/mcmworldwide/MMLGATA03CO001_11 | https://images.mcmworldwide.com/i/mcmworldwide/MMLGATA03CO001_01 | https://images.mcmworldwide.com/i/mcmworldwide/MMLGATA03CO001_09 | https://images.mcmworldwide.com/i/mcmworldwide/MMLGATA03CO001_02 | https://images.mcmworldwide.com/i/mcmworldwide/MMLGATA03CO001_03 | https://images.mcmworldwide.com/i/mcmworldwide/MMLGATA03CO001_04 | https://images.mcmworldwide.com/i/mcmworldwide/MMLGATA03CO001_05 | https://images.mcmworldwide.com/i/mcmworldwide/MMLGATA03CO001_10 | https://images.mcmworldwide.com/i/mcmworldwide/MMLGATA03CO001_11,https://kr.mcmworldwide.com/ko_KR/%EA%B0%80%EB%B0%A9/%EB%B0%B1%ED%8C%A9/aren-%EB%B9%84%EC%84%B8%ED%86%A0%EC%8A%A4-%EC%8A%AC%EB%A7%81%EB%B0%B1/MMLGATA03CO001.html?cgid=bags-backpacks
MMLGATA04CO001,Aren 비세토스 슬링백,,Aren,나파 가죽 트림이 더해진 비세토스 모노그램 캔버스 슬링백,"모빌리티에 초점을 맞춘 세련된 디자인의 x-mini Aren 슬링백. 뮌헨 하우스의 클래식 코드가 더해진 간결한 실루엣과 시그니처 브라스 플레이트가 특징입니다. 가죽 디테일과 싱글 웨빙 스트랩이 자유로운 움직임을 선사하며, 컴팩트한 디자인을 완성합니다.",비세토스 모노그램 캔버스,코튼 트윌 안감,약 7 x 17 x 26 센티미터,대한민국,cognac,엑스트라 미니,품절,63 cm to 110 cm strap length | 길이 조절이 가능한 패브릭 웨빙 스트랩 | 앞면 지퍼 포켓 | 외부 포켓 | 양방향 지퍼 클로저 | 바디:비세토스 모노그램 캔버스 | 트림: 나파 가죽 | 24K 골드 도금 브라스 하드웨어 | 코튼 트윌 안감 | 약 7 x 17 x 26 센티미터 | 스트랩 길이: 63cm - 110cm | 제조국: 대한민국,https://images.mcmworldwide.com/i/mcmworldwide/MMLGATA04CO001_01 | https://images.mcmworldwide.com/i/mcmworldwide/MMLGATA04CO001_09 | https://images.mcmworldwide.com/i/mcmworldwide/MMLGATA04CO001_02 | https://images.mcmworldwide.com/i/mcmworldwide/MMLGATA04CO001_03 | https://images.mcmworldwide.com/i/mcmworldwide/MMLGATA04CO001_04 | https://images.mcmworldwide.com/i/mcmworldwide/MMLGATA04CO001_05 | https://images.mcmworldwide.com/i/mcmworldwide/MMLGATA04CO001_10 | https://images.mcmworldwide.com/i/mcmworldwide/MMLGATA04CO001_01 | https://images.mcmworldwide.com/i/mcmworldwide/MMLGATA04CO001_09 | https://images.mcmworldwide.com/i/mcmworldwide/MMLGATA04CO001_02 | https://images.mcmworldwide.com/i/mcmworldwide/MMLGATA04CO001_03 | https://images.mcmworldwide.com/i/mcmworldwide/MMLGATA04CO001_04 | https://images.mcmworldwide.com/i/mcmworldwide/MMLGATA04CO001_05 | https://images.mcmworldwide.com/i/mcmworldwide/MMLGATA04CO001_10,https://kr.mcmworldwide.com/ko_KR/%EA%B0%80%EB%B0%A9/%EB%B0%B1%ED%8C%A9/aren-%EB%B9%84%EC%84%B8%ED%86%A0%EC%8A%A4-%EC%8A%AC%EB%A7%81%EB%B0%B1/MMLGATA04CO001.html?cgid=bags-backpacks
MMKGATA01BK001,Aren 다이아몬드 퀼팅 레더 백팩,,Aren,다이아몬드 모티프 퀼딩 나파가죽 백팩,백팩을 한층 세련된 실루엣으로 완성한 최신 Aren 백팩은 최고급 나파 가죽에 적용된 바이에른 다이아몬드 퀼팅 패턴을 통해 하우스의 뛰어난 장인정신을 보여줍니다.,나파 레더,리사이클 코튼 라이닝,약 20 x 29 x 45 센티미터,이탈리아,black,M,품절,길이 조절이 가능한 숄더 스트랩 | 가죽 탑 핸들 | 다이아몬드 퀼팅 모티프 | 로고 브라스 플레이트 | 양방향 지퍼 클로저 | 13인치 노트북 수납이 가능한 내부 슬리브 및 포켓 | 바디:나파 레더 | 무광 블랙 메탈 하드웨어 | 리사이클 코튼 라이닝 | 약 20 x 29 x 45 센티미터 | 제조국: 이탈리아,https://images.mcmworldwide.com/i/mcmworldwide/MMKGATA01BK001_01 | https://images.mcmworldwide.com/i/mcmworldwide/MMKGATA01BK001_09 | https://images.mcmworldwide.com/i/mcmworldwide/MMKGATA01BK001_02 | https://images.mcmworldwide.com/i/mcmworldwide/MMKGATA01BK001_03 | https://images.mcmworldwide.com/i/mcmworldwide/MMKGATA01BK001_04 | https://images.mcmworldwide.com/i/mcmworldwide/MMKGATA01BK001_06 | https://images.mcmworldwide.com/i/mcmworldwide/MMKGATA01BK001_10 | https://images.mcmworldwide.com/i/mcmworldwide/MMKGATA01BK001_01 | https://images.mcmworldwide.com/i/mcmworldwide/MMKGATA01BK001_09 | https://images.mcmworldwide.com/i/mcmworldwide/MMKGATA01BK001_02 | https://images.mcmworldwide.com/i/mcmworldwide/MMKGATA01BK001_03 | https://images.mcmworldwide.com/i/mcmworldwide/MMKGATA01BK001_04 | https://images.mcmworldwide.com/i/mcmworldwide/MMKGATA01BK001_06 | https://images.mcmworldwide.com/i/mcmworldwide/MMKGATA01BK001_10,https://kr.mcmworldwide.com/ko_KR/%EA%B0%80%EB%B0%A9/%EB%B0%B1%ED%8C%A9/aren-%EB%8B%A4%EC%9D%B4%EC%95%84%EB%AA%AC%EB%93%9C-%ED%80%BC%ED%8C%85-%EB%A0%88%EB%8D%94-%EB%B0%B1%ED%8C%A9/MMKGATA01BK001.html?cgid=bags-backpacks
MWKGATA01BK001,Pina 스터드 장식 카프스킨 드로우스트링 백팩,,Pina,"메탈 로고 스터드 장식, 체인 핸들, 탈부착 가능한 숄더 스트랩으로 실용성을 더한 그레인 가죽 드로우스트링 백팩","그레인 카프스킨으로 제작된 Pina(피나) 백팩. 하우스의 시그니처 코드를 담은 메탈 로고 스터드와 아이코닉한 로고 브라스 플레이트가 디자인을 돋보이게 합니다. 뮌헨의 바이에른 다이아몬드에서 영감을 받은 버클 디테일이 전면 플랩을 장식하며, 탈부착 및 길이 조절이 가능한 스트랩으로 크로스바디 백 또는 키즈 백팩으로 다양하게 연출할 수 있습니다.",100% 카프스킨,스웨이드 마감의 극세사 안감,약 11 x 23 x 25 센티미터,이탈리아,black,미니,품절,"탈부착 가능한 가죽 숄더 스트랩 | 가죽 탑 핸들 | 체인 핸들 | 로고 브라스 플레이트 | 금속 로고 스터드 장식 | 앞면 플랩 포켓 | 마그네틱 스냅 클로저와 가죽 끈 조임 장치 | 내부 포켓 | 바디:100% 카프스킨 | 24K 골드 도금 브라스 하드웨어 | 스웨이드 마감의 극세사 안감 | 약 11 x 23 x 25 센티미터 | 스트랩 길이: 85cm - 96cm, 핸들 드롭: 8cm | 제조국: 이탈리아",https://images.mcmworldwide.com/i/mcmworldwide/MWKGATA01BK001_01 | https://images.mcmworldwide.com/i/mcmworldwide/MWKGATA01BK001_09 | https://images.mcmworldwide.com/i/mcmworldwide/MWKGATA01BK001_02 | https://images.mcmworldwide.com/i/mcmworldwide/MWKGATA01BK001_03 | https://images.mcmworldwide.com/i/mcmworldwide/MWKGATA01BK001_04 | https://images.mcmworldwide.com/i/mcmworldwide/MWKGATA01BK001_05 | https://images.mcmworldwide.com/i/mcmworldwide/MWKGATA01BK001_10 | https://images.mcmworldwide.com/i/mcmworldwide/MWKGATA01BK001_01 | https://images.mcmworldwide.com/i/mcmworldwide/MWKGATA01BK001_09 | https://images.mcmworldwide.com/i/mcmworldwide/MWKGATA01BK001_02 | https://images.mcmworldwide.com/i/mcmworldwide/MWKGATA01BK001_03 | https://images.mcmworldwide.com/i/mcmworldwide/MWKGATA01BK001_04 | https://images.mcmworldwide.com/i/mcmworldwide/MWKGATA01BK001_05 | https://images.mcmworldwide.com/i/mcmworldwide/MWKGATA01BK001_10,https://kr.mcmworldwide.com/ko_KR/%EA%B0%80%EB%B0%A9/%EB%B0%B1%ED%8C%A9/pina-%EC%8A%A4%ED%84%B0%EB%93%9C-%EC%9E%A5%EC%8B%9D-%EC%B9%B4%ED%94%84%EC%8A%A4%ED%82%A8-%EB%93%9C%EB%A1%9C%EC%9A%B0%EC%8A%A4%ED%8A%B8%EB%A7%81-%EB%B0%B1%ED%8C%A9/MWKGATA01BK001.html?cgid=bags-backpacks
MWKFATA01CO001,Aren 비세토스 드로우스트링 백팩,,Aren,버클 하드웨어 장식과 천연 가죽 트림이 더해진 비세토스 모노그램 캔버스 드로스트링 백팩,"하우스의 클래식한 드로우스트링 버킷 디자인이 클래식 코냑 컬러의 세련된 백팩으로 재탄생했습니다. 비세토스 캔버스와 천연 가죽으로 제작되었으며, 여러 개의 수납공간과 바이에른 다이아몬드에서 영감을 받은 버클 하드웨어가 특징입니다.",비세토스 모노그램 캔버스,스웨이드 마감의 극세사 안감,약 13 x 29 x 32 센티미터,대한민국,cognac,S,품절,"길이 조절이 가능한 숄더 스트랩 | 가죽 탑 핸들 | 마그네틱 스냅 클로저와 가죽 끈 조임 장치 | 버클 장식 | 자석 잠금 장치가 있는 앞면 플랩 포켓 | 내부 슬립 포켓 | 바디:비세토스 모노그램 캔버스 | 트림:천연 가죽 | 24K 골드 도금 브라스 하드웨어 | 스웨이드 마감의 극세사 안감 | 약 13 x 29 x 32 센티미터 | 스트랩 길이:76 cm - 83 cm, 핸들 길이: 8.5 cm | 제조국: 대한민국",https://images.mcmworldwide.com/i/mcmworldwide/MWKFATA01CO001_01 | https://images.mcmworldwide.com/i/mcmworldwide/MWKFATA01CO001_09 | https://images.mcmworldwide.com/i/mcmworldwide/MWKFATA01CO001_02 | https://images.mcmworldwide.com/i/mcmworldwide/MWKFATA01CO001_03 | https://images.mcmworldwide.com/i/mcmworldwide/MWKFATA01CO001_04 | https://images.mcmworldwide.com/i/mcmworldwide/MWKFATA01CO001_10 | https://images.mcmworldwide.com/i/mcmworldwide/MWKFATA01CO001_01 | https://images.mcmworldwide.com/i/mcmworldwide/MWKFATA01CO001_09 | https://images.mcmworldwide.com/i/mcmworldwide/MWKFATA01CO001_02 | https://images.mcmworldwide.com/i/mcmworldwide/MWKFATA01CO001_03 | https://images.mcmworldwide.com/i/mcmworldwide/MWKFATA01CO001_04 | https://images.mcmworldwide.com/i/mcmworldwide/MWKFATA01CO001_10 | https://images.mcmworldwide.com/i/mcmworldwide/MWKFATA01CO001_01,https://kr.mcmworldwide.com/ko_KR/%EA%B0%80%EB%B0%A9/%EB%B0%B1%ED%8C%A9/aren-%EB%B9%84%EC%84%B8%ED%86%A0%EC%8A%A4-%EB%93%9C%EB%A1%9C%EC%9A%B0%EC%8A%A4%ED%8A%B8%EB%A7%81-%EB%B0%B1%ED%8C%A9/MWKFATA01CO001.html?cgid=bags-backpacks
MWKGATA03PZ001,Aren 비세토스 드로우스트링 백팩,,Aren,버클 하드웨어 장식과 가죽 트림이 더해진 비세토스 모노그램 캔버스 드로스트링 백팩,"하우스의 클래식 드로스트링 버킷 디자인을 세련된 백팩으로 재해석한 아이템. 시그니처 소프트 핑크 컬러의 비세토스 캔버스와 가죽으로 완성되었으며, 바이에른 다이아몬드에서 영감을 받은 버클 하드웨어가 돋보이는 다양한 수납공간이 특징입니다.",비세토스 모노그램 캔버스,스웨이드 마감의 극세사 안감,약 13 x 29 x 32 센티미터,대한민국,soft pink,S,품절,"길이 조절이 가능한 숄더 스트랩 | 가죽 탑 핸들 | 마그네틱 스냅 클로저와 가죽 끈 조임 장치 | 버클 장식 | 자석 잠금 장치가 있는 앞면 플랩 포켓 | 내부 슬립 포켓 | 바디:비세토스 모노그램 캔버스 | 레더 트림 | 16K 골드 도금 메탈 하드웨어 | 스웨이드 마감의 극세사 안감 | 약 13 x 29 x 32 센티미터 | 스트랩 길이: 76cm - 83cm, 핸들 드롭: 8.5cm | 제조국: 대한민국",https://images.mcmworldwide.com/i/mcmworldwide/MWKGATA03PZ001_01 | https://images.mcmworldwide.com/i/mcmworldwide/MWKGATA03PZ001_09 | https://images.mcmworldwide.com/i/mcmworldwide/MWKGATA03PZ001_02 | https://images.mcmworldwide.com/i/mcmworldwide/MWKGATA03PZ001_03 | https://images.mcmworldwide.com/i/mcmworldwide/MWKGATA03PZ001_04 | https://images.mcmworldwide.com/i/mcmworldwide/MWKGATA03PZ001_05 | https://images.mcmworldwide.com/i/mcmworldwide/MWKGATA03PZ001_10 | https://images.mcmworldwide.com/i/mcmworldwide/MWKGATA03PZ001_01 | https://images.mcmworldwide.com/i/mcmworldwide/MWKGATA03PZ001_09 | https://images.mcmworldwide.com/i/mcmworldwide/MWKGATA03PZ001_02 | https://images.mcmworldwide.com/i/mcmworldwide/MWKGATA03PZ001_03 | https://images.mcmworldwide.com/i/mcmworldwide/MWKGATA03PZ001_04 | https://images.mcmworldwide.com/i/mcmworldwide/MWKGATA03PZ001_05 | https://images.mcmworldwide.com/i/mcmworldwide/MWKGATA03PZ001_10 | https://images.mcmworldwide.com/i/mcmworldwide/MWKGATA03PZ001_01,https://kr.mcmworldwide.com/ko_KR/%EA%B0%80%EB%B0%A9/%EB%B0%B1%ED%8C%A9/aren-%EB%B9%84%EC%84%B8%ED%86%A0%EC%8A%A4-%EB%93%9C%EB%A1%9C%EC%9A%B0%EC%8A%A4%ED%8A%B8%EB%A7%81-%EB%B0%B1%ED%8C%A9/MWKGATA03PZ001.html?cgid=bags-backpacks
MWKFATA04BK001,Aren ECONYL®과 가죽 드로우스트링 백팩,,Aren,바바리안 다이아몬드 메탈 버클 하드웨어와 비세토스 모노그램 프린트 가죽 트림이 돋보이는 ECONYL® 드로우스트링 백팩,"하우스의 클래식한 드로스트링 버킷 디자인이 세련된 백팩으로 재탄생했습니다. ECONYL® 리사이클드 나일론과 비세토스 모노그램 프린트 가죽으로 완성된 이 우아한 백은, 뮌헨 바이에른 다이아몬드에서 영감을 받은 버클 하드웨어가 포인트이며 다양한 수납 공간을 자랑합니다.",ECONYL® 재생 나일론,패브릭 안감,약 11 x 23 x 25 센티미터,대한민국,black,S,품절,"길이 조절이 가능한 가죽 숄더 스트랩 | 가죽 탑 핸들 | 마그네틱 스냅 클로저와 가죽 끈 조임 장치 | 바바리안 다이아몬드 메탈 버클 장식 | 자석 잠금 장치가 있는 앞면 플랩 포켓 | 내부 슬립 포켓 | 바디:ECONYL® 재생 나일론 | 트림: 비세토스 모노그램 프린트가 더해진 그레인 레더 | 실버톤 코발트 메탈 하드웨어 | 패브릭 안감 | 약 11 x 23 x 25 센티미터 | 스트랩 길이: 76cm - 83cm, 핸들 드롭: 8.5cm | 제조국: 대한민국",https://images.mcmworldwide.com/i/mcmworldwide/MWKFATA04BK001_01 | https://images.mcmworldwide.com/i/mcmworldwide/MWKFATA04BK001_09 | https://images.mcmworldwide.com/i/mcmworldwide/MWKFATA04BK001_02 | https://images.mcmworldwide.com/i/mcmworldwide/MWKFATA04BK001_03 | https://images.mcmworldwide.com/i/mcmworldwide/MWKFATA04BK001_04 | https://images.mcmworldwide.com/i/mcmworldwide/MWKFATA04BK001_10 | https://images.mcmworldwide.com/i/mcmworldwide/MWKFATA04BK001_11 | https://images.mcmworldwide.com/i/mcmworldwide/MWKFATA04BK001_01 | https://images.mcmworldwide.com/i/mcmworldwide/MWKFATA04BK001_09 | https://images.mcmworldwide.com/i/mcmworldwide/MWKFATA04BK001_02 | https://images.mcmworldwide.com/i/mcmworldwide/MWKFATA04BK001_03 | https://images.mcmworldwide.com/i/mcmworldwide/MWKFATA04BK001_04 | https://images.mcmworldwide.com/i/mcmworldwide/MWKFATA04BK001_10 | https://images.mcmworldwide.com/i/mcmworldwide/MWKFATA04BK001_11,https://kr.mcmworldwide.com/ko_KR/%EA%B0%80%EB%B0%A9/%EB%B0%B1%ED%8C%A9/aren-econyl%C2%AE%EA%B3%BC-%EA%B0%80%EC%A3%BD-%EB%93%9C%EB%A1%9C%EC%9A%B0%EC%8A%A4%ED%8A%B8%EB%A7%81-%EB%B0%B1%ED%8C%A9/MWKFATA04BK001.html?cgid=bags-backpacks
MWKFATA02CO001,Aren 비세토스 드로우스트링 백팩,,Aren,"탈부착 가능한 체인 핸들과 숄더 스트랩, 천연 가죽 트림이 더해진 비세토스 모노그램 캔버스 컨버터블 백팩","하우스의 클래식한 드로우스트링 버킷 디자인이 우아한 체인 핸들이 더해진 미니 백팩으로 재탄생했습니다. 소프트 핑크 비세토스 캔버스와 천연 가죽으로 제작되었으며, 뮌헨의 바이에른 다이아몬드에서 영감을 받은 버클 하드웨어가 포인트를 더합니다. 숄더 스트랩은 탈착 및 길이 조절이 가능해, 크로스바디 백 또는 아동용 백팩으로도 연출할 수 있습니다.",비세토스 모노그램 캔버스,스웨이드 마감의 극세사 안감,약 11 x 23 x 25 센티미터,대한민국,cognac,미니,품절,"탈부착 가능한 숄더 스트랩 | 가죽 탑 핸들 | 탈착 가능한 체인 핸들 | 앞면 플랩 포켓 | 마그네틱 스냅 클로저와 가죽 끈 조임 장치 | 버클 장식 | 내부 슬립 포켓 | 바디:비세토스 모노그램 캔버스 | 트림:천연 가죽 | 24K 골드 도금 브라스 하드웨어 | 스웨이드 마감의 극세사 안감 | 약 11 x 23 x 25 센티미터 | 스트랩 길이:85 cm - 96 cm, 핸들 길이: 8 cm | 제조국: 대한민국",https://images.mcmworldwide.com/i/mcmworldwide/MWKFATA02CO001_01 | https://images.mcmworldwide.com/i/mcmworldwide/MWKFATA02CO001_09 | https://images.mcmworldwide.com/i/mcmworldwide/MWKFATA02CO001_02 | https://images.mcmworldwide.com/i/mcmworldwide/MWKFATA02CO001_03 | https://images.mcmworldwide.com/i/mcmworldwide/MWKFATA02CO001_04 | https://images.mcmworldwide.com/i/mcmworldwide/MWKFATA02CO001_10 | https://images.mcmworldwide.com/i/mcmworldwide/MWKFATA02CO001_01 | https://images.mcmworldwide.com/i/mcmworldwide/MWKFATA02CO001_09 | https://images.mcmworldwide.com/i/mcmworldwide/MWKFATA02CO001_02 | https://images.mcmworldwide.com/i/mcmworldwide/MWKFATA02CO001_03 | https://images.mcmworldwide.com/i/mcmworldwide/MWKFATA02CO001_04 | https://images.mcmworldwide.com/i/mcmworldwide/MWKFATA02CO001_10 | https://images.mcmworldwide.com/i/mcmworldwide/MWKFATA02CO001_01,https://kr.mcmworldwide.com/ko_KR/%EA%B0%80%EB%B0%A9/%EB%B0%B1%ED%8C%A9/aren-%EB%B9%84%EC%84%B8%ED%86%A0%EC%8A%A4-%EB%93%9C%EB%A1%9C%EC%9A%B0%EC%8A%A4%ED%8A%B8%EB%A7%81-%EB%B0%B1%ED%8C%A9/MWKFATA02CO001.html?cgid=bags-backpacks
MWKFATA02PZ001,Aren 비세토스 드로우스트링 백팩,,Aren,"체인 핸들, 탈부착 가능한 숄더 스트랩, 천연 가죽 트림이 더해진 비세토스 모노그램 캔버스 드로스트링 백팩","하우스의 클래식한 드로우스트링 버킷 디자인이 우아한 체인 핸들이 더해진 미니 백팩으로 재탄생했습니다. 소프트 핑크 비세토스 캔버스와 천연 가죽으로 제작되었으며, 뮌헨의 바이에른 다이아몬드에서 영감을 받은 버클 하드웨어가 포인트를 더합니다. 숄더 스트랩은 탈착 및 길이 조절이 가능해, 크로스바디 백 또는 아동용 백팩으로도 연출할 수 있습니다.",비세토스 모노그램 캔버스,스웨이드 마감의 극세사 안감,약 11 x 23 x 25 센티미터,대한민국,soft pink,미니,품절,"탈부착 가능한 숄더 스트랩 | 가죽 탑 핸들 | 체인 핸들 | 앞면 플랩 포켓 | 마그네틱 스냅 클로저와 가죽 끈 조임 장치 | 내부 포켓 | 바디:비세토스 모노그램 캔버스 | 트림: 천연 나파 가죽 | 18K 골드 도금 메탈 하드웨어 | 스웨이드 마감의 극세사 안감 | 약 11 x 23 x 25 센티미터 | 스트랩 길이:85 cm - 96 cm, 핸들 길이: 8 cm | 제조국: 대한민국",https://images.mcmworldwide.com/i/mcmworldwide/MWKFATA02PZ001_01 | https://images.mcmworldwide.com/i/mcmworldwide/MWKFATA02PZ001_09 | https://images.mcmworldwide.com/i/mcmworldwide/MWKFATA02PZ001_02 | https://images.mcmworldwide.com/i/mcmworldwide/MWKFATA02PZ001_03 | https://images.mcmworldwide.com/i/mcmworldwide/MWKFATA02PZ001_04 | https://images.mcmworldwide.com/i/mcmworldwide/MWKFATA02PZ001_10 | https://images.mcmworldwide.com/i/mcmworldwide/MWKFATA02PZ001_01 | https://images.mcmworldwide.com/i/mcmworldwide/MWKFATA02PZ001_09 | https://images.mcmworldwide.com/i/mcmworldwide/MWKFATA02PZ001_02 | https://images.mcmworldwide.com/i/mcmworldwide/MWKFATA02PZ001_03 | https://images.mcmworldwide.com/i/mcmworldwide/MWKFATA02PZ001_04 | https://images.mcmworldwide.com/i/mcmworldwide/MWKFATA02PZ001_10 | https://images.mcmworldwide.com/i/mcmworldwide/MWKFATA02PZ001_01,https://kr.mcmworldwide.com/ko_KR/%EA%B0%80%EB%B0%A9/%EB%B0%B1%ED%8C%A9/aren-%EB%B9%84%EC%84%B8%ED%86%A0%EC%8A%A4-%EB%93%9C%EB%A1%9C%EC%9A%B0%EC%8A%A4%ED%8A%B8%EB%A7%81-%EB%B0%B1%ED%8C%A9/MWKFATA02PZ001.html?cgid=bags-backpacks
MWKGATA02I8001,Aren 비세토스 드로우스트링 백팩,,Aren,"체인 핸들, 탈부착 가능한 숄더 스트랩, 천연 가죽 트림이 더해진 비세토스 모노그램 캔버스 드로스트링 백팩","하우스의 클래식한 드로우스트링 버킷 디자인이 우아한 체인 핸들이 더해진 미니 백팩으로 재탄생했습니다. 소프트 핑크 비세토스 캔버스와 천연 가죽으로 제작되었으며, 뮌헨의 바이에른 다이아몬드에서 영감을 받은 버클 하드웨어가 포인트를 더합니다. 숄더 스트랩은 탈착 및 길이 조절이 가능해, 크로스바디 백 또는 아동용 백팩으로도 연출할 수 있습니다.",비세토스 모노그램 캔버스,스웨이드 마감의 극세사 안감,약 11 x 23 x 25 센티미터,대한민국,beige+black logo,미니,품절,"탈부착 가능한 숄더 스트랩 | 가죽 탑 핸들 | 탈착 가능한 체인 핸들 | 앞면 플랩 포켓 | 마그네틱 스냅 클로저와 가죽 끈 조임 장치 | 버클 장식 | 내부 슬립 포켓 | 바디:비세토스 모노그램 캔버스 | 가죽 트림 | 16K 골드 도금 메탈 하드웨어 | 스웨이드 마감의 극세사 안감 | 약 11 x 23 x 25 센티미터 | 스트랩 길이:85 cm - 96 cm, 핸들 길이: 8 cm | 제조국: 대한민국",https://images.mcmworldwide.com/i/mcmworldwide/MWKGATA02I8001_01 | https://images.mcmworldwide.com/i/mcmworldwide/MWKGATA02I8001_09 | https://images.mcmworldwide.com/i/mcmworldwide/MWKGATA02I8001_02 | https://images.mcmworldwide.com/i/mcmworldwide/MWKGATA02I8001_03 | https://images.mcmworldwide.com/i/mcmworldwide/MWKGATA02I8001_04 | https://images.mcmworldwide.com/i/mcmworldwide/MWKGATA02I8001_05 | https://images.mcmworldwide.com/i/mcmworldwide/MWKGATA02I8001_10 | https://images.mcmworldwide.com/i/mcmworldwide/MWKGATA02I8001_01 | https://images.mcmworldwide.com/i/mcmworldwide/MWKGATA02I8001_09 | https://images.mcmworldwide.com/i/mcmworldwide/MWKGATA02I8001_02 | https://images.mcmworldwide.com/i/mcmworldwide/MWKGATA02I8001_03 | https://images.mcmworldwide.com/i/mcmworldwide/MWKGATA02I8001_04 | https://images.mcmworldwide.com/i/mcmworldwide/MWKGATA02I8001_05 | https://images.mcmworldwide.com/i/mcmworldwide/MWKGATA02I8001_10 | https://images.mcmworldwide.com/i/mcmworldwide/MWKGATA02I8001_01,https://kr.mcmworldwide.com/ko_KR/%EA%B0%80%EB%B0%A9/%EB%B0%B1%ED%8C%A9/aren-%EB%B9%84%EC%84%B8%ED%86%A0%EC%8A%A4-%EB%93%9C%EB%A1%9C%EC%9A%B0%EC%8A%A4%ED%8A%B8%EB%A7%81-%EB%B0%B1%ED%8C%A9/MWKGATA02I8001.html?cgid=bags-backpacks
MWKFATA03BK001,Aren ECONYL®과 가죽 드로우스트링 백팩,,Aren,"탈부착 가능한 체인 핸들과 분리 가능한 숄더 스트랩, 비세토스 모노그램 프린트 가죽 트림이 돋보이는 ECONYL® 컨버터블 백팩","하우스의 클래식한 드로스트링 버킷 디자인이 탈부착 가능한 체인 핸들을 더한 우아한 백팩으로 재탄생했습니다. ECONYL® 리사이클드 나일론과 비세토스 모노그램 프린트 가죽을 사용하였으며, 뮌헨 바이에른 다이아몬드에서 영감을 받은 버클 하드웨어가 포인트입니다. 탈부착 가능한 어깨끈은 길이 조절이 가능해 크로스바디 백이나 어린이용 백팩으로도 활용할 수 있습니다.",ECONYL® 재생 나일론,패브릭 안감,약 11 x 23 x 25 센티미터,대한민국,black,미니,품절,"탈부착 가능한 가죽 숄더 스트랩 | 가죽 탑 핸들 | 탈착 가능한 체인 핸들 | 앞면 플랩 포켓 | 바바리안 다이아몬드 메탈 버클 장식 | 마그네틱 스냅 클로저와 가죽 끈 조임 장치 | 내부 포켓 | 바디:ECONYL® 재생 나일론 | 트림: 비세토스 모노그램 프린트가 더해진 그레인 레더 | 실버톤 코발트 메탈 하드웨어 | 패브릭 안감 | 약 11 x 23 x 25 센티미터 | 스트랩 길이: 85cm - 96cm, 핸들 드롭: 8cm | 제조국: 대한민국",https://images.mcmworldwide.com/i/mcmworldwide/MWKFATA03BK001_01 | https://images.mcmworldwide.com/i/mcmworldwide/MWKFATA03BK001_09 | https://images.mcmworldwide.com/i/mcmworldwide/MWKFATA03BK001_02 | https://images.mcmworldwide.com/i/mcmworldwide/MWKFATA03BK001_03 | https://images.mcmworldwide.com/i/mcmworldwide/MWKFATA03BK001_04 | https://images.mcmworldwide.com/i/mcmworldwide/MWKFATA03BK001_10 | https://images.mcmworldwide.com/i/mcmworldwide/MWKFATA03BK001_11 | https://images.mcmworldwide.com/i/mcmworldwide/MWKFATA03BK001_01 | https://images.mcmworldwide.com/i/mcmworldwide/MWKFATA03BK001_09 | https://images.mcmworldwide.com/i/mcmworldwide/MWKFATA03BK001_02 | https://images.mcmworldwide.com/i/mcmworldwide/MWKFATA03BK001_03 | https://images.mcmworldwide.com/i/mcmworldwide/MWKFATA03BK001_04 | https://images.mcmworldwide.com/i/mcmworldwide/MWKFATA03BK001_10 | https://images.mcmworldwide.com/i/mcmworldwide/MWKFATA03BK001_11,https://kr.mcmworldwide.com/ko_KR/%EA%B0%80%EB%B0%A9/%EB%B0%B1%ED%8C%A9/aren-econyl%C2%AE%EA%B3%BC-%EA%B0%80%EC%A3%BD-%EB%93%9C%EB%A1%9C%EC%9A%B0%EC%8A%A4%ED%8A%B8%EB%A7%81-%EB%B0%B1%ED%8C%A9/MWKFATA03BK001.html?cgid=bags-backpacks
MWKGSTA01QA001,Aren 맥시 모노그램 가죽 드로우스트링 백팩,,Aren,탈부착 가능한 체인 핸들 숄더 스트랩이 조솨를 이루며 엠보싱된 맥시 비세토스 모노그램이 돋보이는 천연 풀그레인 레더 컨버터블 백팩,"하우스의 클래식 드로스트링 버킷백이 시그니처 비세토스 모노그램을 현대적으로 재해석한 디테일과 함께 미니 레더 백팩으로 새롭게 탄생했습니다. 체인 핸들이 더해져 우아한 분위기를 완성하며, 뮌헨의 바이에른 다이아몬드에서 영감을 받은 버클 하드웨어가 한층 세련된 포인트를 더합니다. 숄더 스트랩은 탈착 및 길이 조절이 가능해 크로스바디 백은 물론, 키즈 백팩으로도 다양하게 연출할 수 있습니다.",천연 풀 그레인 레더,스웨이드 마감의 극세사 안감,약 11 x 23 x 25 센티미터,이탈리아,lotus pink,S,품절,"탈부착 가능한 숄더 스트랩 | 가죽 탑 핸들 | 탈착 가능한 체인 핸들 | 앞면 플랩 포켓 | 마그네틱 스냅 클로저와 가죽 끈 조임 장치 | 버클 장식 | 내부 슬립 포켓 | 바디: 천연 풀 그레인 레더 | 16K 골드 도금 메탈 하드웨어 | 스웨이드 마감의 극세사 안감 | 약 11 x 23 x 25 센티미터 | 스트랩 길이: 85cm - 96cm, 핸들 드롭: 8cm | 제조국: 이탈리아",https://images.mcmworldwide.com/i/mcmworldwide/MWKGSTA01QA001_01 | https://images.mcmworldwide.com/i/mcmworldwide/MWKGSTA01QA001_09 | https://images.mcmworldwide.com/i/mcmworldwide/MWKGSTA01QA001_02 | https://images.mcmworldwide.com/i/mcmworldwide/MWKGSTA01QA001_03 | https://images.mcmworldwide.com/i/mcmworldwide/MWKGSTA01QA001_04 | https://images.mcmworldwide.com/i/mcmworldwide/MWKGSTA01QA001_05 | https://images.mcmworldwide.com/i/mcmworldwide/MWKGSTA01QA001_10 | https://images.mcmworldwide.com/i/mcmworldwide/MWKGSTA01QA001_11 | https://images.mcmworldwide.com/i/mcmworldwide/MWKGSTA01QA001_01 | https://images.mcmworldwide.com/i/mcmworldwide/MWKGSTA01QA001_09 | https://images.mcmworldwide.com/i/mcmworldwide/MWKGSTA01QA001_02 | https://images.mcmworldwide.com/i/mcmworldwide/MWKGSTA01QA001_03 | https://images.mcmworldwide.com/i/mcmworldwide/MWKGSTA01QA001_04 | https://images.mcmworldwide.com/i/mcmworldwide/MWKGSTA01QA001_05 | https://images.mcmworldwide.com/i/mcmworldwide/MWKGSTA01QA001_10 | https://images.mcmworldwide.com/i/mcmworldwide/MWKGSTA01QA001_11,https://kr.mcmworldwide.com/ko_KR/%EA%B0%80%EB%B0%A9/%EB%B0%B1%ED%8C%A9/aren-%EB%A7%A5%EC%8B%9C-%EB%AA%A8%EB%85%B8%EA%B7%B8%EB%9E%A8-%EA%B0%80%EC%A3%BD-%EB%93%9C%EB%A1%9C%EC%9A%B0%EC%8A%A4%ED%8A%B8%EB%A7%81-%EB%B0%B1%ED%8C%A9/MWKGSTA01QA001.html?cgid=bags-backpacks
MWKGSAK01BK001,디아망뜨 양가죽 3D 백팩,,,MCM 로고 모티프와 투웨이 앵귤러 지퍼 클로저가 더해진 그레인드 양가죽 백팩,"이탈리아산 양가죽으로 완성된 미디엄 백팩으로, 마치 조각 작품을 떠올리게 하는 조형미를 지니고 있습니다. 바이에른 다이아몬드에서 영감을 받은 지퍼 클로저와 24K 골드 도금 브라스 버클이 포인트를 더합니다. 형태와 기능이 완벽하게 조화된 실루엣에, 후면에는 숨겨진 외부 포켓이 있어 소지품을 안전하게 보관할 수 있습니다.",이탈리안 고트스킨,스웨이드 마감의 극세사 안감,약 15 x 28 x 32 센티미터,이탈리아,black,M,품절,바이에른 다이아몬드 브라스 버클이 더해진 길이 조절이 가능한 숄더 스트랩 | 가죽 탑 핸들 | MCM 로고 모티프 | 뒷면 외부 포켓 | 레더 풀러가 있는 양방향 지퍼 잠금 장치 | 다이아몬드 가죽 패치가 더해진 내부 지퍼 수납공간 | 바디: 이탈리안 고트스킨 | 24K 골드 도금 브라스 하드웨어 | 스웨이드 마감의 극세사 안감 | 약 15 x 28 x 32 센티미터 | 제조국: 이탈리아,https://images.mcmworldwide.com/i/mcmworldwide/MWKGSAK01BK001_01 | https://images.mcmworldwide.com/i/mcmworldwide/MWKGSAK01BK001_09 | https://images.mcmworldwide.com/i/mcmworldwide/MWKGSAK01BK001_02 | https://images.mcmworldwide.com/i/mcmworldwide/MWKGSAK01BK001_03 | https://images.mcmworldwide.com/i/mcmworldwide/MWKGSAK01BK001_04 | https://images.mcmworldwide.com/i/mcmworldwide/MWKGSAK01BK001_05 | https://images.mcmworldwide.com/i/mcmworldwide/MWKGSAK01BK001_10 | https://images.mcmworldwide.com/i/mcmworldwide/MWKGSAK01BK001_11 | https://images.mcmworldwide.com/i/mcmworldwide/MWKGSAK01BK001_01 | https://images.mcmworldwide.com/i/mcmworldwide/MWKGSAK01BK001_09 | https://images.mcmworldwide.com/i/mcmworldwide/MWKGSAK01BK001_02 | https://images.mcmworldwide.com/i/mcmworldwide/MWKGSAK01BK001_03 | https://images.mcmworldwide.com/i/mcmworldwide/MWKGSAK01BK001_04 | https://images.mcmworldwide.com/i/mcmworldwide/MWKGSAK01BK001_05 | https://images.mcmworldwide.com/i/mcmworldwide/MWKGSAK01BK001_10 | https://images.mcmworldwide.com/i/mcmworldwide/MWKGSAK01BK001_11,https://kr.mcmworldwide.com/ko_KR/%EA%B0%80%EB%B0%A9/%EB%B0%B1%ED%8C%A9/%EB%94%94%EC%95%84%EB%A7%9D%EB%9C%A8-%EC%96%91%EA%B0%80%EC%A3%BD-3d-%EB%B0%B1%ED%8C%A9/MWKGSAK01BK001.html?cgid=bags-backpacks
MMKEAVE05CO001,스타크 모노그램 나일론 패커블 백팩,,,비세토스 모노그램 올오버 프린트와 천연 나파 가죽 트림이 돋보이는 컨버터블 나일론 백팩,MCM에서 2024 가을-겨울 시즌을 위해 혁신적인 패커블 디자인이 돋보이는 이탈리안 나일론 및 나파 가죽 소재의 한정판 스타크 백팩을 선보입니다. 지퍼형 전면 포켓을 통해 실루엣을 뒤집으면 가벼운 모노그램 파우치로 바뀌어 손쉽게 소지품을 보관하고 휴대할 수 있습니다. 파우치로 바꿀 때 함께 제공되는 D링 디테일로 원하는 스트랩을 부착하여 핸즈프리로 착용할 수 있습니다.,나일론 100%,나일론 100%,약 14 x 32 x 41 센티미터,대한민국,cognac,M,품절,"조절 가능한 어깨 스트랩 | 손잡이 부분 | 지퍼 파우치로 변형되는 패커블 디자인 | 전면 지퍼 수납공간 | 앞면의 MCM 로고 플레이트. | 양방향 지퍼 클로저 | 바디: 나일론 100% | 트림: 천연 나파 가죽 | 다크 톤 금속 장식 | 안감: 나일론 100% | 약 14 x 32 x 41 센티미터 | 스트랩 길이: 76cm ~ 90cm, 핸들 드롭: 8cm | 제조국: 대한민국",https://images.mcmworldwide.com/i/mcmworldwide/MMKEAVE05CO001_01 | https://images.mcmworldwide.com/i/mcmworldwide/MMKEAVE05CO001_02 | https://images.mcmworldwide.com/i/mcmworldwide/MMKEAVE05CO001_03 | https://images.mcmworldwide.com/i/mcmworldwide/MMKEAVE05CO001_04 | https://images.mcmworldwide.com/i/mcmworldwide/MMKEAVE05CO001_05 | https://images.mcmworldwide.com/i/mcmworldwide/MMKEAVE05CO001_01 | https://images.mcmworldwide.com/i/mcmworldwide/MMKEAVE05CO001_02 | https://images.mcmworldwide.com/i/mcmworldwide/MMKEAVE05CO001_03 | https://images.mcmworldwide.com/i/mcmworldwide/MMKEAVE05CO001_04 | https://images.mcmworldwide.com/i/mcmworldwide/MMKEAVE05CO001_05 | https://images.mcmworldwide.com/i/mcmworldwide/MMKEAVE05CO001_01,https://kr.mcmworldwide.com/ko_KR/%EA%B0%80%EB%B0%A9/%EB%B0%B1%ED%8C%A9/%EC%8A%A4%ED%83%80%ED%81%AC-%EB%AA%A8%EB%85%B8%EA%B7%B8%EB%9E%A8-%EB%82%98%EC%9D%BC%EB%A1%A0-%ED%8C%A8%EC%BB%A4%EB%B8%94-%EB%B0%B1%ED%8C%A9/MMKEAVE05CO001.html?cgid=bags-backpacks
MMKGSVE09BK001,Stark 모노그램 나일론 패커블 백팩,,Stark,비세토스 모노그램 올오버 프린트와 천연 나파 가죽 트리밍이 어우러진 컨버터블 나일론 백팩,기능적 혁신을 바탕으로 한 뮌헨 하우스의 모노크롬 스타크 백팩. 사용하지 않을 때는 접어 파우치 형태로 변형 가능한 패커블 디자인이 특징입니다. D-링 디테일이 있어 원하는 스트랩을 연결하여 핸즈프리 스타일로 착용할 수 있습니다.,100% 나일론,100% 나일론,약 14 x 32 x 41 센티미터,대한민국,black,M,품절,"길이 조절이 가능한 숄더 스트랩 | 탑 핸들 | 지퍼 파우치로 변형 가능한 패커블 디자인 | 비세토스 모노그램 전면 프린트 | 앞면 지퍼 포켓 | 로고 브라스 플레이트 | 양방향 지퍼 클로저 | 바디: 100% 나일론 | 트림:천연 가죽 | 무광 블랙 메탈 하드웨어 | 안감: 100% 나일론 | 약 14 x 32 x 41 센티미터 | 스트랩 길이:76 cm to 90 cm , 핸들 드롭: 8 cm | 제조국: 대한민국",https://images.mcmworldwide.com/i/mcmworldwide/MMKGSVE09BK001_01 | https://images.mcmworldwide.com/i/mcmworldwide/MMKGSVE09BK001_09 | https://images.mcmworldwide.com/i/mcmworldwide/MMKGSVE09BK001_02 | https://images.mcmworldwide.com/i/mcmworldwide/MMKGSVE09BK001_03 | https://images.mcmworldwide.com/i/mcmworldwide/MMKGSVE09BK001_04 | https://images.mcmworldwide.com/i/mcmworldwide/MMKGSVE09BK001_05 | https://images.mcmworldwide.com/i/mcmworldwide/MMKGSVE09BK001_06 | https://images.mcmworldwide.com/i/mcmworldwide/MMKGSVE09BK001_10 | https://images.mcmworldwide.com/i/mcmworldwide/MMKGSVE09BK001_11 | https://images.mcmworldwide.com/i/mcmworldwide/MMKGSVE09BK001_01 | https://images.mcmworldwide.com/i/mcmworldwide/MMKGSVE09BK001_09 | https://images.mcmworldwide.com/i/mcmworldwide/MMKGSVE09BK001_02 | https://images.mcmworldwide.com/i/mcmworldwide/MMKGSVE09BK001_03 | https://images.mcmworldwide.com/i/mcmworldwide/MMKGSVE09BK001_04 | https://images.mcmworldwide.com/i/mcmworldwide/MMKGSVE09BK001_05 | https://images.mcmworldwide.com/i/mcmworldwide/MMKGSVE09BK001_06 | https://images.mcmworldwide.com/i/mcmworldwide/MMKGSVE09BK001_10 | https://images.mcmworldwide.com/i/mcmworldwide/MMKGSVE09BK001_11 | https://images.mcmworldwide.com/i/mcmworldwide/MMKGSVE09BK001_01,https://kr.mcmworldwide.com/ko_KR/%EA%B0%80%EB%B0%A9/%EB%B0%B1%ED%8C%A9/stark-%EB%AA%A8%EB%85%B8%EA%B7%B8%EB%9E%A8-%EB%82%98%EC%9D%BC%EB%A1%A0-%ED%8C%A8%EC%BB%A4%EB%B8%94-%EB%B0%B1%ED%8C%A9/MMKGSVE09BK001.html?cgid=bags-backpacks
MMKDAVE02VC001,Stark 맥시 모노그램 레더 백팩,,Stark,천연 풀 그레인 가죽과 엠보스드 맥시 모노그램이 돋보이는 Stark 백팩,"뮌헨 하우스의 대표적인 실루엣으로, 형태가 기능을 따르는 바우하우스의 철학이 고스란히 담겨 있습니다. 천연 풀 그레인 가죽 소재의 Stark 백팩은 시그니처 모노그램의 업스케일 버전으로 정교하게 엠보싱 처리되었습니다.",천연 나파 가죽,스웨이드 마감 마이크로파이버 안감,약 15 x 33 x 42 센티미터,대한민국,navy blazer,M,품절,"조절 가능한 어깨 스트랩 | 레더 손잡이 부분 | 엠보스드 맥시 모노그램 | 전면 지퍼 수납공간 | 외부 측면 포켓 | 양방향 지퍼 클로저 | 내부 포켓 및 13인치 노트북과 태블릿을 위한 슬리브 | 패딩 뒷면 패널 | 바디: 천연 나파 가죽 | 실버톤 코발트 금속 장식 | 스웨이드 마감 마이크로파이버 안감 | 약 15 x 33 x 42 센티미터 | 스트랩 길이: 75cm~89cm, 핸들 드롭: 7.5cm | 제조국: 대한민국",https://images.mcmworldwide.com/i/mcmworldwide/MMKDAVE02VC001_01 | https://images.mcmworldwide.com/i/mcmworldwide/MMKDAVE02VC001_09 | https://images.mcmworldwide.com/i/mcmworldwide/MMKDAVE02VC001_02 | https://images.mcmworldwide.com/i/mcmworldwide/MMKDAVE02VC001_03 | https://images.mcmworldwide.com/i/mcmworldwide/MMKDAVE02VC001_04 | https://images.mcmworldwide.com/i/mcmworldwide/MMKDAVE02VC001_10 | https://images.mcmworldwide.com/i/mcmworldwide/MMKDAVE02VC001_11 | https://images.mcmworldwide.com/i/mcmworldwide/MMKDAVE02VC001_01 | https://images.mcmworldwide.com/i/mcmworldwide/MMKDAVE02VC001_09 | https://images.mcmworldwide.com/i/mcmworldwide/MMKDAVE02VC001_02 | https://images.mcmworldwide.com/i/mcmworldwide/MMKDAVE02VC001_03 | https://images.mcmworldwide.com/i/mcmworldwide/MMKDAVE02VC001_04 | https://images.mcmworldwide.com/i/mcmworldwide/MMKDAVE02VC001_10 | https://images.mcmworldwide.com/i/mcmworldwide/MMKDAVE02VC001_11 | https://images.mcmworldwide.com/i/mcmworldwide/MMKDAVE02VC001_01,https://kr.mcmworldwide.com/ko_KR/%EA%B0%80%EB%B0%A9/%EB%B0%B1%ED%8C%A9/stark-%EB%A7%A5%EC%8B%9C-%EB%AA%A8%EB%85%B8%EA%B7%B8%EB%9E%A8-%EB%A0%88%EB%8D%94-%EB%B0%B1%ED%8C%A9/MMKDAVE02VC001.html?cgid=bags-backpacks
MMKDAVE02BK001,Stark 맥시 모노그램 레더 백팩,,Stark,천연 나파 가죽과 엠보스드 맥시 모노그램이 돋보이는 미디엄 스타크 백팩,MCM의 이동성 철학을 상징하는 플래그십 실루엣으로 천연 나파 가죽으로 제작된 스타크 백팩입니다. 포터블한 아이콘을 정교하게 장식한 엠보스드 비세토스 모노그램의 업스케일 버전을 통해 하우스의 맥시멀리즘을 표현했습니다.,,스웨이드 마감 마이크로파이버 안감,약 15 x 33 x 42 센티미터,대한민국,black,M,품절,"로고 우븐 패브릭 어깨 스트랩 | 가죽 손잡이 부분 | 엠보스드 맥시 비세토스 모노그램 | 전면 지퍼 수납공간 | 옆면 슬립 포켓 | 양방향 지퍼 클로저 | 내부 포켓 및 13인치 노트북과 태블릿을 위한 슬리브 | 패딩 뒷면 패널 | 천연 나파 가죽 | 다크 금속 장식 | 스웨이드 마감 마이크로파이버 안감 | 약 15 x 33 x 42 센티미터 | 스트랩 길이: 75cm~89cm, 핸들 길이: 7.5cm | 제조국: 대한민국",https://images.mcmworldwide.com/i/mcmworldwide/MMKDAVE02BK001_01 | https://images.mcmworldwide.com/i/mcmworldwide/MMKDAVE02BK001_09 | https://images.mcmworldwide.com/i/mcmworldwide/MMKDAVE02BK001_02 | https://images.mcmworldwide.com/i/mcmworldwide/MMKDAVE02BK001_03 | https://images.mcmworldwide.com/i/mcmworldwide/MMKDAVE02BK001_04 | https://images.mcmworldwide.com/i/mcmworldwide/MMKDAVE02BK001_10 | https://images.mcmworldwide.com/i/mcmworldwide/MMKDAVE02BK001_11 | https://images.mcmworldwide.com/i/mcmworldwide/MMKDAVE02BK001_12 | https://images.mcmworldwide.com/i/mcmworldwide/MMKDAVE02BK001_01 | https://images.mcmworldwide.com/i/mcmworldwide/MMKDAVE02BK001_09 | https://images.mcmworldwide.com/i/mcmworldwide/MMKDAVE02BK001_02 | https://images.mcmworldwide.com/i/mcmworldwide/MMKDAVE02BK001_03 | https://images.mcmworldwide.com/i/mcmworldwide/MMKDAVE02BK001_04 | https://images.mcmworldwide.com/i/mcmworldwide/MMKDAVE02BK001_10 | https://images.mcmworldwide.com/i/mcmworldwide/MMKDAVE02BK001_11 | https://images.mcmworldwide.com/i/mcmworldwide/MMKDAVE02BK001_12 | https://images.mcmworldwide.com/i/mcmworldwide/MMKDAVE02BK001_01,https://kr.mcmworldwide.com/ko_KR/%EA%B0%80%EB%B0%A9/%EB%B0%B1%ED%8C%A9/stark-%EB%A7%A5%EC%8B%9C-%EB%AA%A8%EB%85%B8%EA%B7%B8%EB%9E%A8-%EB%A0%88%EB%8D%94-%EB%B0%B1%ED%8C%A9/MMKDAVE02BK001.html?cgid=bags-backpacks
MMKGSVE04BK001,Stark 맥시 모노그램 레더 백팩,,Stark,엠보싱 처리된 맥시 비세토스 모노그램 모티프가 돋보이는 내추럴 풀그레인 레더 백팩,클래식 코드가 돋보이는 이 모노크롬 ‘Stark’ 백팩은 이탈리안 풀 그레인 레더로 완성되었습니다. 뮌헨 하우스의 모빌리티 철학을 바탕으로 현대적으로 재해석된 실루엣은 전 세계를 누비는 라이프스타일을 더욱 품격 있게 완성합니다.,천연 풀 그레인 레더,스웨이드 마감의 극세사 안감,약 14 x 28 x 35 센티미터,이탈리아,black,S,품절,"로고 우븐 패브릭 숄더 스트랩 | 가죽 탑 핸들 | 엠보싱 처리된 맥시 비세토스 모노그램 | 앞면 지퍼 포켓 | 외부 사이드 슬립 포켓 | 양방향 지퍼 클로저 | 내부 수납공간 | Padded back panel | 바디: 천연 풀 그레인 레더 | 다크 메탈 하드웨어 | 스웨이드 마감의 극세사 안감 | 약 14 x 28 x 35 센티미터 | 스트랩 길이: 75 cm - 89 cm, 핸들 드롭: 6 cm | 제조국: 이탈리아",https://images.mcmworldwide.com/i/mcmworldwide/MMKGSVE04BK001_01 | https://images.mcmworldwide.com/i/mcmworldwide/MMKGSVE04BK001_09 | https://images.mcmworldwide.com/i/mcmworldwide/MMKGSVE04BK001_02 | https://images.mcmworldwide.com/i/mcmworldwide/MMKGSVE04BK001_03 | https://images.mcmworldwide.com/i/mcmworldwide/MMKGSVE04BK001_04 | https://images.mcmworldwide.com/i/mcmworldwide/MMKGSVE04BK001_05 | https://images.mcmworldwide.com/i/mcmworldwide/MMKGSVE04BK001_10 | https://images.mcmworldwide.com/i/mcmworldwide/MMKGSVE04BK001_11 | https://images.mcmworldwide.com/i/mcmworldwide/MMKGSVE04BK001_01 | https://images.mcmworldwide.com/i/mcmworldwide/MMKGSVE04BK001_09 | https://images.mcmworldwide.com/i/mcmworldwide/MMKGSVE04BK001_02 | https://images.mcmworldwide.com/i/mcmworldwide/MMKGSVE04BK001_03 | https://images.mcmworldwide.com/i/mcmworldwide/MMKGSVE04BK001_04 | https://images.mcmworldwide.com/i/mcmworldwide/MMKGSVE04BK001_05 | https://images.mcmworldwide.com/i/mcmworldwide/MMKGSVE04BK001_10 | https://images.mcmworldwide.com/i/mcmworldwide/MMKGSVE04BK001_11,https://kr.mcmworldwide.com/ko_KR/%EA%B0%80%EB%B0%A9/%EB%B0%B1%ED%8C%A9/stark-%EB%A7%A5%EC%8B%9C-%EB%AA%A8%EB%85%B8%EA%B7%B8%EB%9E%A8-%EB%A0%88%EB%8D%94-%EB%B0%B1%ED%8C%A9/MMKGSVE04BK001.html?cgid=bags-backpacks
MMLFSTA01CO001,Aren 비세토스 슬링,,Aren,천연 나파 가죽 트림이 돋보이는 비세토스 모노그램 캔버스 소재의 슬링 백,전통적인 백팩에 대한 해방감 있는 대안. 패딩 어깨 스트랩이 있어 편안하고 손쉽게 활동할 수 있는 Aren 슬링백입니다. 내부 및 외부 지퍼 수납공간에 귀중품을 안전하게 보관할 수 있습니다.,비세토스 모노그램 캔버스,인조 나파 안감,약 11 x 31 x 44 센티미터,대한민국,cognac,M,품절,"조절 가능한 어깨 스트랩 | 옆면 손잡이 | 앞면과 뒷면의 지퍼 포켓 | 사선 지퍼 클로저 | 내부 지퍼 수납공간 | 바디: 비세토스 모노그램 캔버스 | 트림: 천연 나파 가죽 | 다크 톤 코발트 메탈 하드웨어. | 인조 나파 안감 | 약 11 x 31 x 44 센티미터 | 스트랩 길이: 83cm~101.5cm, 핸들 길이: 3.5cm | 제조국: 대한민국",https://images.mcmworldwide.com/i/mcmworldwide/MMLFSTA01CO001_01 | https://images.mcmworldwide.com/i/mcmworldwide/MMLFSTA01CO001_09 | https://images.mcmworldwide.com/i/mcmworldwide/MMLFSTA01CO001_02 | https://images.mcmworldwide.com/i/mcmworldwide/MMLFSTA01CO001_03 | https://images.mcmworldwide.com/i/mcmworldwide/MMLFSTA01CO001_04 | https://images.mcmworldwide.com/i/mcmworldwide/MMLFSTA01CO001_10 | https://images.mcmworldwide.com/i/mcmworldwide/MMLFSTA01CO001_01 | https://images.mcmworldwide.com/i/mcmworldwide/MMLFSTA01CO001_09 | https://images.mcmworldwide.com/i/mcmworldwide/MMLFSTA01CO001_02 | https://images.mcmworldwide.com/i/mcmworldwide/MMLFSTA01CO001_03 | https://images.mcmworldwide.com/i/mcmworldwide/MMLFSTA01CO001_04 | https://images.mcmworldwide.com/i/mcmworldwide/MMLFSTA01CO001_10,https://kr.mcmworldwide.com/ko_KR/%EA%B0%80%EB%B0%A9/%EB%B0%B1%ED%8C%A9/aren-%EB%B9%84%EC%84%B8%ED%86%A0%EC%8A%A4-%EC%8A%AC%EB%A7%81/MMLFSTA01CO001.html?cgid=bags-backpacks
MMLGATA05K8001,Aren 비세토스 슬링백,,Aren,나파 가죽 트림이 더해진 비세토스 모노그램 캔버스 슬링백,"클래식한 백팩을 대체하는 새로운 형태. 시그니처 비세토스와 나파 가죽으로 완성된 미니 사이즈 Aren 슬링 백은, 싱글 스트랩 디테일과 기하학적 구조로 자유로운 움직임을 가능하게 합니다. 내부와 외부 수납공간을 조화롭게 구성해 실용성이 돋보입니다.",비세토스 모노그램 캔버스,스웨이드 마감의 극세사 안감,약 7 x 23 x 31 센티미터,대한민국,khaki moss,미니,품절,길이 조절이 가능한 스트랩 | 앞면 및 뒷면 지퍼 수납공간 | 각진 지퍼 클로저 | 바바리안 다이아몬드 가죽 패치가 더해진 내부 포켓 | 바디:비세토스 모노그램 캔버스 | 트림: 나파 가죽 | 실버톤 코발트 브라스 하드웨어 | 스웨이드 마감의 극세사 안감 | 약 7 x 23 x 31 센티미터 | 스트랩 길이: 93 cm - 121 cm | 제조국: 대한민국,https://images.mcmworldwide.com/i/mcmworldwide/MMLGATA05K8001_01 | https://images.mcmworldwide.com/i/mcmworldwide/MMLGATA05K8001_09 | https://images.mcmworldwide.com/i/mcmworldwide/MMLGATA05K8001_02 | https://images.mcmworldwide.com/i/mcmworldwide/MMLGATA05K8001_03 | https://images.mcmworldwide.com/i/mcmworldwide/MMLGATA05K8001_04 | https://images.mcmworldwide.com/i/mcmworldwide/MMLGATA05K8001_05 | https://images.mcmworldwide.com/i/mcmworldwide/MMLGATA05K8001_10 | https://images.mcmworldwide.com/i/mcmworldwide/MMLGATA05K8001_01 | https://images.mcmworldwide.com/i/mcmworldwide/MMLGATA05K8001_09 | https://images.mcmworldwide.com/i/mcmworldwide/MMLGATA05K8001_02 | https://images.mcmworldwide.com/i/mcmworldwide/MMLGATA05K8001_03 | https://images.mcmworldwide.com/i/mcmworldwide/MMLGATA05K8001_04 | https://images.mcmworldwide.com/i/mcmworldwide/MMLGATA05K8001_05 | https://images.mcmworldwide.com/i/mcmworldwide/MMLGATA05K8001_10,https://kr.mcmworldwide.com/ko_KR/%EA%B0%80%EB%B0%A9/%EB%B0%B1%ED%8C%A9/aren-%EB%B9%84%EC%84%B8%ED%86%A0%EC%8A%A4-%EC%8A%AC%EB%A7%81%EB%B0%B1/MMLGATA05K8001.html?cgid=bags-backpacks
MMLGSTA03BK001,Aren 비세토스 슬링,,Aren,천연 가죽 트림이 더해진 비세토스 모노그램 캔버스 슬링 백,"미니 ‘Aren’ 슬링백은 전통 백팩에 대한 세련된 대안입니다. 시그니처 비세토스와 천연 나파 가죽으로 완성되었으며, 싱글 스트랩 디자인으로 이동 시 편안함을 제공합니다. 내부와 외부 수납 공간이 조화를 이루어 실용성을 극대화한 디자인이 특징입니다.",비세토스 모노그램 캔버스,스웨이드 마감의 극세사 안감,약 7 x 23 x 31 센티미터,대한민국,black,미니,품절,길이 조절이 가능한 스트랩 | 앞면 및 뒷면 지퍼 수납공간 | 각진 지퍼 클로저 | 바바리안 다이아몬드 가죽 패치가 더해진 내부 포켓 | 바디:비세토스 모노그램 캔버스 | 트림:천연 가죽 | 다크톤 코발트 메탈 하드웨어 | 스웨이드 마감의 극세사 안감 | 약 7 x 23 x 31 센티미터 | 스트랩 길이: 93 cm - 121 츠 | 제조국: 대한민국,https://images.mcmworldwide.com/i/mcmworldwide/MMLGSTA03BK001_01 | https://images.mcmworldwide.com/i/mcmworldwide/MMLGSTA03BK001_09 | https://images.mcmworldwide.com/i/mcmworldwide/MMLGSTA03BK001_02 | https://images.mcmworldwide.com/i/mcmworldwide/MMLGSTA03BK001_03 | https://images.mcmworldwide.com/i/mcmworldwide/MMLGSTA03BK001_04 | https://images.mcmworldwide.com/i/mcmworldwide/MMLGSTA03BK001_05 | https://images.mcmworldwide.com/i/mcmworldwide/MMLGSTA03BK001_10 | https://images.mcmworldwide.com/i/mcmworldwide/MMLGSTA03BK001_11 | https://images.mcmworldwide.com/i/mcmworldwide/MMLGSTA03BK001_12 | https://images.mcmworldwide.com/i/mcmworldwide/MMLGSTA03BK001_01 | https://images.mcmworldwide.com/i/mcmworldwide/MMLGSTA03BK001_09 | https://images.mcmworldwide.com/i/mcmworldwide/MMLGSTA03BK001_02 | https://images.mcmworldwide.com/i/mcmworldwide/MMLGSTA03BK001_03 | https://images.mcmworldwide.com/i/mcmworldwide/MMLGSTA03BK001_04 | https://images.mcmworldwide.com/i/mcmworldwide/MMLGSTA03BK001_05 | https://images.mcmworldwide.com/i/mcmworldwide/MMLGSTA03BK001_10 | https://images.mcmworldwide.com/i/mcmworldwide/MMLGSTA03BK001_11 | https://images.mcmworldwide.com/i/mcmworldwide/MMLGSTA03BK001_12,https://kr.mcmworldwide.com/ko_KR/%EA%B0%80%EB%B0%A9/%EB%B0%B1%ED%8C%A9/aren-%EB%B9%84%EC%84%B8%ED%86%A0%EC%8A%A4-%EC%8A%AC%EB%A7%81/MMLGSTA03BK001.html?cgid=bags-backpacks
MMLFSTA07BK001,Aren 리사이클 나일론 슬링백,,Aren,비세토스 모노그램 프린트 가죽 트리밍이 돋보이는 리사이클 나일론 슬링 백,"기존 백팩의 고급스러운 대안, 미니 아렌 슬링 백은 이탈리아산 리사이클 나일론 소재로 제작되어 하나의 스트랩으로 간편하게 휴대할 수 있습니다. 클래식한 비세토스 모노그램 프린트가 돋보이는 앞면 지퍼 수납공간과 함께, 미래지향적인 디자인으로 완성되었습니다.",이탈리안 리사이클 나일론,나일론 라이닝,약 9 x 23 x 31 센티미터,대한민국,black,미니,품절,길이 조절이 가능한 스트랩 | 비세토스 모노그램 프린트가 돋보이는 가죽 전면 지퍼 수납공간 | 각진 지퍼 여밈 | 내부 포켓 | 바디: 이탈리안 리사이클 나일론 | 레더 트림 | 실버 톤 코발트 메탈 하드웨어 | 나일론 라이닝 | 약 9 x 23 x 31 센티미터 | 스트랩 길이: 88.5cm ~ 115 cm | 제조국: 대한민국,https://images.mcmworldwide.com/i/mcmworldwide/MMLFSTA07BK001_01 | https://images.mcmworldwide.com/i/mcmworldwide/MMLFSTA07BK001_09 | https://images.mcmworldwide.com/i/mcmworldwide/MMLFSTA07BK001_02 | https://images.mcmworldwide.com/i/mcmworldwide/MMLFSTA07BK001_03 | https://images.mcmworldwide.com/i/mcmworldwide/MMLFSTA07BK001_04 | https://images.mcmworldwide.com/i/mcmworldwide/MMLFSTA07BK001_10 | https://images.mcmworldwide.com/i/mcmworldwide/MMLFSTA07BK001_01 | https://images.mcmworldwide.com/i/mcmworldwide/MMLFSTA07BK001_09 | https://images.mcmworldwide.com/i/mcmworldwide/MMLFSTA07BK001_02 | https://images.mcmworldwide.com/i/mcmworldwide/MMLFSTA07BK001_03 | https://images.mcmworldwide.com/i/mcmworldwide/MMLFSTA07BK001_04 | https://images.mcmworldwide.com/i/mcmworldwide/MMLFSTA07BK001_10,https://kr.mcmworldwide.com/ko_KR/%EA%B0%80%EB%B0%A9/%EB%B0%B1%ED%8C%A9/aren-%EB%A6%AC%EC%82%AC%EC%9D%B4%ED%81%B4-%EB%82%98%EC%9D%BC%EB%A1%A0-%EC%8A%AC%EB%A7%81%EB%B0%B1/MMLFSTA07BK001.html?cgid=bags-backpacks
MMKGSVE05BK001,Stark 갤러틱 갈라 양가죽 백팩,,Stark,갤럭틱 갈라 메탈 스터드 하드웨어가 돋보이는 램스킨 레더 백팩,"엄선된 양가죽으로 완성된 스페셜 에디션 ‘Stark’ 백팩. 둥근 메탈 스터드 장식을 사용하여 이번 시즌의 인터갤럭틱 미래 테마를 세련되게 표현하였으며, 실용적인 수납 공간으로 구성되어 노트북, 기기 및 액세서리를 깔끔하게 정리할 수 있습니다.",양가죽,코튼 트윌 안감,약 15 x 32 x 44 센티미터,대한민국,black,M,품절,"길이 조절이 가능한 숄더 스트랩 | 가죽 탑 핸들 | 갤럭틱 갈라 라운드 메탈 스터드 | 로고 브라스 플레이트 | 앞면과 옆면의 지퍼 수납공간 | 양방향 지퍼 클로저 | 13인치 노트북과 태블릿 수납이 가능한 내부 포켓과 슬리브 | 바디: 양가죽 | 실버톤 코발트 메탈 하드웨어 | 코튼 트윌 안감 | 약 15 x 32 x 44 센티미터 | 스트랩 길이: 74 - 88CM, 핸들 드롭 6.5cm | 제조국: 대한민국",https://images.mcmworldwide.com/i/mcmworldwide/MMKGSVE05BK001_01 | https://images.mcmworldwide.com/i/mcmworldwide/MMKGSVE05BK001_09 | https://images.mcmworldwide.com/i/mcmworldwide/MMKGSVE05BK001_02 | https://images.mcmworldwide.com/i/mcmworldwide/MMKGSVE05BK001_03 | https://images.mcmworldwide.com/i/mcmworldwide/MMKGSVE05BK001_04 | https://images.mcmworldwide.com/i/mcmworldwide/MMKGSVE05BK001_05 | https://images.mcmworldwide.com/i/mcmworldwide/MMKGSVE05BK001_06 | https://images.mcmworldwide.com/i/mcmworldwide/MMKGSVE05BK001_10 | https://images.mcmworldwide.com/i/mcmworldwide/MMKGSVE05BK001_11 | https://images.mcmworldwide.com/i/mcmworldwide/MMKGSVE05BK001_01 | https://images.mcmworldwide.com/i/mcmworldwide/MMKGSVE05BK001_09 | https://images.mcmworldwide.com/i/mcmworldwide/MMKGSVE05BK001_02 | https://images.mcmworldwide.com/i/mcmworldwide/MMKGSVE05BK001_03 | https://images.mcmworldwide.com/i/mcmworldwide/MMKGSVE05BK001_04 | https://images.mcmworldwide.com/i/mcmworldwide/MMKGSVE05BK001_05 | https://images.mcmworldwide.com/i/mcmworldwide/MMKGSVE05BK001_06 | https://images.mcmworldwide.com/i/mcmworldwide/MMKGSVE05BK001_10 | https://images.mcmworldwide.com/i/mcmworldwide/MMKGSVE05BK001_11,https://kr.mcmworldwide.com/ko_KR/%EA%B0%80%EB%B0%A9/%EB%B0%B1%ED%8C%A9/stark-%EA%B0%A4%EB%9F%AC%ED%8B%B1-%EA%B0%88%EB%9D%BC-%EC%96%91%EA%B0%80%EC%A3%BD-%EB%B0%B1%ED%8C%A9/MMKGSVE05BK001.html?cgid=bags-backpacks
MMKFSVE06BK001,리사이클 나일론 소재의 스타크 백팩,,,모노그램 프린트 지퍼 수납 공간과 천연 나파 가죽 트리밍이 돋보이는 리사이클 나일론 백팩,이전 모델의 기능적인 부분은 유지하고 이동성에 대한 부분은 한층 강화시킨 백팩. 시그니처 스타크 실루엣을 리사이클 나일론으로 새롭게 디자인한 이 가방은 모노그램 메시 소재의 외부 지퍼 수납공간으로 액세서리와 소지품을 깔끔하게 수납할 수 있습니다.,이탈리아산 재생 나일론,나일론 라이닝,약 15 x 32 x 44 센티미터,대한민국,black,M,품절,"길이 조절이 가능한 스트랩 | 가죽 탑 핸 | 비세토스 모노그램 프린트의 앞면 및 측면 지퍼 포켓 | D링 디테일 | 양방향 지퍼 클로저 | 13"" 노트북과 태플릿 수납이 가능한 내부 포켓과 슬리브 | Padded back panel | 바디: 이탈리아산 재생 나일론 | 트림: 천연 나파 가죽 | 실버 톤 코발트 메탈 하드웨어 | 나일론 라이닝 | 약 15 x 32 x 44 센티미터 | 스트랩 길이:74 cm ~ 90 cm , 핸들 길이: 6.5cm | 제조국: 대한민국",https://images.mcmworldwide.com/i/mcmworldwide/MMKFSVE06BK001_01 | https://images.mcmworldwide.com/i/mcmworldwide/MMKFSVE06BK001_09 | https://images.mcmworldwide.com/i/mcmworldwide/MMKFSVE06BK001_02 | https://images.mcmworldwide.com/i/mcmworldwide/MMKFSVE06BK001_03 | https://images.mcmworldwide.com/i/mcmworldwide/MMKFSVE06BK001_04 | https://images.mcmworldwide.com/i/mcmworldwide/MMKFSVE06BK001_10 | https://images.mcmworldwide.com/i/mcmworldwide/MMKFSVE06BK001_11 | https://images.mcmworldwide.com/i/mcmworldwide/MMKFSVE06BK001_12 | https://images.mcmworldwide.com/i/mcmworldwide/MMKFSVE06BK001_13 | https://images.mcmworldwide.com/i/mcmworldwide/MMKFSVE06BK001_01 | https://images.mcmworldwide.com/i/mcmworldwide/MMKFSVE06BK001_09 | https://images.mcmworldwide.com/i/mcmworldwide/MMKFSVE06BK001_02 | https://images.mcmworldwide.com/i/mcmworldwide/MMKFSVE06BK001_03 | https://images.mcmworldwide.com/i/mcmworldwide/MMKFSVE06BK001_04 | https://images.mcmworldwide.com/i/mcmworldwide/MMKFSVE06BK001_10 | https://images.mcmworldwide.com/i/mcmworldwide/MMKFSVE06BK001_11 | https://images.mcmworldwide.com/i/mcmworldwide/MMKFSVE06BK001_12 | https://images.mcmworldwide.com/i/mcmworldwide/MMKFSVE06BK001_13,https://kr.mcmworldwide.com/ko_KR/%EA%B0%80%EB%B0%A9/%EB%B0%B1%ED%8C%A9/%EB%A6%AC%EC%82%AC%EC%9D%B4%ED%81%B4-%EB%82%98%EC%9D%BC%EB%A1%A0-%EC%86%8C%EC%9E%AC%EC%9D%98-%EC%8A%A4%ED%83%80%ED%81%AC-%EB%B0%B1%ED%8C%A9/MMKFSVE06BK001.html?cgid=bags-backpacks
MMKFAVE09K8001,Stark 비세토스 백팩,,Stark,천연 가죽 트림이 더해진 비세토스 모노그램 캔버스 백팩,"‘기능이 형태를 따른다’는 철학을 바탕으로 설계된 새로운 실루엣의 스타크 백팩입니다. 카키 모스 컬러의 비세토스 캔버스와 천연 가죽 소재를 사용하였으며, 외부에 3개의 포켓과 노트북, 태블릿 등 다양한 소지품을 보관할 수 있는 내부 수납 공간이 조화를 이루어 실용성을 극대화했습니다.",비세토스 모노그램 캔버스,스웨이드 마감의 극세사 안감,약 15 x 32 x 44 센티미터,대한민국,khaki moss,M,품절,"길이 조절이 가능한 숄더 스트랩 | 가죽 탑 핸들 | 로고 브라스 플레이트 | 앞면과 옆면의 지퍼 수납공간 | 양방향 지퍼 클로저 | 13인치 노트북과 태블릿 수납이 가능한 내부 포켓과 슬리브 | 바디:비세토스 모노그램 캔버스 | 트림:천연 가죽 | 실버톤 코발트 메탈 하드웨어 | 스웨이드 마감의 극세사 안감 | 약 15 x 32 x 44 센티미터 | 스트랩 길이: 74 - 88CM, 핸들 길이 6.5cm | 제조국: 대한민국",https://images.mcmworldwide.com/i/mcmworldwide/MMKFAVE09K8001_01 | https://images.mcmworldwide.com/i/mcmworldwide/MMKFAVE09K8001_09 | https://images.mcmworldwide.com/i/mcmworldwide/MMKFAVE09K8001_02 | https://images.mcmworldwide.com/i/mcmworldwide/MMKFAVE09K8001_03 | https://images.mcmworldwide.com/i/mcmworldwide/MMKFAVE09K8001_04 | https://images.mcmworldwide.com/i/mcmworldwide/MMKFAVE09K8001_10 | https://images.mcmworldwide.com/i/mcmworldwide/MMKFAVE09K8001_01 | https://images.mcmworldwide.com/i/mcmworldwide/MMKFAVE09K8001_09 | https://images.mcmworldwide.com/i/mcmworldwide/MMKFAVE09K8001_02 | https://images.mcmworldwide.com/i/mcmworldwide/MMKFAVE09K8001_03 | https://images.mcmworldwide.com/i/mcmworldwide/MMKFAVE09K8001_04 | https://images.mcmworldwide.com/i/mcmworldwide/MMKFAVE09K8001_10 | https://images.mcmworldwide.com/i/mcmworldwide/MMKFAVE09K8001_01,https://kr.mcmworldwide.com/ko_KR/%EA%B0%80%EB%B0%A9/%EB%B0%B1%ED%8C%A9/stark-%EB%B9%84%EC%84%B8%ED%86%A0%EC%8A%A4-%EB%B0%B1%ED%8C%A9/MMKFAVE09K8001.html?cgid=bags-backpacks
MMKFSVE05CO001,비세토스 스타크 백팩,,비세토스,외부 지퍼 수납공간과 천연 나파 가죽 트림이 있는 비세토스 모노그램 캔버스 백팩,"이전 버전의 기능적인 토대를 바탕으로 제작된 미래 지향적인 백팩입니다. 새로운 감각으로 재해석된 시그니처 스타크 실루엣으로, 액세서리와 자주 사용하는 필수 아이템을 안전하게 보관할 수 있는 외부 사이드 지퍼 수납공간이 특징입니다.",비세토스 모노그램 캔버스,인조 나파 안감,약 15 x 32 x 44 센티미터,대한민국,cognac,M,품절,"조절 가능한 어깨 스트랩 | 가죽 손잡이 부분 | 외부 사이드 지퍼 포켓 | 전면 지퍼 수납공간 | 양방향 지퍼 클로저 | 내부 포켓 및 13인치 노트북과 태블릿을 위한 슬리브 | 바디: 비세토스 모노그램 캔버스 | 트림: 천연 나파 가죽 | 다크 톤 코발트 메탈 하드웨어. | 인조 나파 안감 | 약 15 x 32 x 44 센티미터 | 스트랩 길이: 74cm~90cm, 핸들 길이: 6.5cm | 제조국: 대한민국",https://images.mcmworldwide.com/i/mcmworldwide/MMKFSVE05CO001_01 | https://images.mcmworldwide.com/i/mcmworldwide/MMKFSVE05CO001_09 | https://images.mcmworldwide.com/i/mcmworldwide/MMKFSVE05CO001_02 | https://images.mcmworldwide.com/i/mcmworldwide/MMKFSVE05CO001_03 | https://images.mcmworldwide.com/i/mcmworldwide/MMKFSVE05CO001_04 | https://images.mcmworldwide.com/i/mcmworldwide/MMKFSVE05CO001_10 | https://images.mcmworldwide.com/i/mcmworldwide/MMKFSVE05CO001_11 | https://images.mcmworldwide.com/i/mcmworldwide/MMKFSVE05CO001_12 | https://images.mcmworldwide.com/i/mcmworldwide/MMKFSVE05CO001_01 | https://images.mcmworldwide.com/i/mcmworldwide/MMKFSVE05CO001_09 | https://images.mcmworldwide.com/i/mcmworldwide/MMKFSVE05CO001_02 | https://images.mcmworldwide.com/i/mcmworldwide/MMKFSVE05CO001_03 | https://images.mcmworldwide.com/i/mcmworldwide/MMKFSVE05CO001_04 | https://images.mcmworldwide.com/i/mcmworldwide/MMKFSVE05CO001_10 | https://images.mcmworldwide.com/i/mcmworldwide/MMKFSVE05CO001_11 | https://images.mcmworldwide.com/i/mcmworldwide/MMKFSVE05CO001_12 | https://images.mcmworldwide.com/i/mcmworldwide/MMKFSVE05CO001_01,https://kr.mcmworldwide.com/ko_KR/%EA%B0%80%EB%B0%A9/%EB%B0%B1%ED%8C%A9/%EB%B9%84%EC%84%B8%ED%86%A0%EC%8A%A4-%EC%8A%A4%ED%83%80%ED%81%AC-%EB%B0%B1%ED%8C%A9/MMKFSVE05CO001.html?cgid=bags-backpacks
MMKEAVE12CO001,Stark 사이드 스터드 비세토스 백팩,,Stark,피라미드 모양 스터드 장식과 천연 나파 가죽 트림이 특징인 비세토스 모노그램 캔버스 백팩,"글로벌 노마드의 자유로운 정신을 담은 휴대용 아이콘. 비세토스 캔버스와 천연 나파 가죽으로 제작된 스타크 백팩은 기기, 서류, 액세서리를 품격 있게 정리할 수 있습니다. 피라미드 모양 스터드가 반짝이는 피니시로 실루엣을 장식합니다.",비세토스 모노그램 캔버스,인조 나파 안감,약 16 x 33 x 41 센티미터,대한민국,cognac,M,품절,"조절 가능한 어깨 스트랩 | 조절 가능한 어깨 스트랩 | 가죽 손잡이 부분 | MCM 로고 플레이트 | 전면 지퍼 수납공간 | 외부 사이드 포켓과 스터드 장식 | 양방향 지퍼 클로저 | 내부 포켓 및 13인치 노트북과 태블릿을 위한 슬리브 | 24K 도금 금속 장식 | 바디: 비세토스 모노그램 캔버스 | 트림: 천연 나파 가죽 | 24K 도금 금속 장식 | 인조 나파 안감 | 약 16 x 33 x 41 센티미터 | 스트랩 길이: 76cm~90cm, 핸들 길이: 8cm | 제조국: 대한민국 | MCM 로고 플레이트",https://images.mcmworldwide.com/i/mcmworldwide/MMKEAVE12CO001_01 | https://images.mcmworldwide.com/i/mcmworldwide/MMKEAVE12CO001_09 | https://images.mcmworldwide.com/i/mcmworldwide/MMKEAVE12CO001_02 | https://images.mcmworldwide.com/i/mcmworldwide/MMKEAVE12CO001_03 | https://images.mcmworldwide.com/i/mcmworldwide/MMKEAVE12CO001_04 | https://images.mcmworldwide.com/i/mcmworldwide/MMKEAVE12CO001_05 | https://images.mcmworldwide.com/i/mcmworldwide/MMKEAVE12CO001_06 | https://images.mcmworldwide.com/i/mcmworldwide/MMKEAVE12CO001_10 | https://images.mcmworldwide.com/i/mcmworldwide/MMKEAVE12CO001_11 | https://images.mcmworldwide.com/i/mcmworldwide/MMKEAVE12CO001_01 | https://images.mcmworldwide.com/i/mcmworldwide/MMKEAVE12CO001_09 | https://images.mcmworldwide.com/i/mcmworldwide/MMKEAVE12CO001_02 | https://images.mcmworldwide.com/i/mcmworldwide/MMKEAVE12CO001_03 | https://images.mcmworldwide.com/i/mcmworldwide/MMKEAVE12CO001_04 | https://images.mcmworldwide.com/i/mcmworldwide/MMKEAVE12CO001_05 | https://images.mcmworldwide.com/i/mcmworldwide/MMKEAVE12CO001_06 | https://images.mcmworldwide.com/i/mcmworldwide/MMKEAVE12CO001_10 | https://images.mcmworldwide.com/i/mcmworldwide/MMKEAVE12CO001_11 | https://images.mcmworldwide.com/i/mcmworldwide/MMKEAVE12CO001_01,https://kr.mcmworldwide.com/ko_KR/%EA%B0%80%EB%B0%A9/%EB%B0%B1%ED%8C%A9/stark-%EC%82%AC%EC%9D%B4%EB%93%9C-%EC%8A%A4%ED%84%B0%EB%93%9C-%EB%B9%84%EC%84%B8%ED%86%A0%EC%8A%A4-%EB%B0%B1%ED%8C%A9/MMKEAVE12CO001.html?cgid=bags-backpacks
MMKEAVE12BK001,Stark 사이드 스터드 비세토스 백팩,,Stark,피라미드 모양 스터드 장식과 천연 나파 가죽 트림이 특징인 비세토스 모노그램 캔버스 백팩,"글로벌 노마드의 자유로운 정신을 담은 휴대용 아이콘. 비세토스 캔버스와 천연 나파 가죽으로 제작된 스타크 백팩은 기기, 서류, 액세서리를 품격 있게 정리할 수 있습니다. 피라미드 모양 스터드가 반짝이는 피니시로 실루엣을 장식합니다.",비세토스 모노그램 캔버스,인조 나파 안감,약 16 x 33 x 41 센티미터,대한민국,black,M,품절,"조절 가능한 어깨 스트랩 | 조절 가능한 어깨 스트랩 | 가죽 손잡이 부분 | MCM 로고 플레이트 | 전면 지퍼 수납공간 | 외부 사이드 포켓과 스터드 장식 | 양방향 지퍼 클로저 | 내부 포켓 및 13인치 노트북과 태블릿을 위한 슬리브 | 코발트 금속 장식 | 바디: 비세토스 모노그램 캔버스 | 트림: 천연 나파 가죽 | 다크톤 코발트 금속 장식 | 인조 나파 안감 | 약 16 x 33 x 41 센티미터 | 스트랩 길이: 76cm~90cm, 핸들 길이: 8cm | 제조국: 대한민국 | MCM 로고 플레이트",https://images.mcmworldwide.com/i/mcmworldwide/MMKEAVE12BK001_01 | https://images.mcmworldwide.com/i/mcmworldwide/MMKEAVE12BK001_09 | https://images.mcmworldwide.com/i/mcmworldwide/MMKEAVE12BK001_02 | https://images.mcmworldwide.com/i/mcmworldwide/MMKEAVE12BK001_03 | https://images.mcmworldwide.com/i/mcmworldwide/MMKEAVE12BK001_04 | https://images.mcmworldwide.com/i/mcmworldwide/MMKEAVE12BK001_10 | https://images.mcmworldwide.com/i/mcmworldwide/MMKEAVE12BK001_11 | https://images.mcmworldwide.com/i/mcmworldwide/MMKEAVE12BK001_01 | https://images.mcmworldwide.com/i/mcmworldwide/MMKEAVE12BK001_09 | https://images.mcmworldwide.com/i/mcmworldwide/MMKEAVE12BK001_02 | https://images.mcmworldwide.com/i/mcmworldwide/MMKEAVE12BK001_03 | https://images.mcmworldwide.com/i/mcmworldwide/MMKEAVE12BK001_04 | https://images.mcmworldwide.com/i/mcmworldwide/MMKEAVE12BK001_10 | https://images.mcmworldwide.com/i/mcmworldwide/MMKEAVE12BK001_11 | https://images.mcmworldwide.com/i/mcmworldwide/MMKEAVE12BK001_01,https://kr.mcmworldwide.com/ko_KR/%EA%B0%80%EB%B0%A9/%EB%B0%B1%ED%8C%A9/stark-%EC%82%AC%EC%9D%B4%EB%93%9C-%EC%8A%A4%ED%84%B0%EB%93%9C-%EB%B9%84%EC%84%B8%ED%86%A0%EC%8A%A4-%EB%B0%B1%ED%8C%A9/MMKEAVE12BK001.html?cgid=bags-backpacks
MMKGSVE01K8001,Stark 비세토스 사이드 스터드 백팩,,Stark,피라미드 스터드 장식과 가죽 트림이 더해진 비세토스 모노그램 캔버스 백팩,"글로벌 노마드의 자유로운 정신을 담아낸 세련된 동반자, Stark 백팩. 비세토스 캔버스와 나파 레더의 조화로 완성된 이 아이템은 아이코닉한 디자인은 물론, 다양한 디바이스와 서류, 소지품을 효율적으로 수납할 수 있는 실용성을 갖추었습니다. 피라미드 스터드 디테일이 실루엣을 따라 더해져, 한층 더 돋보이는 마무리를 선사합니다.",비세토스 모노그램 캔버스,스웨이드 마감의 극세사 안감,약 16 x 33 x 43 센티미터,대한민국,khaki moss,M,품절,"길이 조절이 가능한 숄더 스트랩 | 가죽 탑 핸들 | 로고 브라스 플레이트 | 앞면 지퍼 포켓 | 스터드 장식 디테일이 더해진 외부 측면 포켓 | 양방향 지퍼 클로저 | 13인치 랩탑과 태블릿 수납을 위한 내부 슬리브 | 바디:비세토스 모노그램 캔버스 | 트림: 나파 가죽 | 실버톤 코발트 브라스 하드웨어 | 스웨이드 마감의 극세사 안감 | 약 16 x 33 x 43 센티미터 | 스트랩 길이: 77 cm - 92 cm, 핸들 드롭: 8 cm | 제조국: 대한민국",https://images.mcmworldwide.com/i/mcmworldwide/MMKGSVE01K8001_01 | https://images.mcmworldwide.com/i/mcmworldwide/MMKGSVE01K8001_09 | https://images.mcmworldwide.com/i/mcmworldwide/MMKGSVE01K8001_02 | https://images.mcmworldwide.com/i/mcmworldwide/MMKGSVE01K8001_03 | https://images.mcmworldwide.com/i/mcmworldwide/MMKGSVE01K8001_04 | https://images.mcmworldwide.com/i/mcmworldwide/MMKGSVE01K8001_05 | https://images.mcmworldwide.com/i/mcmworldwide/MMKGSVE01K8001_06 | https://images.mcmworldwide.com/i/mcmworldwide/MMKGSVE01K8001_10 | https://images.mcmworldwide.com/i/mcmworldwide/MMKGSVE01K8001_01 | https://images.mcmworldwide.com/i/mcmworldwide/MMKGSVE01K8001_09 | https://images.mcmworldwide.com/i/mcmworldwide/MMKGSVE01K8001_02 | https://images.mcmworldwide.com/i/mcmworldwide/MMKGSVE01K8001_03 | https://images.mcmworldwide.com/i/mcmworldwide/MMKGSVE01K8001_04 | https://images.mcmworldwide.com/i/mcmworldwide/MMKGSVE01K8001_05 | https://images.mcmworldwide.com/i/mcmworldwide/MMKGSVE01K8001_06 | https://images.mcmworldwide.com/i/mcmworldwide/MMKGSVE01K8001_10 | https://images.mcmworldwide.com/i/mcmworldwide/MMKGSVE01K8001_01,https://kr.mcmworldwide.com/ko_KR/%EA%B0%80%EB%B0%A9/%EB%B0%B1%ED%8C%A9/stark-%EB%B9%84%EC%84%B8%ED%86%A0%EC%8A%A4-%EC%82%AC%EC%9D%B4%EB%93%9C-%EC%8A%A4%ED%84%B0%EB%93%9C-%EB%B0%B1%ED%8C%A9/MMKGSVE01K8001.html?cgid=bags-backpacks
MMKEAVE14CO001,스타크 사이드 스터드 비세토스 백팩,,비세토스,피라미드 모양 스터드 장식과 천연 나파 가죽 트림이 특징인 비세토스 모노그램 캔버스 백팩,"글로벌 노마드의 자유로운 정신을 담은 휴대용 아이콘. 비세토스 캔버스와 천연 나파 가죽으로 제작된 스타크 백팩은 기기, 서류, 액세서리를 품격 있게 정리할 수 있습니다. 피라미드 모양 스터드가 반짝이는 피니시로 실루엣을 장식합니다.",비세토스 모노그램 캔버스,인조 나파 안감,약 13 x 30 x 38 센티미터,대한민국,cognac,S–M,품절,"조절 가능한 어깨 스트랩 | 조절 가능한 어깨 스트랩 | 가죽 손잡이 부분 | MCM 로고 플레이트. | 전면 지퍼 수납공간 | 외부 사이드 포켓과 피라미드 모양 스터드 장식 | 양방향 지퍼 클로저 | 내부 포켓 및 13인치 노트북 또는 태블릿을 위한 슬리브 | 코발트 금속 장식 | 바디: 비세토스 모노그램 캔버스 | 트림: 천연 나파 가죽 | 24K 도금 메탈 금속 장식 | 인조 나파 안감 | 약 13 x 30 x 38 센티미터 | 스트랩 길이: 71cm ~ 87cm, 핸들 드롭: 7.5cm | 제조국: 대한민국",https://images.mcmworldwide.com/i/mcmworldwide/MMKEAVE14CO001_01 | https://images.mcmworldwide.com/i/mcmworldwide/MMKEAVE14CO001_09 | https://images.mcmworldwide.com/i/mcmworldwide/MMKEAVE14CO001_02 | https://images.mcmworldwide.com/i/mcmworldwide/MMKEAVE14CO001_03 | https://images.mcmworldwide.com/i/mcmworldwide/MMKEAVE14CO001_04 | https://images.mcmworldwide.com/i/mcmworldwide/MMKEAVE14CO001_05 | https://images.mcmworldwide.com/i/mcmworldwide/MMKEAVE14CO001_06 | https://images.mcmworldwide.com/i/mcmworldwide/MMKEAVE14CO001_10 | https://images.mcmworldwide.com/i/mcmworldwide/MMKEAVE14CO001_11 | https://images.mcmworldwide.com/i/mcmworldwide/MMKEAVE14CO001_01 | https://images.mcmworldwide.com/i/mcmworldwide/MMKEAVE14CO001_09 | https://images.mcmworldwide.com/i/mcmworldwide/MMKEAVE14CO001_02 | https://images.mcmworldwide.com/i/mcmworldwide/MMKEAVE14CO001_03 | https://images.mcmworldwide.com/i/mcmworldwide/MMKEAVE14CO001_04 | https://images.mcmworldwide.com/i/mcmworldwide/MMKEAVE14CO001_05 | https://images.mcmworldwide.com/i/mcmworldwide/MMKEAVE14CO001_06 | https://images.mcmworldwide.com/i/mcmworldwide/MMKEAVE14CO001_10 | https://images.mcmworldwide.com/i/mcmworldwide/MMKEAVE14CO001_11 | https://images.mcmworldwide.com/i/mcmworldwide/MMKEAVE14CO001_01,https://kr.mcmworldwide.com/ko_KR/%EA%B0%80%EB%B0%A9/%EB%B0%B1%ED%8C%A9/%EC%8A%A4%ED%83%80%ED%81%AC-%EC%82%AC%EC%9D%B4%EB%93%9C-%EC%8A%A4%ED%84%B0%EB%93%9C-%EB%B9%84%EC%84%B8%ED%86%A0%EC%8A%A4-%EB%B0%B1%ED%8C%A9/MMKEAVE14CO001.html?cgid=bags-backpacks
MMKEAVE14BK001,스타크 사이드 스터드 비세토스 백팩,,비세토스,피라미드 모양 스터드 장식과 천연 나파 가죽 트림이 특징인 비세토스 모노그램 캔버스 백팩,"글로벌 노마드의 자유로운 정신을 담은 휴대용 아이콘. 비세토스 캔버스와 천연 나파 가죽으로 제작된 스타크 백팩은 기기, 서류, 액세서리를 품격 있게 정리할 수 있습니다. 피라미드 모양 스터드가 반짝이는 피니시로 실루엣을 장식합니다.",비세토스 모노그램 캔버스,인조 나파 안감,약 13 x 30 x 38 센티미터,대한민국,black,S–M,품절,"조절 가능한 어깨 스트랩 | 조절 가능한 어깨 스트랩 | 가죽 손잡이 부분 | MCM 로고 플레이트. | 전면 지퍼 수납공간 | 외부 사이드 포켓과 피라미드 모양 스터드 장식 | 양방향 지퍼 클로저 | 내부 포켓 및 13인치 노트북 또는 태블릿을 위한 슬리브 | 24K 도금 금속 장식 | 바디: 비세토스 모노그램 캔버스 | 트림: 천연 나파 가죽 | 다크 톤 코발트 메탈 하드웨어. | 인조 나파 안감 | 약 13 x 30 x 38 센티미터 | 스트랩 길이: 71cm ~ 87cm, 핸들 드롭: 7.5cm | 제조국: 대한민국 | MCM 로고 플레이트",https://images.mcmworldwide.com/i/mcmworldwide/MMKEAVE14BK001_01 | https://images.mcmworldwide.com/i/mcmworldwide/MMKEAVE14BK001_09 | https://images.mcmworldwide.com/i/mcmworldwide/MMKEAVE14BK001_02 | https://images.mcmworldwide.com/i/mcmworldwide/MMKEAVE14BK001_03 | https://images.mcmworldwide.com/i/mcmworldwide/MMKEAVE14BK001_04 | https://images.mcmworldwide.com/i/mcmworldwide/MMKEAVE14BK001_10 | https://images.mcmworldwide.com/i/mcmworldwide/MMKEAVE14BK001_11 | https://images.mcmworldwide.com/i/mcmworldwide/MMKEAVE14BK001_01 | https://images.mcmworldwide.com/i/mcmworldwide/MMKEAVE14BK001_09 | https://images.mcmworldwide.com/i/mcmworldwide/MMKEAVE14BK001_02 | https://images.mcmworldwide.com/i/mcmworldwide/MMKEAVE14BK001_03 | https://images.mcmworldwide.com/i/mcmworldwide/MMKEAVE14BK001_04 | https://images.mcmworldwide.com/i/mcmworldwide/MMKEAVE14BK001_10 | https://images.mcmworldwide.com/i/mcmworldwide/MMKEAVE14BK001_11 | https://images.mcmworldwide.com/i/mcmworldwide/MMKEAVE14BK001_01,https://kr.mcmworldwide.com/ko_KR/%EA%B0%80%EB%B0%A9/%EB%B0%B1%ED%8C%A9/%EC%8A%A4%ED%83%80%ED%81%AC-%EC%82%AC%EC%9D%B4%EB%93%9C-%EC%8A%A4%ED%84%B0%EB%93%9C-%EB%B9%84%EC%84%B8%ED%86%A0%EC%8A%A4-%EB%B0%B1%ED%8C%A9/MMKEAVE14BK001.html?cgid=bags-backpacks
MMKEAVE15CO001,Stark 사이드 스터드 비세토스 백팩,,Stark,피라미드 모양 스터드 장식과 천연 나파 가죽 트림이 특징인 비세토스 모노그램 캔버스 백팩,"글로벌 노마드의 자유로운 정신을 담은 휴대용 아이콘. 비세토스 캔버스와 천연 나파 가죽으로 제작된 스타크 백팩은 기기, 서류, 액세서리를 품격 있게 정리할 수 있습니다. 피라미드 모양 스터드가 반짝이는 피니시로 실루엣을 장식합니다.",비세토스 모노그램 캔버스,인조 나파 안감,약 13 x 26 x 33 센티미터,대한민국,cognac,S,품절,"조절 가능한 어깨 스트랩 | 조절 가능한 어깨 스트랩 | 가죽 손잡이 부분 | MCM 로고 플레이트. | 전면 지퍼 수납공간 | 외부 사이드 포켓과 스터드 장식 | 양방향 지퍼 클로저 | 내부 포켓 및 태블릿 슬리브 | 24K 도금 금속 장식 | 바디: 비세토스 모노그램 캔버스 | 트림: 천연 나파 가죽 | 24K 도금 메탈 금속 장식 | 인조 나파 안감 | 약 13 x 26 x 33 센티미터 | 스트랩 길이: 74cm ~ 90cm, 핸들 드롭: 7cm | 제조국: 대한민국",https://images.mcmworldwide.com/i/mcmworldwide/MMKEAVE15CO001_01 | https://images.mcmworldwide.com/i/mcmworldwide/MMKEAVE15CO001_09 | https://images.mcmworldwide.com/i/mcmworldwide/MMKEAVE15CO001_02 | https://images.mcmworldwide.com/i/mcmworldwide/MMKEAVE15CO001_03 | https://images.mcmworldwide.com/i/mcmworldwide/MMKEAVE15CO001_04 | https://images.mcmworldwide.com/i/mcmworldwide/MMKEAVE15CO001_05 | https://images.mcmworldwide.com/i/mcmworldwide/MMKEAVE15CO001_06 | https://images.mcmworldwide.com/i/mcmworldwide/MMKEAVE15CO001_10 | https://images.mcmworldwide.com/i/mcmworldwide/MMKEAVE15CO001_11 | https://images.mcmworldwide.com/i/mcmworldwide/MMKEAVE15CO001_01 | https://images.mcmworldwide.com/i/mcmworldwide/MMKEAVE15CO001_09 | https://images.mcmworldwide.com/i/mcmworldwide/MMKEAVE15CO001_02 | https://images.mcmworldwide.com/i/mcmworldwide/MMKEAVE15CO001_03 | https://images.mcmworldwide.com/i/mcmworldwide/MMKEAVE15CO001_04 | https://images.mcmworldwide.com/i/mcmworldwide/MMKEAVE15CO001_05 | https://images.mcmworldwide.com/i/mcmworldwide/MMKEAVE15CO001_06 | https://images.mcmworldwide.com/i/mcmworldwide/MMKEAVE15CO001_10 | https://images.mcmworldwide.com/i/mcmworldwide/MMKEAVE15CO001_11 | https://images.mcmworldwide.com/i/mcmworldwide/MMKEAVE15CO001_01,https://kr.mcmworldwide.com/ko_KR/%EA%B0%80%EB%B0%A9/%EB%B0%B1%ED%8C%A9/stark-%EC%82%AC%EC%9D%B4%EB%93%9C-%EC%8A%A4%ED%84%B0%EB%93%9C-%EB%B9%84%EC%84%B8%ED%86%A0%EC%8A%A4-%EB%B0%B1%ED%8C%A9/MMKEAVE15CO001.html?cgid=bags-backpacks
MMKEAVE15BK001,Stark 사이드 스터드 비세토스 백팩,,Stark,피라미드 모양 스터드 장식과 천연 나파 가죽 트림이 특징인 비세토스 모노그램 캔버스 백팩,"글로벌 노마드의 자유로운 정신을 담은 휴대용 아이콘. 비세토스 캔버스와 천연 나파 가죽으로 제작된 스타크 백팩은 기기, 서류, 액세서리를 품격 있게 정리할 수 있습니다. 피라미드 모양 스터드가 반짝이는 피니시로 실루엣을 장식합니다.",비세토스 모노그램 캔버스,인조 나파 안감,약 13 x 26 x 33 센티미터,대한민국,black,S,품절,"조절 가능한 어깨 스트랩 | 조절 가능한 어깨 스트랩 | 가죽 손잡이 부분 | MCM 로고 플레이트. | 전면 지퍼 수납공간 | 외부 사이드 포켓과 스터드 장식 | 양방향 지퍼 클로저 | 내부 포켓 및 태블릿 슬리브 | 코발트 금속 장식 | 바디: 비세토스 모노그램 캔버스 | 트림: 천연 나파 가죽 | 다크 톤 코발트 메탈 하드웨어. | 인조 나파 안감 | 약 13 x 26 x 33 센티미터 | 스트랩 길이: 74cm ~ 90cm, 핸들 드롭: 7cm | 제조국: 대한민국 | MCM 로고 플레이트",https://images.mcmworldwide.com/i/mcmworldwide/MMKEAVE15BK001_01 | https://images.mcmworldwide.com/i/mcmworldwide/MMKEAVE15BK001_09 | https://images.mcmworldwide.com/i/mcmworldwide/MMKEAVE15BK001_02 | https://images.mcmworldwide.com/i/mcmworldwide/MMKEAVE15BK001_03 | https://images.mcmworldwide.com/i/mcmworldwide/MMKEAVE15BK001_04 | https://images.mcmworldwide.com/i/mcmworldwide/MMKEAVE15BK001_10 | https://images.mcmworldwide.com/i/mcmworldwide/MMKEAVE15BK001_11 | https://images.mcmworldwide.com/i/mcmworldwide/MMKEAVE15BK001_01 | https://images.mcmworldwide.com/i/mcmworldwide/MMKEAVE15BK001_09 | https://images.mcmworldwide.com/i/mcmworldwide/MMKEAVE15BK001_02 | https://images.mcmworldwide.com/i/mcmworldwide/MMKEAVE15BK001_03 | https://images.mcmworldwide.com/i/mcmworldwide/MMKEAVE15BK001_04 | https://images.mcmworldwide.com/i/mcmworldwide/MMKEAVE15BK001_10 | https://images.mcmworldwide.com/i/mcmworldwide/MMKEAVE15BK001_11 | https://images.mcmworldwide.com/i/mcmworldwide/MMKEAVE15BK001_01,https://kr.mcmworldwide.com/ko_KR/%EA%B0%80%EB%B0%A9/%EB%B0%B1%ED%8C%A9/stark-%EC%82%AC%EC%9D%B4%EB%93%9C-%EC%8A%A4%ED%84%B0%EB%93%9C-%EB%B9%84%EC%84%B8%ED%86%A0%EC%8A%A4-%EB%B0%B1%ED%8C%A9/MMKEAVE15BK001.html?cgid=bags-backpacks
MMKEAVE15IG001,Stark 사이드 스터드 비세토스 백팩,,Stark,피라미드 모양 스터드 장식과 천연 나파 가죽 트림이 특징인 비세토스 모노그램 캔버스 백팩,"글로벌 노마드의 자유로운 정신을 담은 휴대용 아이콘. 비세토스 캔버스와 천연 나파 가죽으로 제작된 스타크 백팩은 기기, 서류, 액세서리를 품격 있게 정리할 수 있습니다. 피라미드 모양 스터드가 반짝이는 피니시로 실루엣을 장식합니다.",비세토스 모노그램 캔버스,인조 나파 안감,약 13 x 26 x 33 센티미터,대한민국,beige,S,품절,"조절 가능한 어깨 스트랩 | 가죽 손잡이 부분 | MCM 로고 플레이트. | 전면 지퍼 수납공간 | 외부 사이드 포켓과 스터드 장식 | 양방향 지퍼 클로저 | 내부 포켓 및 태블릿 슬리브 | 바디: 비세토스 모노그램 캔버스 | 트림: 천연 나파 가죽 | 도금 브라스 금속 장식 | 인조 나파 안감 | 약 13 x 26 x 33 센티미터 | 스트랩 길이: 74cm ~ 90cm, 핸들 드롭: 7cm | 제조국: 대한민국",https://images.mcmworldwide.com/i/mcmworldwide/MMKEAVE15IG001_01 | https://images.mcmworldwide.com/i/mcmworldwide/MMKEAVE15IG001_09 | https://images.mcmworldwide.com/i/mcmworldwide/MMKEAVE15IG001_02 | https://images.mcmworldwide.com/i/mcmworldwide/MMKEAVE15IG001_03 | https://images.mcmworldwide.com/i/mcmworldwide/MMKEAVE15IG001_04 | https://images.mcmworldwide.com/i/mcmworldwide/MMKEAVE15IG001_10 | https://images.mcmworldwide.com/i/mcmworldwide/MMKEAVE15IG001_11 | https://images.mcmworldwide.com/i/mcmworldwide/MMKEAVE15IG001_01 | https://images.mcmworldwide.com/i/mcmworldwide/MMKEAVE15IG001_09 | https://images.mcmworldwide.com/i/mcmworldwide/MMKEAVE15IG001_02 | https://images.mcmworldwide.com/i/mcmworldwide/MMKEAVE15IG001_03 | https://images.mcmworldwide.com/i/mcmworldwide/MMKEAVE15IG001_04 | https://images.mcmworldwide.com/i/mcmworldwide/MMKEAVE15IG001_10 | https://images.mcmworldwide.com/i/mcmworldwide/MMKEAVE15IG001_11 | https://images.mcmworldwide.com/i/mcmworldwide/MMKEAVE15IG001_01,https://kr.mcmworldwide.com/ko_KR/%EA%B0%80%EB%B0%A9/%EB%B0%B1%ED%8C%A9/stark-%EC%82%AC%EC%9D%B4%EB%93%9C-%EC%8A%A4%ED%84%B0%EB%93%9C-%EB%B9%84%EC%84%B8%ED%86%A0%EC%8A%A4-%EB%B0%B1%ED%8C%A9/MMKEAVE15IG001.html?cgid=bags-backpacks
MMKEAVE15WT001,Stark 사이드 스터드 비세토스 백팩,,Stark,피라미드 모양 스터드 장식과 천연 나파 가죽 트림이 특징인 비세토스 모노그램 캔버스 백팩,"글로벌 노마드의 자유로운 정신을 담은 휴대용 아이콘. 비세토스 캔버스와 천연 나파 가죽으로 제작된 스타크 백팩은 기기, 서류, 액세서리를 품격 있게 정리할 수 있습니다. 피라미드 모양 스터드가 반짝이는 피니시로 실루엣을 장식합니다.",비세토스 모노그램 캔버스,인조 나파 안감,약 13 x 26 x 33 센티미터,대한민국,white,S,품절,"조절 가능한 어깨 스트랩 | 가죽 손잡이 부분 | MCM 로고 플레이트. | 전면 지퍼 수납공간 | 외부 사이드 포켓과 스터드 장식 | 양방향 지퍼 클로저 | 내부 포켓 및 태블릿 슬리브 | 바디: 비세토스 모노그램 캔버스 | 트림: 천연 나파 가죽 | 실버톤 코발트 금속 장식 | 인조 나파 안감 | 약 13 x 26 x 33 센티미터 | 스트랩 길이: 74cm ~ 90cm, 핸들 드롭: 7cm | 제조국: 대한민국",https://images.mcmworldwide.com/i/mcmworldwide/MMKEAVE15WT001_01 | https://images.mcmworldwide.com/i/mcmworldwide/MMKEAVE15WT001_09 | https://images.mcmworldwide.com/i/mcmworldwide/MMKEAVE15WT001_02 | https://images.mcmworldwide.com/i/mcmworldwide/MMKEAVE15WT001_03 | https://images.mcmworldwide.com/i/mcmworldwide/MMKEAVE15WT001_04 | https://images.mcmworldwide.com/i/mcmworldwide/MMKEAVE15WT001_10 | https://images.mcmworldwide.com/i/mcmworldwide/MMKEAVE15WT001_11 | https://images.mcmworldwide.com/i/mcmworldwide/MMKEAVE15WT001_01 | https://images.mcmworldwide.com/i/mcmworldwide/MMKEAVE15WT001_09 | https://images.mcmworldwide.com/i/mcmworldwide/MMKEAVE15WT001_02 | https://images.mcmworldwide.com/i/mcmworldwide/MMKEAVE15WT001_03 | https://images.mcmworldwide.com/i/mcmworldwide/MMKEAVE15WT001_04 | https://images.mcmworldwide.com/i/mcmworldwide/MMKEAVE15WT001_10 | https://images.mcmworldwide.com/i/mcmworldwide/MMKEAVE15WT001_11 | https://images.mcmworldwide.com/i/mcmworldwide/MMKEAVE15WT001_01,https://kr.mcmworldwide.com/ko_KR/%EA%B0%80%EB%B0%A9/%EB%B0%B1%ED%8C%A9/stark-%EC%82%AC%EC%9D%B4%EB%93%9C-%EC%8A%A4%ED%84%B0%EB%93%9C-%EB%B9%84%EC%84%B8%ED%86%A0%EC%8A%A4-%EB%B0%B1%ED%8C%A9/MMKEAVE15WT001.html?cgid=bags-backpacks
MMKEAVE15PZ001,Stark 사이드 스터드 비세토스 백팩,,Stark,피라미드 모양 스터드 장식과 천연 나파 가죽 트림이 특징인 비세토스 모노그램 캔버스 백팩,"글로벌 노마드의 자유로운 정신을 담은 휴대용 아이콘. 비세토스 캔버스와 천연 나파 가죽으로 제작된 스타크 백팩은 기기, 서류, 액세서리를 품격 있게 정리할 수 있습니다. 피라미드 모양 스터드가 반짝이는 피니시로 실루엣을 장식합니다.",비세토스 모노그램 캔버스,인조 나파 안감,약 13 x 26 x 33 센티미터,대한민국,soft pink,S,품절,"조절 가능한 어깨 스트랩 | 가죽 손잡이 부분 | MCM 로고 플레이트. | 전면 지퍼 수납공간 | 외부 사이드 포켓과 스터드 장식 | 양방향 지퍼 클로저 | 내부 포켓과 태플릿 보관이 용이한 슬리브 | 바디: 비세토스 모노그램 캔버스 | 트림: 천연 나파 가죽 | 18K 금 도금 메탈 하드웨어 | 인조 나파 안감 | 약 13 x 26 x 33 센티미터 | 스트랩 길이: 74cm ~ 90cm, 핸들 드롭: 7cm | 제조국: 대한민국",https://images.mcmworldwide.com/i/mcmworldwide/MMKEAVE15PZ001_01 | https://images.mcmworldwide.com/i/mcmworldwide/MMKEAVE15PZ001_09 | https://images.mcmworldwide.com/i/mcmworldwide/MMKEAVE15PZ001_02 | https://images.mcmworldwide.com/i/mcmworldwide/MMKEAVE15PZ001_03 | https://images.mcmworldwide.com/i/mcmworldwide/MMKEAVE15PZ001_04 | https://images.mcmworldwide.com/i/mcmworldwide/MMKEAVE15PZ001_10 | https://images.mcmworldwide.com/i/mcmworldwide/MMKEAVE15PZ001_01 | https://images.mcmworldwide.com/i/mcmworldwide/MMKEAVE15PZ001_09 | https://images.mcmworldwide.com/i/mcmworldwide/MMKEAVE15PZ001_02 | https://images.mcmworldwide.com/i/mcmworldwide/MMKEAVE15PZ001_03 | https://images.mcmworldwide.com/i/mcmworldwide/MMKEAVE15PZ001_04 | https://images.mcmworldwide.com/i/mcmworldwide/MMKEAVE15PZ001_10 | https://images.mcmworldwide.com/i/mcmworldwide/MMKEAVE15PZ001_01,https://kr.mcmworldwide.com/ko_KR/%EA%B0%80%EB%B0%A9/%EB%B0%B1%ED%8C%A9/stark-%EC%82%AC%EC%9D%B4%EB%93%9C-%EC%8A%A4%ED%84%B0%EB%93%9C-%EB%B9%84%EC%84%B8%ED%86%A0%EC%8A%A4-%EB%B0%B1%ED%8C%A9/MMKEAVE15PZ001.html?cgid=bags-backpacks
MMKGSVE034B001,Stark 사이드 스터드 비세토스 백팩,,Stark,피라미드 스터드 장식과 가죽 트림이 돋보이는 비세토스 모노그램 캔버스 백팩,글로벌 노마드의 자유로운 정신을 담아낸 세련된 동반자. 시나몬 비세토스 캔버스와 나파 레더로 완성된 Stark 백팩은 아이코닉한 디자인과 장인정신으로 전 세계적으로 사랑받는 하우스의 대표적인 아이템입니다. 피라미드 스터드 디테일이 실루엣을 감싸며 한층 빛나는 마무리를 완성합니다.,비세토스 모노그램 캔버스,스웨이드 마감의 극세사 안감,약 11 x 25 x 31 센티미터,대한민국,cinnamon,S,품절,"길이 조절이 가능한 숄더 스트랩 | 가죽 탑 핸들 | 로고 브라스 플레이트 | 앞면 지퍼 포켓 | Outer side pockets with studded embellishments | Two-way zip closure | Interior sleeve for tablet | 바디:비세토스 모노그램 캔버스 | 레더 트림 | 24K 골드 도금 브라스 하드웨어 | 스웨이드 마감의 극세사 안감 | 약 11 x 25 x 31 센티미터 | 스트랩 길이: 76cm - 91cm, 핸들 드롭: 7.5cm | 제조국: 대한민국",https://images.mcmworldwide.com/i/mcmworldwide/MMKGSVE034B001_01 | https://images.mcmworldwide.com/i/mcmworldwide/MMKGSVE034B001_09 | https://images.mcmworldwide.com/i/mcmworldwide/MMKGSVE034B001_02 | https://images.mcmworldwide.com/i/mcmworldwide/MMKGSVE034B001_03 | https://images.mcmworldwide.com/i/mcmworldwide/MMKGSVE034B001_04 | https://images.mcmworldwide.com/i/mcmworldwide/MMKGSVE034B001_05 | https://images.mcmworldwide.com/i/mcmworldwide/MMKGSVE034B001_06 | https://images.mcmworldwide.com/i/mcmworldwide/MMKGSVE034B001_10 | https://images.mcmworldwide.com/i/mcmworldwide/MMKGSVE034B001_11 | https://images.mcmworldwide.com/i/mcmworldwide/MMKGSVE034B001_01 | https://images.mcmworldwide.com/i/mcmworldwide/MMKGSVE034B001_09 | https://images.mcmworldwide.com/i/mcmworldwide/MMKGSVE034B001_02 | https://images.mcmworldwide.com/i/mcmworldwide/MMKGSVE034B001_03 | https://images.mcmworldwide.com/i/mcmworldwide/MMKGSVE034B001_04 | https://images.mcmworldwide.com/i/mcmworldwide/MMKGSVE034B001_05 | https://images.mcmworldwide.com/i/mcmworldwide/MMKGSVE034B001_06 | https://images.mcmworldwide.com/i/mcmworldwide/MMKGSVE034B001_10 | https://images.mcmworldwide.com/i/mcmworldwide/MMKGSVE034B001_11 | https://images.mcmworldwide.com/i/mcmworldwide/MMKGSVE034B001_01,https://kr.mcmworldwide.com/ko_KR/%EA%B0%80%EB%B0%A9/%EB%B0%B1%ED%8C%A9/stark-%EC%82%AC%EC%9D%B4%EB%93%9C-%EC%8A%A4%ED%84%B0%EB%93%9C-%EB%B9%84%EC%84%B8%ED%86%A0%EC%8A%A4-%EB%B0%B1%ED%8C%A9/MMKGSVE034B001.html?cgid=bags-backpacks
MMKEAVE16CO001,Stark 사이드 스터드 비세토스 백팩,,Stark,피라미드 모양 스터드 장식과 천연 나파 가죽 트림이 특징인 비세토스 모노그램 캔버스 백팩,"높아진 품격과 작아진 크기가 특징입니다. 다면체 피라미드 모양 스터드로 장식된 아이코닉한 스타크 백팩의 미니 버전으로, 시그니처 비세토스 캔버스와 천연 나파 가죽으로 세심하게 제작되었습니다.",비세토스 모노그램 캔버스,인조 나파 안감,약 11 x 22 x 27 센티미터,대한민국,cognac,미니,품절,"조절 가능한 어깨 스트랩 | 조절 가능한 어깨 스트랩 | 가죽 손잡이 부분 | MCM 로고 플레이트 | 전면 지퍼 수납공간 | 사이드 포켓과 스터드 장식 | 양방향 지퍼 클로저 | 내부 포켓 및 슬리브 | 24K 도금 금속 장식 | 바디: 비세토스 모노그램 캔버스 | 트림: 천연 나파 가죽 | 24K 도금 금속 장식 | 인조 나파 안감 | 약 11 x 22 x 27 센티미터 | 스트랩 길이: 72.5cm~90cm, 핸들 길이:7cm | 제조국: 대한민국",https://images.mcmworldwide.com/i/mcmworldwide/MMKEAVE16CO001_01 | https://images.mcmworldwide.com/i/mcmworldwide/MMKEAVE16CO001_09 | https://images.mcmworldwide.com/i/mcmworldwide/MMKEAVE16CO001_02 | https://images.mcmworldwide.com/i/mcmworldwide/MMKEAVE16CO001_03 | https://images.mcmworldwide.com/i/mcmworldwide/MMKEAVE16CO001_04 | https://images.mcmworldwide.com/i/mcmworldwide/MMKEAVE16CO001_05 | https://images.mcmworldwide.com/i/mcmworldwide/MMKEAVE16CO001_06 | https://images.mcmworldwide.com/i/mcmworldwide/MMKEAVE16CO001_10 | https://images.mcmworldwide.com/i/mcmworldwide/MMKEAVE16CO001_11 | https://images.mcmworldwide.com/i/mcmworldwide/MMKEAVE16CO001_01 | https://images.mcmworldwide.com/i/mcmworldwide/MMKEAVE16CO001_09 | https://images.mcmworldwide.com/i/mcmworldwide/MMKEAVE16CO001_02 | https://images.mcmworldwide.com/i/mcmworldwide/MMKEAVE16CO001_03 | https://images.mcmworldwide.com/i/mcmworldwide/MMKEAVE16CO001_04 | https://images.mcmworldwide.com/i/mcmworldwide/MMKEAVE16CO001_05 | https://images.mcmworldwide.com/i/mcmworldwide/MMKEAVE16CO001_06 | https://images.mcmworldwide.com/i/mcmworldwide/MMKEAVE16CO001_10 | https://images.mcmworldwide.com/i/mcmworldwide/MMKEAVE16CO001_11 | https://images.mcmworldwide.com/i/mcmworldwide/MMKEAVE16CO001_01,https://kr.mcmworldwide.com/ko_KR/%EA%B0%80%EB%B0%A9/%EB%B0%B1%ED%8C%A9/stark-%EC%82%AC%EC%9D%B4%EB%93%9C-%EC%8A%A4%ED%84%B0%EB%93%9C-%EB%B9%84%EC%84%B8%ED%86%A0%EC%8A%A4-%EB%B0%B1%ED%8C%A9/MMKEAVE16CO001.html?cgid=bags-backpacks
MMKEAVE16BK001,Stark 사이드 스터드 비세토스 백팩,,Stark,피라미드 모양 스터드 장식과 천연 나파 가죽 트림이 특징인 비세토스 모노그램 캔버스 백팩,"높아진 품격, 작아진 크기. 다면체 피라미드 모양 스터드로 장식된 아이코닉한 스타크 백팩의 미니 버전으로, 시그니처 비세토스 캔버스와 천연 나파 가죽으로 세심하게 제작되었습니다.",비세토스 모노그램 캔버스,인조 나파 안감,약 11 x 22 x 27 센티미터,대한민국,black,미니,품절,"조절 가능한 어깨 스트랩 | 가죽 손잡이 부분 | MCM 로고 플레이트. | 전면 지퍼 수납공간 | 사이드 포켓과 스터드 장식 | 양방향 지퍼 클로저 | 내부 포켓 및 슬리브 | 바디: 비세토스 모노그램 캔버스 | 트림: 천연 나파 가죽 | 다크 톤 코발트 메탈 하드웨어. | 인조 나파 안감 | 약 11 x 22 x 27 센티미터 | 스트랩 길이: 72.5cm ~ 90cm, 핸들 드롭: 7cm | 제조국: 대한민국",https://images.mcmworldwide.com/i/mcmworldwide/MMKEAVE16BK001_01 | https://images.mcmworldwide.com/i/mcmworldwide/MMKEAVE16BK001_09 | https://images.mcmworldwide.com/i/mcmworldwide/MMKEAVE16BK001_02 | https://images.mcmworldwide.com/i/mcmworldwide/MMKEAVE16BK001_03 | https://images.mcmworldwide.com/i/mcmworldwide/MMKEAVE16BK001_04 | https://images.mcmworldwide.com/i/mcmworldwide/MMKEAVE16BK001_10 | https://images.mcmworldwide.com/i/mcmworldwide/MMKEAVE16BK001_01 | https://images.mcmworldwide.com/i/mcmworldwide/MMKEAVE16BK001_09 | https://images.mcmworldwide.com/i/mcmworldwide/MMKEAVE16BK001_02 | https://images.mcmworldwide.com/i/mcmworldwide/MMKEAVE16BK001_03 | https://images.mcmworldwide.com/i/mcmworldwide/MMKEAVE16BK001_04 | https://images.mcmworldwide.com/i/mcmworldwide/MMKEAVE16BK001_10 | https://images.mcmworldwide.com/i/mcmworldwide/MMKEAVE16BK001_01,https://kr.mcmworldwide.com/ko_KR/%EA%B0%80%EB%B0%A9/%EB%B0%B1%ED%8C%A9/stark-%EC%82%AC%EC%9D%B4%EB%93%9C-%EC%8A%A4%ED%84%B0%EB%93%9C-%EB%B9%84%EC%84%B8%ED%86%A0%EC%8A%A4-%EB%B0%B1%ED%8C%A9/MMKEAVE16BK001.html?cgid=bags-backpacks
MMKEAVE16PZ001,Stark 사이드 스터드 비세토스 백팩,,Stark,피라미드 모양 스터드 장식과 천연 나파 가죽 트림이 특징인 비세토스 모노그램 캔버스 백팩,차분한 세련미를 선사하는 소프트 핑크 컬러. 비세토스 캔버스와 천연 나파 가죽으로 제작된 스타크 백팩의 미니 버전으로 피라미드 모양 스터드가 반짝이는 피니시가 실루엣을 장식합니다.,비세토스 모노그램 캔버스,인조 나파 안감,약 11 x 22 x 27 센티미터,대한민국,soft pink,미니,품절,"조절 가능한 어깨 스트랩 | 가죽 손잡이 부분 | MCM 로고 플레이트. | 전면 지퍼 수납공간 | 외부 사이드 포켓과 스터드 장식 | 양방향 지퍼 클로저 | 내부 포켓 및 슬리브 | 바디: 비세토스 모노그램 캔버스 | 트림: 천연 나파 가죽 | 18K 금 도금 메탈 하드웨어 | 인조 나파 안감 | 약 11 x 22 x 27 센티미터 | 스트랩 길이: 72.5cm ~ 90cm, 핸들 드롭: 7cm | 제조국: 대한민국",https://images.mcmworldwide.com/i/mcmworldwide/MMKEAVE16PZ001_01 | https://images.mcmworldwide.com/i/mcmworldwide/MMKEAVE16PZ001_09 | https://images.mcmworldwide.com/i/mcmworldwide/MMKEAVE16PZ001_02 | https://images.mcmworldwide.com/i/mcmworldwide/MMKEAVE16PZ001_03 | https://images.mcmworldwide.com/i/mcmworldwide/MMKEAVE16PZ001_04 | https://images.mcmworldwide.com/i/mcmworldwide/MMKEAVE16PZ001_10 | https://images.mcmworldwide.com/i/mcmworldwide/MMKEAVE16PZ001_01 | https://images.mcmworldwide.com/i/mcmworldwide/MMKEAVE16PZ001_09 | https://images.mcmworldwide.com/i/mcmworldwide/MMKEAVE16PZ001_02 | https://images.mcmworldwide.com/i/mcmworldwide/MMKEAVE16PZ001_03 | https://images.mcmworldwide.com/i/mcmworldwide/MMKEAVE16PZ001_04 | https://images.mcmworldwide.com/i/mcmworldwide/MMKEAVE16PZ001_10 | https://images.mcmworldwide.com/i/mcmworldwide/MMKEAVE16PZ001_01,https://kr.mcmworldwide.com/ko_KR/%EA%B0%80%EB%B0%A9/%EB%B0%B1%ED%8C%A9/stark-%EC%82%AC%EC%9D%B4%EB%93%9C-%EC%8A%A4%ED%84%B0%EB%93%9C-%EB%B9%84%EC%84%B8%ED%86%A0%EC%8A%A4-%EB%B0%B1%ED%8C%A9/MMKEAVE16PZ001.html?cgid=bags-backpacks
MMKEAVE16WT001,Stark 사이드 스터드 비세토스 백팩,,Stark,피라미드 모양 스터드 장식과 천연 나파 가죽 트림이 특징인 비세토스 모노그램 캔버스 백팩,"높아진 품격, 작아진 크기. 다면체 피라미드 모양 스터드로 장식된 아이코닉한 스타크 백팩의 미니 버전으로, 시그니처 비세토스 캔버스와 천연 나파 가죽으로 세심하게 제작되었습니다.",비세토스 모노그램 캔버스,인조 나파 안감,약 11 x 22 x 27 센티미터,대한민국,white,미니,품절,"조절 가능한 어깨 스트랩 | 가죽 손잡이 부분 | MCM 로고 플레이트 | 전면 지퍼 수납공간 | 사이드 포켓과 스터드 장식 | 양방향 지퍼 클로저 | 내부 포켓 및 슬리브 | 바디: 비세토스 모노그램 캔버스 | 트림: 천연 나파 가죽 | 실버톤 코발트 금속 장식 | 인조 나파 안감 | 약 11 x 22 x 27 센티미터 | 스트랩 길이: 72.5cm~90cm, 핸들 길이:7cm | 제조국: 대한민국",https://images.mcmworldwide.com/i/mcmworldwide/MMKEAVE16WT001_01 | https://images.mcmworldwide.com/i/mcmworldwide/MMKEAVE16WT001_09 | https://images.mcmworldwide.com/i/mcmworldwide/MMKEAVE16WT001_02 | https://images.mcmworldwide.com/i/mcmworldwide/MMKEAVE16WT001_03 | https://images.mcmworldwide.com/i/mcmworldwide/MMKEAVE16WT001_04 | https://images.mcmworldwide.com/i/mcmworldwide/MMKEAVE16WT001_10 | https://images.mcmworldwide.com/i/mcmworldwide/MMKEAVE16WT001_01 | https://images.mcmworldwide.com/i/mcmworldwide/MMKEAVE16WT001_09 | https://images.mcmworldwide.com/i/mcmworldwide/MMKEAVE16WT001_02 | https://images.mcmworldwide.com/i/mcmworldwide/MMKEAVE16WT001_03 | https://images.mcmworldwide.com/i/mcmworldwide/MMKEAVE16WT001_04 | https://images.mcmworldwide.com/i/mcmworldwide/MMKEAVE16WT001_10 | https://images.mcmworldwide.com/i/mcmworldwide/MMKEAVE16WT001_01,https://kr.mcmworldwide.com/ko_KR/%EA%B0%80%EB%B0%A9/%EB%B0%B1%ED%8C%A9/stark-%EC%82%AC%EC%9D%B4%EB%93%9C-%EC%8A%A4%ED%84%B0%EB%93%9C-%EB%B9%84%EC%84%B8%ED%86%A0%EC%8A%A4-%EB%B0%B1%ED%8C%A9/MMKEAVE16WT001.html?cgid=bags-backpacks
MMKEAVE17PZ001,Stark 비세토스 사이드 스터드  베베 부  백팩,,Stark,"천연 가죽 트림, 스터드 장식, 탈부착 가능한 숄더 스트랩이 더해진 비세토스 모노그램 캔버스 백팩","Stark 제품 중 가장 작은 사이즈로 선보이는 베베 부 백팩은 다재다능한 스타일로 많은 사랑을 받고 있습니다. 입체적인 피라미드 스터드 장식이 더해져 감각적인 포인트를 주며, 탈부착 가능한 숄더 스트랩을 활용해 크로스바디 백으로도 연출할 수 있습니다.",비세토스 모노그램 캔버스,인조 나파 가죽 안감,약 9 x 17 x 21 센티미터,대한민국,soft pink,엑스트라 미니,품절,"탈부착 및 변형 가능한 어깨끈 | 가죽 탑 핸들 | 로고 브라스 플레이트 | 앞면 지퍼 포켓 | 스터드 장식 디테일이 더해진 외부 측면 포켓 | 지퍼 클로저 | 내부 카드 슬롯 | 바디:비세토스 모노그램 캔버스 | 트림: 천연 나파 가죽 | 18K 골드 도금 메탈 하드웨어 | 인조 나파 가죽 안감 | 약 9 x 17 x 21 센티미터 | 스트랩 길이:32.5 cm - 124 cm, 핸들 길이: 6 cm | 제조국: 대한민국",https://images.mcmworldwide.com/i/mcmworldwide/MMKEAVE17PZ001_01 | https://images.mcmworldwide.com/i/mcmworldwide/MMKEAVE17PZ001_09 | https://images.mcmworldwide.com/i/mcmworldwide/MMKEAVE17PZ001_02 | https://images.mcmworldwide.com/i/mcmworldwide/MMKEAVE17PZ001_03 | https://images.mcmworldwide.com/i/mcmworldwide/MMKEAVE17PZ001_04 | https://images.mcmworldwide.com/i/mcmworldwide/MMKEAVE17PZ001_10 | https://images.mcmworldwide.com/i/mcmworldwide/MMKEAVE17PZ001_01 | https://images.mcmworldwide.com/i/mcmworldwide/MMKEAVE17PZ001_09 | https://images.mcmworldwide.com/i/mcmworldwide/MMKEAVE17PZ001_02 | https://images.mcmworldwide.com/i/mcmworldwide/MMKEAVE17PZ001_03 | https://images.mcmworldwide.com/i/mcmworldwide/MMKEAVE17PZ001_04 | https://images.mcmworldwide.com/i/mcmworldwide/MMKEAVE17PZ001_10,https://kr.mcmworldwide.com/ko_KR/%EA%B0%80%EB%B0%A9/%EB%B0%B1%ED%8C%A9/stark-%EB%B9%84%EC%84%B8%ED%86%A0%EC%8A%A4-%EC%82%AC%EC%9D%B4%EB%93%9C-%EC%8A%A4%ED%84%B0%EB%93%9C--%EB%B2%A0%EB%B2%A0-%EB%B6%80--%EB%B0%B1%ED%8C%A9/MMKEAVE17PZ001.html?cgid=bags-backpacks
MMKFSBG01CO001,비세토스 브랜든버그 백팩,,비세토스,가죽 드로우스트링 잠금 장치와 천연 나파 가죽 트림이 특징인 비세토스 모노그램 캔버스 백팩,시대를 초월한 밀리터리 스타일의 세련된 해석 브랜든버그 백팩은 완전한 실용성과 완벽한 수공예에 초점을 맞춘 깔끔한 안감의 디자인으로 업데이트되었습니다. 여러 개의 외부 수납공간으로 소지품을 정밀하게 정리할 수 있습니다.,비세토스 모노그램 캔버스,인조 나파 안감,약 14 x 31 x 43 센티미터,대한민국,cognac,M,품절,"조절 가능한 어깨 스트랩 | 레더 손잡이 부분 | D링 디테일이 있는 전면 지퍼 수납공간 | 외부 사이드 포켓 및 뒷면 지퍼 수납공간 | 가죽 드로우스트링 잠금 장치가 있는 메탈 버클 클로저 | 내부 지퍼 수납공간 | 바디: 비세토스 모노그램 캔버스 | 트림: 천연 나파 가죽 | 다크 톤 코발트 메탈 금속 장식. | 인조 나파 안감 | 약 14 x 31 x 43 센티미터 | 스트랩 길이: 74cm~92cm, 핸들 드롭: 8cm | 제조국: 대한민국",https://images.mcmworldwide.com/i/mcmworldwide/MMKFSBG01CO001_01 | https://images.mcmworldwide.com/i/mcmworldwide/MMKFSBG01CO001_09 | https://images.mcmworldwide.com/i/mcmworldwide/MMKFSBG01CO001_02 | https://images.mcmworldwide.com/i/mcmworldwide/MMKFSBG01CO001_03 | https://images.mcmworldwide.com/i/mcmworldwide/MMKFSBG01CO001_04 | https://images.mcmworldwide.com/i/mcmworldwide/MMKFSBG01CO001_10 | https://images.mcmworldwide.com/i/mcmworldwide/MMKFSBG01CO001_01 | https://images.mcmworldwide.com/i/mcmworldwide/MMKFSBG01CO001_09 | https://images.mcmworldwide.com/i/mcmworldwide/MMKFSBG01CO001_02 | https://images.mcmworldwide.com/i/mcmworldwide/MMKFSBG01CO001_03 | https://images.mcmworldwide.com/i/mcmworldwide/MMKFSBG01CO001_04 | https://images.mcmworldwide.com/i/mcmworldwide/MMKFSBG01CO001_10,https://kr.mcmworldwide.com/ko_KR/%EA%B0%80%EB%B0%A9/%EB%B0%B1%ED%8C%A9/%EB%B9%84%EC%84%B8%ED%86%A0%EC%8A%A4-%EB%B8%8C%EB%9E%9C%EB%93%A0%EB%B2%84%EA%B7%B8-%EB%B0%B1%ED%8C%A9/MMKFSBG01CO001.html?cgid=bags-backpacks
MMKEATA02CO001,Aren 비세토스 멀티 백팩,,Aren,탈부착 가능한 파우치와 천연 나파 가죽 트림이 돋보이는 비세토스 모듈러 백팩,"모듈형 디자인의 본보기이자 MCM의 혁신적인 디자인과 장인의 전문성을 활용하여 실용성 높은 여행용 가방 비세토스 모노그램 백팩입니다. 탈부착 가능한 파우치 3개와, 탈착식 벨트백 1개 및 스마트폰과 물병을 넣을 수 있는 나일론 수납 공간이 있습니다.",비세토스 모노그램 캔버스,패브릭 및 나일론 안감,약 10 x 77 x 47 센티미터,대한민국,cognac,L,품절,"조절 가능한 어깨 스트랩 | 가죽 손잡이 부분 | 탈부착 가능한 파우치 3개와 벨트백 1개 포함 | 스마트폰과 물병 수납을 위한 나일론 포켓 | 바디: 비세토스 모노그램 캔버스 | 트림: 천연 나파 가죽 | 24K 도금 브라스 금속 장식 | 패브릭 및 나일론 안감 | 약 10 x 77 x 47 센티미터 | 스트랩 길이: 8.9cm ~ 55.9cm, 핸들 드롭: 8.9cm. | 제조국: 대한민국",https://images.mcmworldwide.com/i/mcmworldwide/MMKEATA02CO001_01 | https://images.mcmworldwide.com/i/mcmworldwide/MMKEATA02CO001_09 | https://images.mcmworldwide.com/i/mcmworldwide/MMKEATA02CO001_02 | https://images.mcmworldwide.com/i/mcmworldwide/MMKEATA02CO001_03 | https://images.mcmworldwide.com/i/mcmworldwide/MMKEATA02CO001_04 | https://images.mcmworldwide.com/i/mcmworldwide/MMKEATA02CO001_05 | https://images.mcmworldwide.com/i/mcmworldwide/MMKEATA02CO001_10 | https://images.mcmworldwide.com/i/mcmworldwide/MMKEATA02CO001_11 | https://images.mcmworldwide.com/i/mcmworldwide/MMKEATA02CO001_12 | https://images.mcmworldwide.com/i/mcmworldwide/MMKEATA02CO001_13 | https://images.mcmworldwide.com/i/mcmworldwide/MMKEATA02CO001_14 | https://images.mcmworldwide.com/i/mcmworldwide/MMKEATA02CO001_01 | https://images.mcmworldwide.com/i/mcmworldwide/MMKEATA02CO001_09 | https://images.mcmworldwide.com/i/mcmworldwide/MMKEATA02CO001_02 | https://images.mcmworldwide.com/i/mcmworldwide/MMKEATA02CO001_03 | https://images.mcmworldwide.com/i/mcmworldwide/MMKEATA02CO001_04 | https://images.mcmworldwide.com/i/mcmworldwide/MMKEATA02CO001_05 | https://images.mcmworldwide.com/i/mcmworldwide/MMKEATA02CO001_10 | https://images.mcmworldwide.com/i/mcmworldwide/MMKEATA02CO001_11 | https://images.mcmworldwide.com/i/mcmworldwide/MMKEATA02CO001_12 | https://images.mcmworldwide.com/i/mcmworldwide/MMKEATA02CO001_13 | https://images.mcmworldwide.com/i/mcmworldwide/MMKEATA02CO001_14,https://kr.mcmworldwide.com/ko_KR/%EA%B0%80%EB%B0%A9/%EB%B0%B1%ED%8C%A9/aren-%EB%B9%84%EC%84%B8%ED%86%A0%EC%8A%A4-%EB%A9%80%ED%8B%B0-%EB%B0%B1%ED%8C%A9/MMKEATA02CO001.html?cgid=bags-backpacks
MMKFATA01K8001,Aren ECONYL®과 가죽을 사용한 백팩,,Aren,비세토스 모노그램 프린트 가죽 트림이 더해진 ECONYL® 백팩,"자연을 생각한 친환경 소재인 재활용 나일론 ECONYL® 으로 제작된 이 백팩은, 거친 환경에서도 견딜 수 있도록 견고하게 완성되었습니다. 클래식한 MCM 엠블럼과 시그니처 비세토스 모노그램이 가죽 디테일로 뮌헨 하우스의 헤리티지를 정교하게 담아냈습니다.",ECONYL® 재생 나일론,,약 18 x 32 x 48 센티미터,대한민국,khaki moss,M,품절,"버클이 있어 길이 조절이 가능한 숄더 스트랩 | 비세토스 모노그램 프린트가 더해진 가죽 탑핸들 | 다이아몬드 패치에 입체적으로 새겨진 로고 | 마그네틱 잠금 장치와 지퍼 포켓이 있는 앞면 플랩 수납공간 | 외부 사이드 지퍼 포켓 | 양방향 지퍼 클로저 | 16인치 노트북을 보관할 수 있는 내부 슬리브 | 패딩 처리된 패널 | 바디:ECONYL® 재생 나일론 | 트림: 비세토스 모노그램 프린트가 더해진 천연가죽 | 다크 메탈 하드웨어 | Nylon lining | 약 18 x 32 x 48 센티미터 | 스트랩 길이: 53 cm - 87 cm, 핸들 드롭: 7 cm | 제조국: 대한민국",https://images.mcmworldwide.com/i/mcmworldwide/MMKFATA01K8001_01 | https://images.mcmworldwide.com/i/mcmworldwide/MMKFATA01K8001_09 | https://images.mcmworldwide.com/i/mcmworldwide/MMKFATA01K8001_02 | https://images.mcmworldwide.com/i/mcmworldwide/MMKFATA01K8001_03 | https://images.mcmworldwide.com/i/mcmworldwide/MMKFATA01K8001_04 | https://images.mcmworldwide.com/i/mcmworldwide/MMKFATA01K8001_10 | https://images.mcmworldwide.com/i/mcmworldwide/MMKFATA01K8001_01 | https://images.mcmworldwide.com/i/mcmworldwide/MMKFATA01K8001_09 | https://images.mcmworldwide.com/i/mcmworldwide/MMKFATA01K8001_02 | https://images.mcmworldwide.com/i/mcmworldwide/MMKFATA01K8001_03 | https://images.mcmworldwide.com/i/mcmworldwide/MMKFATA01K8001_04 | https://images.mcmworldwide.com/i/mcmworldwide/MMKFATA01K8001_10,https://kr.mcmworldwide.com/ko_KR/%EA%B0%80%EB%B0%A9/%EB%B0%B1%ED%8C%A9/aren-econyl%C2%AE%EA%B3%BC-%EA%B0%80%EC%A3%BD%EC%9D%84-%EC%82%AC%EC%9A%A9%ED%95%9C-%EB%B0%B1%ED%8C%A9/MMKFATA01K8001.html?cgid=bags-backpacks
MMVFATT01BK001,Ottomar ECONYL® 가죽 위켄더 백팩,,Ottomar,백팩 기능과 Visetos 모노그램 프린트 가죽 트림이 적용된 ECONYL® 모듈러 위켄더 백,"모듈형 디자인 철학과 이동성에 대한 뮌헨 하우스의 비전을 구현한 위켄더 백으로 가볍고 지속가능한 재활용 나일론 ECONYL®을 사용하여 제작되었습니다. 시그니처 비세토스 모노그램이 더해진 그레인 가죽 디테일을 더해 완성도를 높였습니다. 다양한 수납공간으로 구성된 외부와 내부는 여행 및 피트니스에 필요한 필수품들을 효율적으로 정리 할 수 있으며, 특히 신발을 위해 전용 사이드 포켓은 뛰어난 실용성을 보여줍니다. 핸들을 사용하여 들거나 크로스바디백으로 착용할 수 있으며, 바닥면의 숄더 스트랩을 활용하여 백팩으로도 변형이 가능한 다재다능한 백입니다.",ECONYL® 재생 나일론,나일론 안감,약 25 x 52 x 27 센티미터,대한민국,black,55cm / 22인치,품절,"탈부착이 가능하며 길이 조절이 가능한 위빙 스트랩 | 숄더 스트랩으로 변형 가능한 바닥면의 스트랩 | 탑핸들 | 외부 지퍼 수납공간 | 신발 수납을 위한 외부 사이드 포켓 | 양방향 지퍼 클로저 | D링 참 장식 디테일 | 2개의 내부 포켓 | 바디:ECONYL® 재생 나일론 | 트림: 비세토스 모노그램 프린트가 더해진 천연가죽 | 실버톤 코발트 메탈 하드웨어 | 나일론 안감 | 약 25 x 52 x 27 센티미터 | 스트랩 길이: 70cm - 84cm, 핸들 드롭: 48cm | 제조국: 대한민국",https://images.mcmworldwide.com/i/mcmworldwide/MMVFATT01BK001_01 | https://images.mcmworldwide.com/i/mcmworldwide/MMVFATT01BK001_09 | https://images.mcmworldwide.com/i/mcmworldwide/MMVFATT01BK001_02 | https://images.mcmworldwide.com/i/mcmworldwide/MMVFATT01BK001_03 | https://images.mcmworldwide.com/i/mcmworldwide/MMVFATT01BK001_04 | https://images.mcmworldwide.com/i/mcmworldwide/MMVFATT01BK001_05 | https://images.mcmworldwide.com/i/mcmworldwide/MMVFATT01BK001_10 | https://images.mcmworldwide.com/i/mcmworldwide/MMVFATT01BK001_11 | https://images.mcmworldwide.com/i/mcmworldwide/MMVFATT01BK001_01 | https://images.mcmworldwide.com/i/mcmworldwide/MMVFATT01BK001_09 | https://images.mcmworldwide.com/i/mcmworldwide/MMVFATT01BK001_02 | https://images.mcmworldwide.com/i/mcmworldwide/MMVFATT01BK001_03 | https://images.mcmworldwide.com/i/mcmworldwide/MMVFATT01BK001_04 | https://images.mcmworldwide.com/i/mcmworldwide/MMVFATT01BK001_05 | https://images.mcmworldwide.com/i/mcmworldwide/MMVFATT01BK001_10 | https://images.mcmworldwide.com/i/mcmworldwide/MMVFATT01BK001_11 | https://images.mcmworldwide.com/i/mcmworldwide/MMVFATT01BK001_01,https://kr.mcmworldwide.com/ko_KR/%EA%B0%80%EB%B0%A9/%EB%B0%B1%ED%8C%A9/ottomar-econyl%C2%AE-%EA%B0%80%EC%A3%BD-%EC%9C%84%EC%BC%84%EB%8D%94-%EB%B0%B1%ED%8C%A9/MMVFATT01BK001.html?cgid=bags-backpacks
MMVFATT01K8001,Ottomar ECONYL®과 가죽이 더해진 위켄더 백팩,,Ottomar,백팩 기능과 Visetos 모노그램 프린트 가죽 트림이 적용된 ECONYL® 모듈러 위켄더 백,"모듈형 디자인 철학과 이동성에 대한 뮌헨 하우스의 비전을 구현한 위켄더 백으로 가볍고 지속가능한 재활용 나일론 ECONYL®을 사용하여 제작되었습니다. 시그니처 비세토스 모노그램이 더해진 그레인 가죽 디테일을 더해 완성도를 높였습니다. 다양한 수납공간으로 구성된 외부와 내부는 여행 및 피트니스에 필요한 필수품들을 효율적으로 정리 할 수 있으며, 특히 신발을 위해 전용 사이드 포켓은 뛰어난 실용성을 보여줍니다. 핸들을 사용하여 들거나 크로스바디백으로 착용할 수 있으며, 바닥면의 숄더 스트랩을 활용하여 백팩으로도 변형이 가능한 다재다능한 백입니다.",ECONYL® 재생 나일론,,약 25 x 52 x 27 센티미터,대한민국,khaki moss,55cm / 22인치,품절,"탈부착이 가능하며 길이 조절이 가능한 위빙 스트랩 | 숄더 스트랩으로 변형 가능한 바닥면의 스트랩 | 탑핸들 | 외부 지퍼 수납공간 | 신발 수납을 위한 외부 사이드 포켓 | 양방향 지퍼 클로저 | D링 참 장식 디테일 | 2개의 내부 포켓 | 바디:ECONYL® 재생 나일론 | 트림: 비세토스 모노그램 프린트가 더해진 천연가죽 | 실버톤 다크 코발트 메탈 하드웨어 | 약 25 x 52 x 27 센티미터 | 스트랩 길이: 70 cm - 84 cm, 핸들 드롭: 48 cm | 제조국: 대한민국",https://images.mcmworldwide.com/i/mcmworldwide/MMVFATT01K8001_01 | https://images.mcmworldwide.com/i/mcmworldwide/MMVFATT01K8001_09 | https://images.mcmworldwide.com/i/mcmworldwide/MMVFATT01K8001_02 | https://images.mcmworldwide.com/i/mcmworldwide/MMVFATT01K8001_03 | https://images.mcmworldwide.com/i/mcmworldwide/MMVFATT01K8001_04 | https://images.mcmworldwide.com/i/mcmworldwide/MMVFATT01K8001_05 | https://images.mcmworldwide.com/i/mcmworldwide/MMVFATT01K8001_10 | https://images.mcmworldwide.com/i/mcmworldwide/MMVFATT01K8001_11 | https://images.mcmworldwide.com/i/mcmworldwide/MMVFATT01K8001_01 | https://images.mcmworldwide.com/i/mcmworldwide/MMVFATT01K8001_09 | https://images.mcmworldwide.com/i/mcmworldwide/MMVFATT01K8001_02 | https://images.mcmworldwide.com/i/mcmworldwide/MMVFATT01K8001_03 | https://images.mcmworldwide.com/i/mcmworldwide/MMVFATT01K8001_04 | https://images.mcmworldwide.com/i/mcmworldwide/MMVFATT01K8001_05 | https://images.mcmworldwide.com/i/mcmworldwide/MMVFATT01K8001_10 | https://images.mcmworldwide.com/i/mcmworldwide/MMVFATT01K8001_11 | https://images.mcmworldwide.com/i/mcmworldwide/MMVFATT01K8001_01,https://kr.mcmworldwide.com/ko_KR/%EA%B0%80%EB%B0%A9/%EB%B0%B1%ED%8C%A9/ottomar-econyl%C2%AE%EA%B3%BC-%EA%B0%80%EC%A3%BD%EC%9D%B4-%EB%8D%94%ED%95%B4%EC%A7%84-%EC%9C%84%EC%BC%84%EB%8D%94-%EB%B0%B1%ED%8C%A9/MMVFATT01K8001.html?cgid=bags-backpacks
MMKGATA03MT001,Aren 노바 나일론 백팩,,Aren,브라스 로고 플레이트가 더해진 멀티컬러 나일론 백팩,"휴대성의 경계를 확장하는 Aren(아렌) 노바 백팩은 디자인, 기술, 그리고 여행을 결합해 항공과 비행에서 영감을 받은 미래적인 미학을 구현했습니다. 하우스의 헤리티지에 기반한 멀티컬러 실루엣을 시그니처 로고 브라스 플레이트로 완성하였습니다.",폴리에스터 100%,패브릭 안감,약 9 x 31 x 43 센티미터,대한민국,multi,M,품절,길이 조절이 가능한 숄더 스트랩 | 로고 브라스 플레이트 | 지퍼 클로저 | 내부 지퍼 포켓 | 바디: 폴리에스터 100% | 트림: 나일론 100% | Dark silver-tone cobalt metal hardware | 패브릭 안감 | 약 9 x 31 x 43 센티미터 | 스트랩 길이: 77cm - 92 cm. 핸들 드롭: 6cm | 제조국: 대한민국,https://images.mcmworldwide.com/i/mcmworldwide/MMKGATA03MT001_01 | https://images.mcmworldwide.com/i/mcmworldwide/MMKGATA03MT001_09 | https://images.mcmworldwide.com/i/mcmworldwide/MMKGATA03MT001_02 | https://images.mcmworldwide.com/i/mcmworldwide/MMKGATA03MT001_03 | https://images.mcmworldwide.com/i/mcmworldwide/MMKGATA03MT001_04 | https://images.mcmworldwide.com/i/mcmworldwide/MMKGATA03MT001_05 | https://images.mcmworldwide.com/i/mcmworldwide/MMKGATA03MT001_10 | https://images.mcmworldwide.com/i/mcmworldwide/MMKGATA03MT001_11 | https://images.mcmworldwide.com/i/mcmworldwide/MMKGATA03MT001_12 | https://images.mcmworldwide.com/i/mcmworldwide/MMKGATA03MT001_01 | https://images.mcmworldwide.com/i/mcmworldwide/MMKGATA03MT001_09 | https://images.mcmworldwide.com/i/mcmworldwide/MMKGATA03MT001_02 | https://images.mcmworldwide.com/i/mcmworldwide/MMKGATA03MT001_03 | https://images.mcmworldwide.com/i/mcmworldwide/MMKGATA03MT001_04 | https://images.mcmworldwide.com/i/mcmworldwide/MMKGATA03MT001_05 | https://images.mcmworldwide.com/i/mcmworldwide/MMKGATA03MT001_10 | https://images.mcmworldwide.com/i/mcmworldwide/MMKGATA03MT001_11 | https://images.mcmworldwide.com/i/mcmworldwide/MMKGATA03MT001_12,https://kr.mcmworldwide.com/ko_KR/%EA%B0%80%EB%B0%A9/%EB%B0%B1%ED%8C%A9/aren-%EB%85%B8%EB%B0%94-%EB%82%98%EC%9D%BC%EB%A1%A0-%EB%B0%B1%ED%8C%A9/MMKGATA03MT001.html?cgid=bags-backpacks
MMKGAVE09CO001,MCM X We The Best Stark 비세토스 백팩,,Stark,마이애미의 컬러감을 더하고 “We The Best” 참으로 재해석한 MCM 시그니처 백팩.,글로벌 아이콘으로 전 세계적인 사랑을 받는 Stark(스타크) 백팩에 마이애미를 오마주한 강렬한 블루 톤의 나파 가죽 디테일을 더해 대담하게 완성한 협업 에디션입니다. 브랜드의 시그니처 실루엣에 회복탄력성과 자기 신뢰를 바탕으로 한 DJ Khaled의 “We The Best” 메시지가 담긴 탈착식 참을 구성하여 컬렉션 특유의 크리에이티브 철학을 선명하게 드러냅니다.,비세토스 모노그램 캔버스,스웨이드 마감의 극세사 안감,약 15 x 32 x 44 센티미터,대한민국,cognac,M,품절,"길이 조절이 가능한 숄더 스트랩 | 가죽 탑 핸들 | 탈착 가능한 ""We The Best” 참 | 로고 브라스 플레이트 | 앞면 및 외부 측면 지퍼 포켓 | 양방향 지퍼 클로저 | 13인치 노트북 및 태블릿 수납이 가능한 내부 슬리브 | 바디:비세토스 모노그램 캔버스 | 트림: 나파 가죽 | 24K 앤티크 골드 도금 메탈 하드웨어 | 스웨이드 마감의 극세사 안감 | 약 15 x 32 x 44 센티미터 | 스트랩 길이: 74 - 88CM, 핸들 길이 6.5cm | 제조국: 대한민국",https://images.mcmworldwide.com/i/mcmworldwide/MMKGAVE09CO001_01 | https://images.mcmworldwide.com/i/mcmworldwide/MMKGAVE09CO001_09 | https://images.mcmworldwide.com/i/mcmworldwide/MMKGAVE09CO001_02 | https://images.mcmworldwide.com/i/mcmworldwide/MMKGAVE09CO001_03 | https://images.mcmworldwide.com/i/mcmworldwide/MMKGAVE09CO001_04 | https://images.mcmworldwide.com/i/mcmworldwide/MMKGAVE09CO001_05 | https://images.mcmworldwide.com/i/mcmworldwide/MMKGAVE09CO001_06 | https://images.mcmworldwide.com/i/mcmworldwide/MMKGAVE09CO001_10 | https://images.mcmworldwide.com/i/mcmworldwide/MMKGAVE09CO001_11 | https://images.mcmworldwide.com/i/mcmworldwide/MMKGAVE09CO001_12 | https://images.mcmworldwide.com/i/mcmworldwide/MMKGAVE09CO001_01 | https://images.mcmworldwide.com/i/mcmworldwide/MMKGAVE09CO001_09 | https://images.mcmworldwide.com/i/mcmworldwide/MMKGAVE09CO001_02 | https://images.mcmworldwide.com/i/mcmworldwide/MMKGAVE09CO001_03 | https://images.mcmworldwide.com/i/mcmworldwide/MMKGAVE09CO001_04 | https://images.mcmworldwide.com/i/mcmworldwide/MMKGAVE09CO001_05 | https://images.mcmworldwide.com/i/mcmworldwide/MMKGAVE09CO001_06 | https://images.mcmworldwide.com/i/mcmworldwide/MMKGAVE09CO001_10 | https://images.mcmworldwide.com/i/mcmworldwide/MMKGAVE09CO001_11 | https://images.mcmworldwide.com/i/mcmworldwide/MMKGAVE09CO001_12,https://kr.mcmworldwide.com/ko_KR/%EA%B0%80%EB%B0%A9/%EB%B0%B1%ED%8C%A9/mcm-x-we-the-best-stark-%EB%B9%84%EC%84%B8%ED%86%A0%EC%8A%A4-%EB%B0%B1%ED%8C%A9/MMKGAVE09CO001.html?cgid=bags-backpacks
MMKGAVE02CO001,Stark 디스코 비세토스 백팩,,Stark,비세토스 모노그램 캔버스에 'MCM Disco' 모티프와 나파 가죽 트리밍을 더한 백팩,"전 세계적으로 사랑받는 아이코닉한 디자인의 Stark(스타크) 백팩은 뮌헨 황금기의 음악과 문화를 기념하는 장인 정신을 담은 하우스의 대표적인 실루엣입니다. 시그니처 비세토스 캔버스 위에 멀티컬러 ‘MCM Disco’ 타이포그래피를 더하고, 오렌지 나파 가죽 디테일로 완성했습니다. 클래식한 장인 기술과 현대적인 실용성을 결합해, 로고 엠보싱 가죽 패치가 장식된 노트북 수납공간을 비롯한 다양한 내·외부 수납공간을 제공합니다.",비세토스 모노그램 캔버스,코튼 트윌 안감,약 16 x 33 x 43 센티미터,대한민국,cognac,M,품절,"길이 조절이 가능한 로고 우븐 숄더 스트랩 | 가죽 탑 핸들 | MCM Disco 모티프 | 로고 브라스 플레이트 | 앞면 지퍼 포켓 | 외부 사이드 슬립 포켓 | 양방향 지퍼 클로저 | 13"" 노트북 혹은 태블릿 수납을 위한 내부 슬립포켓 | 바디:비세토스 모노그램 캔버스 | 트림: 나파 가죽 | 24K 골드 도금 브라스 하드웨어 | 코튼 트윌 안감 | 약 16 x 33 x 43 센티미터 | 스트랩 길이:76 cm - 90 cm, 핸들 드롭: 8 cm | 제조국: 대한민국",https://images.mcmworldwide.com/i/mcmworldwide/MMKGAVE02CO001_01 | https://images.mcmworldwide.com/i/mcmworldwide/MMKGAVE02CO001_09 | https://images.mcmworldwide.com/i/mcmworldwide/MMKGAVE02CO001_02 | https://images.mcmworldwide.com/i/mcmworldwide/MMKGAVE02CO001_03 | https://images.mcmworldwide.com/i/mcmworldwide/MMKGAVE02CO001_04 | https://images.mcmworldwide.com/i/mcmworldwide/MMKGAVE02CO001_05 | https://images.mcmworldwide.com/i/mcmworldwide/MMKGAVE02CO001_06 | https://images.mcmworldwide.com/i/mcmworldwide/MMKGAVE02CO001_10 | https://images.mcmworldwide.com/i/mcmworldwide/MMKGAVE02CO001_01 | https://images.mcmworldwide.com/i/mcmworldwide/MMKGAVE02CO001_09 | https://images.mcmworldwide.com/i/mcmworldwide/MMKGAVE02CO001_02 | https://images.mcmworldwide.com/i/mcmworldwide/MMKGAVE02CO001_03 | https://images.mcmworldwide.com/i/mcmworldwide/MMKGAVE02CO001_04 | https://images.mcmworldwide.com/i/mcmworldwide/MMKGAVE02CO001_05 | https://images.mcmworldwide.com/i/mcmworldwide/MMKGAVE02CO001_06 | https://images.mcmworldwide.com/i/mcmworldwide/MMKGAVE02CO001_10,https://kr.mcmworldwide.com/ko_KR/%EA%B0%80%EB%B0%A9/%EB%B0%B1%ED%8C%A9/stark-%EB%94%94%EC%8A%A4%EC%BD%94-%EB%B9%84%EC%84%B8%ED%86%A0%EC%8A%A4-%EB%B0%B1%ED%8C%A9/MMKGAVE02CO001.html?cgid=bags-backpacks
MMKGATA02BK001,Aren 노바 모노그램 ECONYL® 백팩,,Aren,브라스 로고 플레이트와 비세토스 모노그램 모티프가 더해진 ECONYL® 재생 나일론 백팩,"휴대성의 새로운 가능성을 제시하는 Aren(아렌) 노바 백팩은 ECONYL® 소재로 제작되어 디자인, 기술, 그리고 여행을 결합한 항공과 비행에서 영감을 받은 미래적인 미학을 선보입니다. 하우스의 헤리티지를 바탕으로, 아이코닉한 로고 브라스 플레이트와 시그니처 비세토스 모노그램이 실루엣을 은은하게 완성합니다.",ECONYL® 재생 나일론,패브릭 안감,약 9 x 31 x 43 센티미터,대한민국,black,M,품절,길이 조절이 가능한 숄더 스트랩 | 비세토스 모노그램 모티프 | 로고 브라스 플레이트 | 지퍼 클로저 | Interior zip pocket | 바디:ECONYL® 재생 나일론 | 나일론 트림 | Dark silver-tone cobalt metal hardware | 패브릭 안감 | 약 9 x 31 x 43 센티미터 | 스트랩 길이: 77cm - 92 cm. 핸들 드롭: 6cm | 제조국: 대한민국,https://images.mcmworldwide.com/i/mcmworldwide/MMKGATA02BK001_01 | https://images.mcmworldwide.com/i/mcmworldwide/MMKGATA02BK001_09 | https://images.mcmworldwide.com/i/mcmworldwide/MMKGATA02BK001_02 | https://images.mcmworldwide.com/i/mcmworldwide/MMKGATA02BK001_03 | https://images.mcmworldwide.com/i/mcmworldwide/MMKGATA02BK001_04 | https://images.mcmworldwide.com/i/mcmworldwide/MMKGATA02BK001_05 | https://images.mcmworldwide.com/i/mcmworldwide/MMKGATA02BK001_10 | https://images.mcmworldwide.com/i/mcmworldwide/MMKGATA02BK001_01 | https://images.mcmworldwide.com/i/mcmworldwide/MMKGATA02BK001_09 | https://images.mcmworldwide.com/i/mcmworldwide/MMKGATA02BK001_02 | https://images.mcmworldwide.com/i/mcmworldwide/MMKGATA02BK001_03 | https://images.mcmworldwide.com/i/mcmworldwide/MMKGATA02BK001_04 | https://images.mcmworldwide.com/i/mcmworldwide/MMKGATA02BK001_05 | https://images.mcmworldwide.com/i/mcmworldwide/MMKGATA02BK001_10,https://kr.mcmworldwide.com/ko_KR/%EA%B0%80%EB%B0%A9/%EB%B0%B1%ED%8C%A9/aren-%EB%85%B8%EB%B0%94-%EB%AA%A8%EB%85%B8%EA%B7%B8%EB%9E%A8-econyl%C2%AE-%EB%B0%B1%ED%8C%A9/MMKGATA02BK001.html?cgid=bags-backpacks
MMKGAVE10CO001,MCM X We The Best Stark 비세토스 백팩,,Stark,시그니처 Stark 백팩을 고급 울트라스웨이드 소재로 재해석한 익스클루시브 에디션.,"고급스러운 감성의 일본산 울트라스웨이드 디테일로 브랜드 고유의 시그니처 Stark(스타크) 백팩 실루엣을 정교하게 감싼 협업 에디션입니다. 전 세계 글로벌 노마드를 위한 타임리스 아이템으로, 확고한 자기 신뢰와 회복탄력성을 바탕으로 한 DJ Khaled의 “We The Best” 메시지를 담은 탈착식 참을 더해 특별한 가치를 선사합니다.",비세토스 모노그램 캔버스,스웨이드 마감의 극세사 안감,약 15 x 32 x 44 센티미터,대한민국,cognac,M,품절,"길이 조절이 가능한 숄더 스트랩 | 탑 핸들 | 탈착 가능한 ""We The Best” 참 | 로고 브라스 플레이트 | 앞면과 옆면의 지퍼 수납공간 | 양방향 지퍼 클로저 | 13인치 노트북 및 태블릿 수납이 가능한 내부 슬리브 | 바디:비세토스 모노그램 캔버스 | 울트라스웨이드 트리밍 | 건메탈 하드웨어 | 스웨이드 마감의 극세사 안감 | 약 15 x 32 x 44 센티미터 | 스트랩 길이: 74 - 88CM, 핸들 길이 6.5cm | 제조국: 대한민국",https://images.mcmworldwide.com/i/mcmworldwide/MMKGAVE10CO001_01 | https://images.mcmworldwide.com/i/mcmworldwide/MMKGAVE10CO001_09 | https://images.mcmworldwide.com/i/mcmworldwide/MMKGAVE10CO001_02 | https://images.mcmworldwide.com/i/mcmworldwide/MMKGAVE10CO001_03 | https://images.mcmworldwide.com/i/mcmworldwide/MMKGAVE10CO001_04 | https://images.mcmworldwide.com/i/mcmworldwide/MMKGAVE10CO001_05 | https://images.mcmworldwide.com/i/mcmworldwide/MMKGAVE10CO001_06 | https://images.mcmworldwide.com/i/mcmworldwide/MMKGAVE10CO001_10 | https://images.mcmworldwide.com/i/mcmworldwide/MMKGAVE10CO001_11 | https://images.mcmworldwide.com/i/mcmworldwide/MMKGAVE10CO001_01 | https://images.mcmworldwide.com/i/mcmworldwide/MMKGAVE10CO001_09 | https://images.mcmworldwide.com/i/mcmworldwide/MMKGAVE10CO001_02 | https://images.mcmworldwide.com/i/mcmworldwide/MMKGAVE10CO001_03 | https://images.mcmworldwide.com/i/mcmworldwide/MMKGAVE10CO001_04 | https://images.mcmworldwide.com/i/mcmworldwide/MMKGAVE10CO001_05 | https://images.mcmworldwide.com/i/mcmworldwide/MMKGAVE10CO001_06 | https://images.mcmworldwide.com/i/mcmworldwide/MMKGAVE10CO001_10 | https://images.mcmworldwide.com/i/mcmworldwide/MMKGAVE10CO001_11,https://kr.mcmworldwide.com/ko_KR/%EA%B0%80%EB%B0%A9/%EB%B0%B1%ED%8C%A9/mcm-x-we-the-best-stark-%EB%B9%84%EC%84%B8%ED%86%A0%EC%8A%A4-%EB%B0%B1%ED%8C%A9/MMKGAVE10CO001.html?cgid=bags-backpacks
MMKGAUP02BK001,MCM X ATEEZ with MINGI Stark 비세토스 사이드 스터드 백팩,,Stark,민기의 시그니처 ‘FIX ON’ 그래픽과 ATEEZ 로고 디테일이 돋보이는 비세토스 백팩,민기의 시그니처 트레이드마크 ‘FIX ON’ 디테일이 더해진 스타크 백팩은 글로벌 노마드의 자유롭고 대담한 무드를 담아냅니다. 스터드 장식과 비세토스 모노그램 캔버스가 어우러진 아이코닉한 실루엣에 뒷면의 ATEEZ 워드마크 로고 디테일을 더해 컬렉션의 정체성을 완성했습니다.,비세토스 모노그램 캔버스,,약 13 x 26 x 33 센티미터,대한민국,black,S,품절,"길이 조절 가능한 숄더 스트랩 | 가죽 탑 핸들 | 앞면의 ‘FIX ON’ 그래픽 디테일 | 뒷면의 ATEEZ 로고 디테일 | 로고 브라스 플레이트 | 앞면 지퍼 포켓 | 스터드 디테일의 외부 사이드 포켓 | 양방향 지퍼 클로저 | 태블릿 수납용 내부 슬리브 | 바디:비세토스 모노그램 캔버스 | 트림: 나파 가죽 | 다크 실버톤 코발트 메탈 하드웨어 | 약 13 x 26 x 33 센티미터 | 스트랩 길이: 74 cm - 90 cm, 핸들 드롭: 7cm | 제조국: 대한민국",https://images.mcmworldwide.com/i/mcmworldwide/MMKGAUP02BK001_01 | https://images.mcmworldwide.com/i/mcmworldwide/MMKGAUP02BK001_02 | https://images.mcmworldwide.com/i/mcmworldwide/MMKGAUP02BK001_03 | https://images.mcmworldwide.com/i/mcmworldwide/MMKGAUP02BK001_04 | https://images.mcmworldwide.com/i/mcmworldwide/MMKGAUP02BK001_05 | https://images.mcmworldwide.com/i/mcmworldwide/MMKGAUP02BK001_06 | https://images.mcmworldwide.com/i/mcmworldwide/MMKGAUP02BK001_01 | https://images.mcmworldwide.com/i/mcmworldwide/MMKGAUP02BK001_02 | https://images.mcmworldwide.com/i/mcmworldwide/MMKGAUP02BK001_03 | https://images.mcmworldwide.com/i/mcmworldwide/MMKGAUP02BK001_04 | https://images.mcmworldwide.com/i/mcmworldwide/MMKGAUP02BK001_05 | https://images.mcmworldwide.com/i/mcmworldwide/MMKGAUP02BK001_06,https://kr.mcmworldwide.com/ko_KR/%EA%B0%80%EB%B0%A9/%EB%B0%B1%ED%8C%A9/mcm-x-ateez-with-mingi-stark-%EB%B9%84%EC%84%B8%ED%86%A0%EC%8A%A4-%EC%82%AC%EC%9D%B4%EB%93%9C-%EC%8A%A4%ED%84%B0%EB%93%9C-%EB%B0%B1%ED%8C%A9/MMKGAUP02BK001.html?cgid=bags-backpacks
MWTGATA02CO001,Pina 비세토스 스터드 장식 토트,,Pina,나파 가죽 트림과 메탈 스터드 장식이 돋보이는 비세토스 모노그램 캔버스 토트백,"비세토스 캔버스와 부드러운 나파 가죽의 클래식한 조합을 통해 하우스의 시그니처 장인 정신이 돋보이는, 시대를 초월한 보울러 디자인의 백입니다. 코냑 컬러의 실루엣에는 바이에른 다이아몬드와 아이코닉한 라우렐 엠블럼을 형상화한 스터드 장식을 더해 완성하였습니다.",비세토스 모노그램 캔버스,스웨이드 마감의 극세사 안감,약 13 x 30 x 24 센티미터,대한민국,cognac,M,품절,"탈부착이 가능하며 길이 조절이 가능한 가죽 스트랩 | 가죽 핸들 | 로고 브라스 플레이트 | 금속 로고 스터드 장식 | 양방향 지퍼 클로저 | 내부 슬립 포켓 및 지퍼 수납공간 | D링 참 장식 디테일 | 가방 바닥 보호에 도움을 주는 메탈 피트 | 바디:비세토스 모노그램 캔버스 | 트림: 나파 가죽 | 24K 골드 도금 브라스 하드웨어 | 스웨이드 마감의 극세사 안감 | 약 13 x 30 x 24 센티미터 | 스트랩 길이: 107.5cm - 131.5cm, 핸들 드롭: 11cm | 제조국: 대한민국",https://images.mcmworldwide.com/i/mcmworldwide/MWTGATA02CO001_01 | https://images.mcmworldwide.com/i/mcmworldwide/MWTGATA02CO001_09 | https://images.mcmworldwide.com/i/mcmworldwide/MWTGATA02CO001_02 | https://images.mcmworldwide.com/i/mcmworldwide/MWTGATA02CO001_03 | https://images.mcmworldwide.com/i/mcmworldwide/MWTGATA02CO001_04 | https://images.mcmworldwide.com/i/mcmworldwide/MWTGATA02CO001_05 | https://images.mcmworldwide.com/i/mcmworldwide/MWTGATA02CO001_06 | https://images.mcmworldwide.com/i/mcmworldwide/MWTGATA02CO001_10 | https://images.mcmworldwide.com/i/mcmworldwide/MWTGATA02CO001_01 | https://images.mcmworldwide.com/i/mcmworldwide/MWTGATA02CO001_09 | https://images.mcmworldwide.com/i/mcmworldwide/MWTGATA02CO001_02 | https://images.mcmworldwide.com/i/mcmworldwide/MWTGATA02CO001_03 | https://images.mcmworldwide.com/i/mcmworldwide/MWTGATA02CO001_04 | https://images.mcmworldwide.com/i/mcmworldwide/MWTGATA02CO001_05 | https://images.mcmworldwide.com/i/mcmworldwide/MWTGATA02CO001_06 | https://images.mcmworldwide.com/i/mcmworldwide/MWTGATA02CO001_10,https://kr.mcmworldwide.com/ko_KR/%EA%B0%80%EB%B0%A9/%ED%86%A0%ED%8A%B8%EB%B0%B1-%EC%87%BC%ED%8D%BC%EB%B0%B1/pina-%EB%B9%84%EC%84%B8%ED%86%A0%EC%8A%A4-%EC%8A%A4%ED%84%B0%EB%93%9C-%EC%9E%A5%EC%8B%9D-%ED%86%A0%ED%8A%B8/MWTGATA02CO001.html?cgid=bags-totes-shoppers
MWTGATA01CO001,Pina 비세토스 스터드 장식 토트,,Pina,나파 가죽 트림과 메탈 스터드 장식이 돋보이는 비세토스 모노그램 캔버스 토트백,"비세토스 캔버스와 부드러운 나파 가죽의 클래식한 조합을 통해 하우스의 시그니처 장인 정신이 돋보이는, 시대를 초월한 보울러 디자인의 백입니다. 코냑 컬러의 실루엣에는 바이에른 다이아몬드와 아이코닉한 라우렐 엠블럼을 형상화한 스터드 장식을 더해 완성하였습니다.",비세토스 모노그램 캔버스,스웨이드 마감의 극세사 안감,약 18 x 41 x 32 센티미터,대한민국,cognac,L,품절,"탈부착이 가능하며 길이 조절이 가능한 가죽 스트랩 | 가죽 핸들 | 로고 브라스 플레이트 | 금속 로고 스터드 장식 | 양방향 지퍼 클로저 | 내부 슬립 포켓 및 지퍼 수납공간 | D링 참 장식 디테일 | 가방 바닥 보호에 도움을 주는 메탈 피트 | 바디:비세토스 모노그램 캔버스 | 트림: 나파 가죽 | 24K 골드 도금 브라스 하드웨어 | 스웨이드 마감의 극세사 안감 | 약 18 x 41 x 32 센티미터 | 스트랩 길이: 112.5cm - 136.5cm, 핸들 드롭: 12cm | 제조국: 대한민국",https://images.mcmworldwide.com/i/mcmworldwide/MWTGATA01CO001_01 | https://images.mcmworldwide.com/i/mcmworldwide/MWTGATA01CO001_09 | https://images.mcmworldwide.com/i/mcmworldwide/MWTGATA01CO001_02 | https://images.mcmworldwide.com/i/mcmworldwide/MWTGATA01CO001_03 | https://images.mcmworldwide.com/i/mcmworldwide/MWTGATA01CO001_04 | https://images.mcmworldwide.com/i/mcmworldwide/MWTGATA01CO001_05 | https://images.mcmworldwide.com/i/mcmworldwide/MWTGATA01CO001_06 | https://images.mcmworldwide.com/i/mcmworldwide/MWTGATA01CO001_10 | https://images.mcmworldwide.com/i/mcmworldwide/MWTGATA01CO001_11 | https://images.mcmworldwide.com/i/mcmworldwide/MWTGATA01CO001_01 | https://images.mcmworldwide.com/i/mcmworldwide/MWTGATA01CO001_09 | https://images.mcmworldwide.com/i/mcmworldwide/MWTGATA01CO001_02 | https://images.mcmworldwide.com/i/mcmworldwide/MWTGATA01CO001_03 | https://images.mcmworldwide.com/i/mcmworldwide/MWTGATA01CO001_04 | https://images.mcmworldwide.com/i/mcmworldwide/MWTGATA01CO001_05 | https://images.mcmworldwide.com/i/mcmworldwide/MWTGATA01CO001_06 | https://images.mcmworldwide.com/i/mcmworldwide/MWTGATA01CO001_10 | https://images.mcmworldwide.com/i/mcmworldwide/MWTGATA01CO001_11,https://kr.mcmworldwide.com/ko_KR/%EA%B0%80%EB%B0%A9/%ED%86%A0%ED%8A%B8%EB%B0%B1-%EC%87%BC%ED%8D%BC%EB%B0%B1/pina-%EB%B9%84%EC%84%B8%ED%86%A0%EC%8A%A4-%EC%8A%A4%ED%84%B0%EB%93%9C-%EC%9E%A5%EC%8B%9D-%ED%86%A0%ED%8A%B8/MWTGATA01CO001.html?cgid=bags-totes-shoppers
MWPGALR01BK001,New Liz 엠보스드 모노그램 레더 쇼퍼,,Liz,엠보싱 비세토스 모노그램과 탈착 가능한 지퍼 파우치가 포함된 그레인드 나파 가죽 쇼퍼백,"풀그레인 가죽으로 제작된 Liz 쇼퍼백은 하우스의 클래식 모노그램을 정교하게 엠보싱으로 표현한 레더 백입니다. 넉넉한 길이의 가죽 스트랩은 편안한 착용감을 제공하며, 참 장식을 더할 수 있도록 D링 디테일을 나만의 개성을 더할 수 있습니다. 부드러운 마이크로파이버를 사용한 내부에는 탈착 가능한 파우치가 포함되어있으며, 단독 클러치로도 활용 가능합니다.",풀그레인 가죽,스웨이드 마감의 극세사 안감,약 17 x 30 x 35 센티미터,이탈리아,black,M,품절,가죽 핸들 스트랩 | 엠보스드 비세토스 모노그램 | 로고 브라스 플레이트 | 후크 잠금 장지 | 탈부착 가능한 레더 파우치 | D링 참 장식 디테일 | 바닥 보호를 위한 레더 패드 | 바디:풀그레인 가죽 | 실버톤 코발트 브라스 하드웨어 | 스웨이드 마감의 극세사 안감 | 약 17 x 30 x 35 센티미터 | 핸들 스트랩 드롭: 26.5 cm | 제조국: 이탈리아,https://images.mcmworldwide.com/i/mcmworldwide/MWPGALR01BK001_01 | https://images.mcmworldwide.com/i/mcmworldwide/MWPGALR01BK001_09 | https://images.mcmworldwide.com/i/mcmworldwide/MWPGALR01BK001_02 | https://images.mcmworldwide.com/i/mcmworldwide/MWPGALR01BK001_03 | https://images.mcmworldwide.com/i/mcmworldwide/MWPGALR01BK001_04 | https://images.mcmworldwide.com/i/mcmworldwide/MWPGALR01BK001_05 | https://images.mcmworldwide.com/i/mcmworldwide/MWPGALR01BK001_10 | https://images.mcmworldwide.com/i/mcmworldwide/MWPGALR01BK001_11 | https://images.mcmworldwide.com/i/mcmworldwide/MWPGALR01BK001_01 | https://images.mcmworldwide.com/i/mcmworldwide/MWPGALR01BK001_09 | https://images.mcmworldwide.com/i/mcmworldwide/MWPGALR01BK001_02 | https://images.mcmworldwide.com/i/mcmworldwide/MWPGALR01BK001_03 | https://images.mcmworldwide.com/i/mcmworldwide/MWPGALR01BK001_04 | https://images.mcmworldwide.com/i/mcmworldwide/MWPGALR01BK001_05 | https://images.mcmworldwide.com/i/mcmworldwide/MWPGALR01BK001_10 | https://images.mcmworldwide.com/i/mcmworldwide/MWPGALR01BK001_11,https://kr.mcmworldwide.com/ko_KR/%EA%B0%80%EB%B0%A9/%ED%86%A0%ED%8A%B8%EB%B0%B1-%EC%87%BC%ED%8D%BC%EB%B0%B1/new-liz-%EC%97%A0%EB%B3%B4%EC%8A%A4%EB%93%9C-%EB%AA%A8%EB%85%B8%EA%B7%B8%EB%9E%A8-%EB%A0%88%EB%8D%94-%EC%87%BC%ED%8D%BC/MWPGALR01BK001.html?cgid=bags-totes-shoppers
MWPGALR02BK001,New Liz 엠보스드 모노그램 레더 쇼퍼,,Liz,엠보싱 비세토스 모노그램과 탈착 가능한 지퍼 파우치가 포함된 그레인드 나파 가죽 쇼퍼백,"풀그레인 가죽으로 제작된 Liz 쇼퍼백은 하우스의 클래식 모노그램을 정교하게 엠보싱으로 표현한 레더 백입니다. 넉넉한 길이의 가죽 스트랩은 편안한 착용감을 제공하며, 참 장식을 더할 수 있도록 D링 디테일을 나만의 개성을 더할 수 있습니다. 부드러운 마이크로파이버를 사용한 내부에는 탈착 가능한 파우치가 포함되어있으며, 단독 클러치로도 활용 가능합니다.",풀그레인 가죽,스웨이드 마감의 극세사 안감,약 15 x 25 x 31 센티미터,이탈리아,black,S,품절,가죽 핸들 스트랩 | 엠보스드 비세토스 모노그램 | 로고 브라스 플레이트 | 후크 잠금 장지 | 탈부착 가능한 레더 파우치 | D링 참 장식 디테일 | 바닥 보호를 위한 레더 패드 | 바디:풀그레인 가죽 | 실버톤 코발트 브라스 하드웨어 | 스웨이드 마감의 극세사 안감 | 약 15 x 25 x 31 센티미터 | 핸들 스트랩 드롭: 26 cm | 제조국: 이탈리아,https://images.mcmworldwide.com/i/mcmworldwide/MWPGALR02BK001_01 | https://images.mcmworldwide.com/i/mcmworldwide/MWPGALR02BK001_09 | https://images.mcmworldwide.com/i/mcmworldwide/MWPGALR02BK001_02 | https://images.mcmworldwide.com/i/mcmworldwide/MWPGALR02BK001_03 | https://images.mcmworldwide.com/i/mcmworldwide/MWPGALR02BK001_04 | https://images.mcmworldwide.com/i/mcmworldwide/MWPGALR02BK001_05 | https://images.mcmworldwide.com/i/mcmworldwide/MWPGALR02BK001_11 | https://images.mcmworldwide.com/i/mcmworldwide/MWPGALR02BK001_01 | https://images.mcmworldwide.com/i/mcmworldwide/MWPGALR02BK001_09 | https://images.mcmworldwide.com/i/mcmworldwide/MWPGALR02BK001_02 | https://images.mcmworldwide.com/i/mcmworldwide/MWPGALR02BK001_03 | https://images.mcmworldwide.com/i/mcmworldwide/MWPGALR02BK001_04 | https://images.mcmworldwide.com/i/mcmworldwide/MWPGALR02BK001_05 | https://images.mcmworldwide.com/i/mcmworldwide/MWPGALR02BK001_11,https://kr.mcmworldwide.com/ko_KR/%EA%B0%80%EB%B0%A9/%ED%86%A0%ED%8A%B8%EB%B0%B1-%EC%87%BC%ED%8D%BC%EB%B0%B1/new-liz-%EC%97%A0%EB%B3%B4%EC%8A%A4%EB%93%9C-%EB%AA%A8%EB%85%B8%EA%B7%B8%EB%9E%A8-%EB%A0%88%EB%8D%94-%EC%87%BC%ED%8D%BC/MWPGALR02BK001.html?cgid=bags-totes-shoppers
MWPGSLR02I8001,New Liz 비세토스 쇼퍼,,Liz,매칭 지퍼 파우치와 나파 가죽 트림이 더해진 비세토스 모노그램 캔버스 쇼퍼백,"더 가볍고 부드러워진 New Liz. 움직임에 최적화된 실루엣으로 재탄생했습니다. 길어진 가죽 스트랩은 향상된 착용감을 제공하며, D-링 디테일로 개인 참을 더할 수 있습니다. 탈착 가능한 파우치는 클러치로도 활용되어 데이룩에서 이브닝룩까지 자연스럽게 어우러집니다.",비세토스 모노그램 캔버스,패브릭 안감,약 17 x 30 x 35 센티미터,대한민국,beige + black,M,품절,바이에른 다이아몬드에서 영감을 얻은 레더 핸들 스트랩 | 로고 브라스 플레이트 | 후크 잠금 장지 | 탈착 가능한 매칭되는 모노그램 지퍼 파우치 | D링 참 장식 디테일 | 바닥 보호를 위한 레더 패드 | 바디:비세토스 모노그램 캔버스 | 레더 트림 | 16K 골드 도금 메탈 하드웨어 | 패브릭 안감 | 약 17 x 30 x 35 센티미터 | 핸들 드롭: 26.5 cm | 제조국: 대한민국,https://images.mcmworldwide.com/i/mcmworldwide/MWPGSLR02I8001_01 | https://images.mcmworldwide.com/i/mcmworldwide/MWPGSLR02I8001_09 | https://images.mcmworldwide.com/i/mcmworldwide/MWPGSLR02I8001_02 | https://images.mcmworldwide.com/i/mcmworldwide/MWPGSLR02I8001_03 | https://images.mcmworldwide.com/i/mcmworldwide/MWPGSLR02I8001_04 | https://images.mcmworldwide.com/i/mcmworldwide/MWPGSLR02I8001_05 | https://images.mcmworldwide.com/i/mcmworldwide/MWPGSLR02I8001_06 | https://images.mcmworldwide.com/i/mcmworldwide/MWPGSLR02I8001_10 | https://images.mcmworldwide.com/i/mcmworldwide/MWPGSLR02I8001_11 | https://images.mcmworldwide.com/i/mcmworldwide/MWPGSLR02I8001_01 | https://images.mcmworldwide.com/i/mcmworldwide/MWPGSLR02I8001_09 | https://images.mcmworldwide.com/i/mcmworldwide/MWPGSLR02I8001_02 | https://images.mcmworldwide.com/i/mcmworldwide/MWPGSLR02I8001_03 | https://images.mcmworldwide.com/i/mcmworldwide/MWPGSLR02I8001_04 | https://images.mcmworldwide.com/i/mcmworldwide/MWPGSLR02I8001_05 | https://images.mcmworldwide.com/i/mcmworldwide/MWPGSLR02I8001_06 | https://images.mcmworldwide.com/i/mcmworldwide/MWPGSLR02I8001_10 | https://images.mcmworldwide.com/i/mcmworldwide/MWPGSLR02I8001_11 | https://images.mcmworldwide.com/i/mcmworldwide/MWPGSLR02I8001_01,https://kr.mcmworldwide.com/ko_KR/%EA%B0%80%EB%B0%A9/%ED%86%A0%ED%8A%B8%EB%B0%B1-%EC%87%BC%ED%8D%BC%EB%B0%B1/new-liz-%EB%B9%84%EC%84%B8%ED%86%A0%EC%8A%A4-%EC%87%BC%ED%8D%BC/MWPGSLR02I8001.html?cgid=bags-totes-shoppers
MWPGSLR03CO001,New Liz 비세토스 쇼퍼,,Liz,천연 나파 가죽 트리밍과 매치된 지퍼 파우치가 포함된 비세토스 모노그램 캔버스 쇼퍼백,"새로운 스타일의 New Liz. 한층 가벼워지고 부드러워진 실루엣으로 재해석된 New Liz는 자유로운 움직임을 고려해 디자인되었습니다. 길어진 가죽 스트랩이 한층 편안한 착용감을 선사하며, 참 액세서리를 더할 수 있는 D-링 디테일로 개성을 더했습니다. 탈부착 가능한 파우치는 단독 클러치로도 활용할 수 있어 낮부터 저녁까지 자연스럽게 이어지는 스타일을 완성합니다.",비세토스 모노그램 캔버스,패브릭 안감,약 15 x 25 x 31 센티미터,대한민국,cognac,S,품절,바이에른 다이아몬드에서 영감을 받은 가죽 핸들 스트랩 | 로고 브라스 플레이트 | 후크 클라스프 클로저 | 탈착 가능한 비세토스 모노그램 지퍼 파우치 | D링 디테일 | 대비되는 톤으로 완성된 스티칭 | 바닥 보호를 위한 레더 패드 | 바디:비세토스 모노그램 캔버스 | 트림: 천연 가죽 | 24K 골드 도금 브라스 하드웨어 | 패브릭 안감 | 약 15 x 25 x 31 센티미터 | 핸들 드롭: 26 cm | 제조국: 대한민국,https://images.mcmworldwide.com/i/mcmworldwide/MWPGSLR03CO001_01 | https://images.mcmworldwide.com/i/mcmworldwide/MWPGSLR03CO001_09 | https://images.mcmworldwide.com/i/mcmworldwide/MWPGSLR03CO001_02 | https://images.mcmworldwide.com/i/mcmworldwide/MWPGSLR03CO001_03 | https://images.mcmworldwide.com/i/mcmworldwide/MWPGSLR03CO001_04 | https://images.mcmworldwide.com/i/mcmworldwide/MWPGSLR03CO001_05 | https://images.mcmworldwide.com/i/mcmworldwide/MWPGSLR03CO001_06 | https://images.mcmworldwide.com/i/mcmworldwide/MWPGSLR03CO001_10 | https://images.mcmworldwide.com/i/mcmworldwide/MWPGSLR03CO001_01 | https://images.mcmworldwide.com/i/mcmworldwide/MWPGSLR03CO001_09 | https://images.mcmworldwide.com/i/mcmworldwide/MWPGSLR03CO001_02 | https://images.mcmworldwide.com/i/mcmworldwide/MWPGSLR03CO001_03 | https://images.mcmworldwide.com/i/mcmworldwide/MWPGSLR03CO001_04 | https://images.mcmworldwide.com/i/mcmworldwide/MWPGSLR03CO001_05 | https://images.mcmworldwide.com/i/mcmworldwide/MWPGSLR03CO001_06 | https://images.mcmworldwide.com/i/mcmworldwide/MWPGSLR03CO001_10 | https://images.mcmworldwide.com/i/mcmworldwide/MWPGSLR03CO001_01,https://kr.mcmworldwide.com/ko_KR/%EA%B0%80%EB%B0%A9/%ED%86%A0%ED%8A%B8%EB%B0%B1-%EC%87%BC%ED%8D%BC%EB%B0%B1/new-liz-%EB%B9%84%EC%84%B8%ED%86%A0%EC%8A%A4-%EC%87%BC%ED%8D%BC/MWPGSLR03CO001.html?cgid=bags-totes-shoppers
MWPGSLR03BK001,New Liz 비세토스 쇼퍼,,Liz,천연 나파 가죽 트리밍과 매치된 지퍼 파우치가 포함된 비세토스 모노그램 캔버스 쇼퍼백,"새로운 스타일의 New Liz. 한층 가벼워지고 부드러워진 실루엣으로 재해석된 New Liz는 자유로운 움직임을 고려해 디자인되었습니다. 길어진 가죽 스트랩이 한층 편안한 착용감을 선사하며, 참 액세서리를 더할 수 있는 D-링 디테일로 개성을 더했습니다. 탈부착 가능한 파우치는 단독 클러치로도 활용할 수 있어 낮부터 저녁까지 자연스럽게 이어지는 스타일을 완성합니다.",비세토스 모노그램 캔버스,패브릭 안감,약 15 x 25 x 31 센티미터,대한민국,black,S,품절,바이에른 다이아몬드에서 영감을 받은 가죽 핸들 스트랩 | 로고 브라스 플레이트 | 후크 클라스프 클로저 | 탈착 가능한 비세토스 모노그램 지퍼 파우치 | D링 디테일 | 대비되는 톤으로 완성된 스티칭 | 바닥 보호를 위한 레더 패드 | 바디:비세토스 모노그램 캔버스 | 트림: 천연 가죽 | 실버톤 코발트 브라스 하드웨어 | 패브릭 안감 | 약 15 x 25 x 31 센티미터 | 핸들 드롭: 26 cm | 제조국: 대한민국,https://images.mcmworldwide.com/i/mcmworldwide/MWPGSLR03BK001_01 | https://images.mcmworldwide.com/i/mcmworldwide/MWPGSLR03BK001_09 | https://images.mcmworldwide.com/i/mcmworldwide/MWPGSLR03BK001_02 | https://images.mcmworldwide.com/i/mcmworldwide/MWPGSLR03BK001_03 | https://images.mcmworldwide.com/i/mcmworldwide/MWPGSLR03BK001_04 | https://images.mcmworldwide.com/i/mcmworldwide/MWPGSLR03BK001_05 | https://images.mcmworldwide.com/i/mcmworldwide/MWPGSLR03BK001_06 | https://images.mcmworldwide.com/i/mcmworldwide/MWPGSLR03BK001_10 | https://images.mcmworldwide.com/i/mcmworldwide/MWPGSLR03BK001_01 | https://images.mcmworldwide.com/i/mcmworldwide/MWPGSLR03BK001_09 | https://images.mcmworldwide.com/i/mcmworldwide/MWPGSLR03BK001_02 | https://images.mcmworldwide.com/i/mcmworldwide/MWPGSLR03BK001_03 | https://images.mcmworldwide.com/i/mcmworldwide/MWPGSLR03BK001_04 | https://images.mcmworldwide.com/i/mcmworldwide/MWPGSLR03BK001_05 | https://images.mcmworldwide.com/i/mcmworldwide/MWPGSLR03BK001_06 | https://images.mcmworldwide.com/i/mcmworldwide/MWPGSLR03BK001_10 | https://images.mcmworldwide.com/i/mcmworldwide/MWPGSLR03BK001_01,https://kr.mcmworldwide.com/ko_KR/%EA%B0%80%EB%B0%A9/%ED%86%A0%ED%8A%B8%EB%B0%B1-%EC%87%BC%ED%8D%BC%EB%B0%B1/new-liz-%EB%B9%84%EC%84%B8%ED%86%A0%EC%8A%A4-%EC%87%BC%ED%8D%BC/MWPGSLR03BK001.html?cgid=bags-totes-shoppers
MWPGSLR03PZ001,New Liz 비세토스 쇼퍼,,Liz,천연 나파 가죽 트리밍과 매치된 지퍼 파우치가 포함된 비세토스 모노그램 캔버스 쇼퍼백,"새로운 스타일의 New Liz. 한층 가벼워지고 부드러워진 실루엣으로 재해석된 New Liz는 자유로운 움직임을 고려해 디자인되었습니다. 길어진 가죽 스트랩이 한층 편안한 착용감을 선사하며, 참 액세서리를 더할 수 있는 D-링 디테일로 개성을 더했습니다. 탈부착 가능한 파우치는 단독 클러치로도 활용할 수 있어 낮부터 저녁까지 자연스럽게 이어지는 스타일을 완성합니다.",비세토스 모노그램 캔버스,패브릭 안감,약 15 x 25 x 31 센티미터,대한민국,soft pink,S,품절,바이에른 다이아몬드에서 영감을 받은 가죽 핸들 스트랩 | 로고 브라스 플레이트 | 후크 클라스프 클로저 | 탈착 가능한 비세토스 모노그램 지퍼 파우치 | D링 디테일 | 바닥 보호를 위한 레더 패드 | 바디:비세토스 모노그램 캔버스 | 트림: 천연 가죽 | 16K 골드 도금 브라스 하드웨어 | 패브릭 안감 | 약 15 x 25 x 31 센티미터 | 핸들 드롭: 26 cm | 제조국: 대한민국,https://images.mcmworldwide.com/i/mcmworldwide/MWPGSLR03PZ001_01 | https://images.mcmworldwide.com/i/mcmworldwide/MWPGSLR03PZ001_09 | https://images.mcmworldwide.com/i/mcmworldwide/MWPGSLR03PZ001_02 | https://images.mcmworldwide.com/i/mcmworldwide/MWPGSLR03PZ001_03 | https://images.mcmworldwide.com/i/mcmworldwide/MWPGSLR03PZ001_04 | https://images.mcmworldwide.com/i/mcmworldwide/MWPGSLR03PZ001_05 | https://images.mcmworldwide.com/i/mcmworldwide/MWPGSLR03PZ001_06 | https://images.mcmworldwide.com/i/mcmworldwide/MWPGSLR03PZ001_10 | https://images.mcmworldwide.com/i/mcmworldwide/MWPGSLR03PZ001_01 | https://images.mcmworldwide.com/i/mcmworldwide/MWPGSLR03PZ001_09 | https://images.mcmworldwide.com/i/mcmworldwide/MWPGSLR03PZ001_02 | https://images.mcmworldwide.com/i/mcmworldwide/MWPGSLR03PZ001_03 | https://images.mcmworldwide.com/i/mcmworldwide/MWPGSLR03PZ001_04 | https://images.mcmworldwide.com/i/mcmworldwide/MWPGSLR03PZ001_05 | https://images.mcmworldwide.com/i/mcmworldwide/MWPGSLR03PZ001_06 | https://images.mcmworldwide.com/i/mcmworldwide/MWPGSLR03PZ001_10 | https://images.mcmworldwide.com/i/mcmworldwide/MWPGSLR03PZ001_01,https://kr.mcmworldwide.com/ko_KR/%EA%B0%80%EB%B0%A9/%ED%86%A0%ED%8A%B8%EB%B0%B1-%EC%87%BC%ED%8D%BC%EB%B0%B1/new-liz-%EB%B9%84%EC%84%B8%ED%86%A0%EC%8A%A4-%EC%87%BC%ED%8D%BC/MWPGSLR03PZ001.html?cgid=bags-totes-shoppers
MWPGSLR03I8001,New Liz 비세토스 쇼퍼,,Liz,매칭 지퍼 파우치와 나파 가죽 트림이 더해진 비세토스 모노그램 캔버스 쇼퍼백,"더 가볍고 부드러워진 New Liz. 움직임에 최적화된 실루엣으로 재탄생했습니다. 길어진 가죽 스트랩은 향상된 착용감을 제공하며, D-링 디테일로 개인 참을 더할 수 있습니다. 탈착 가능한 파우치는 클러치로도 활용되어 데이룩에서 이브닝룩까지 자연스럽게 어우러집니다.",비세토스 모노그램 캔버스,패브릭 안감,약 15 x 25 x 31 센티미터,대한민국,beige + black,S,품절,바이에른 다이아몬드에서 영감을 얻은 레더 핸들 스트랩 | 로고 브라스 플레이트 | 후크 잠금 장지 | 탈착 가능한 매칭되는 모노그램 지퍼 파우치 | D링 참 장식 디테일 | 바닥 보호를 위한 레더 패드 | 바디:비세토스 모노그램 캔버스 | 레더 트림 | 16K 골드 도금 메탈 하드웨어 | 패브릭 안감 | 약 15 x 25 x 31 센티미터 | 핸들 드롭: 26cm | 제조국: 대한민국,https://images.mcmworldwide.com/i/mcmworldwide/MWPGSLR03I8001_01 | https://images.mcmworldwide.com/i/mcmworldwide/MWPGSLR03I8001_09 | https://images.mcmworldwide.com/i/mcmworldwide/MWPGSLR03I8001_02 | https://images.mcmworldwide.com/i/mcmworldwide/MWPGSLR03I8001_03 | https://images.mcmworldwide.com/i/mcmworldwide/MWPGSLR03I8001_04 | https://images.mcmworldwide.com/i/mcmworldwide/MWPGSLR03I8001_05 | https://images.mcmworldwide.com/i/mcmworldwide/MWPGSLR03I8001_06 | https://images.mcmworldwide.com/i/mcmworldwide/MWPGSLR03I8001_10 | https://images.mcmworldwide.com/i/mcmworldwide/MWPGSLR03I8001_01 | https://images.mcmworldwide.com/i/mcmworldwide/MWPGSLR03I8001_09 | https://images.mcmworldwide.com/i/mcmworldwide/MWPGSLR03I8001_02 | https://images.mcmworldwide.com/i/mcmworldwide/MWPGSLR03I8001_03 | https://images.mcmworldwide.com/i/mcmworldwide/MWPGSLR03I8001_04 | https://images.mcmworldwide.com/i/mcmworldwide/MWPGSLR03I8001_05 | https://images.mcmworldwide.com/i/mcmworldwide/MWPGSLR03I8001_06 | https://images.mcmworldwide.com/i/mcmworldwide/MWPGSLR03I8001_10 | https://images.mcmworldwide.com/i/mcmworldwide/MWPGSLR03I8001_01,https://kr.mcmworldwide.com/ko_KR/%EA%B0%80%EB%B0%A9/%ED%86%A0%ED%8A%B8%EB%B0%B1-%EC%87%BC%ED%8D%BC%EB%B0%B1/new-liz-%EB%B9%84%EC%84%B8%ED%86%A0%EC%8A%A4-%EC%87%BC%ED%8D%BC/MWPGSLR03I8001.html?cgid=bags-totes-shoppers
MWPGSLR02CO001,New Liz 비세토스 쇼퍼,,Liz,천연 나파 가죽 트리밍과 매치된 지퍼 파우치가 포함된 비세토스 모노그램 캔버스 쇼퍼백,"새로운 스타일의 New Liz. 한층 가벼워지고 부드러워진 실루엣으로 재해석된 New Liz는 자유로운 움직임을 고려해 디자인되었습니다. 길어진 가죽 스트랩이 한층 편안한 착용감을 선사하며, 참 액세서리를 더할 수 있는 D-링 디테일로 개성을 더했습니다. 탈부착 가능한 파우치는 단독 클러치로도 활용할 수 있어 낮부터 저녁까지 자연스럽게 이어지는 스타일을 완성합니다.",비세토스 모노그램 캔버스,패브릭 안감,약 17 x 30 x 35 센티미터,대한민국,cognac,M,품절,바이에른 다이아몬드에서 영감을 받은 가죽 핸들 스트랩 | 로고 브라스 플레이트 | 후크 클라스프 클로저 | 탈착 가능한 비세토스 모노그램 지퍼 파우치 | D링 디테일 | 대비되는 톤으로 완성된 스티칭 | 바닥 보호를 위한 레더 패드 | 바디:비세토스 모노그램 캔버스 | 트림: 천연 가죽 | 24K 골드 도금 브라스 하드웨어 | 패브릭 안감 | 약 17 x 30 x 35 센티미터 | 핸들 드롭: 26.5 cm | 제조국: 대한민국,https://images.mcmworldwide.com/i/mcmworldwide/MWPGSLR02CO001_01 | https://images.mcmworldwide.com/i/mcmworldwide/MWPGSLR02CO001_09 | https://images.mcmworldwide.com/i/mcmworldwide/MWPGSLR02CO001_02 | https://images.mcmworldwide.com/i/mcmworldwide/MWPGSLR02CO001_03 | https://images.mcmworldwide.com/i/mcmworldwide/MWPGSLR02CO001_04 | https://images.mcmworldwide.com/i/mcmworldwide/MWPGSLR02CO001_05 | https://images.mcmworldwide.com/i/mcmworldwide/MWPGSLR02CO001_06 | https://images.mcmworldwide.com/i/mcmworldwide/MWPGSLR02CO001_10 | https://images.mcmworldwide.com/i/mcmworldwide/MWPGSLR02CO001_11 | https://images.mcmworldwide.com/i/mcmworldwide/MWPGSLR02CO001_01 | https://images.mcmworldwide.com/i/mcmworldwide/MWPGSLR02CO001_09 | https://images.mcmworldwide.com/i/mcmworldwide/MWPGSLR02CO001_02 | https://images.mcmworldwide.com/i/mcmworldwide/MWPGSLR02CO001_03 | https://images.mcmworldwide.com/i/mcmworldwide/MWPGSLR02CO001_04 | https://images.mcmworldwide.com/i/mcmworldwide/MWPGSLR02CO001_05 | https://images.mcmworldwide.com/i/mcmworldwide/MWPGSLR02CO001_06 | https://images.mcmworldwide.com/i/mcmworldwide/MWPGSLR02CO001_10 | https://images.mcmworldwide.com/i/mcmworldwide/MWPGSLR02CO001_11 | https://images.mcmworldwide.com/i/mcmworldwide/MWPGSLR02CO001_01,https://kr.mcmworldwide.com/ko_KR/%EA%B0%80%EB%B0%A9/%ED%86%A0%ED%8A%B8%EB%B0%B1-%EC%87%BC%ED%8D%BC%EB%B0%B1/new-liz-%EB%B9%84%EC%84%B8%ED%86%A0%EC%8A%A4-%EC%87%BC%ED%8D%BC/MWPGSLR02CO001.html?cgid=bags-totes-shoppers
MWPGSLR02BK001,New Liz 비세토스 쇼퍼,,Liz,천연 나파 가죽 트리밍과 매치된 지퍼 파우치가 포함된 비세토스 모노그램 캔버스 쇼퍼백,"새로운 스타일의 New Liz. 한층 가벼워지고 부드러워진 실루엣으로 재해석된 New Liz는 자유로운 움직임을 고려해 디자인되었습니다. 길어진 가죽 스트랩이 한층 편안한 착용감을 선사하며, 참 액세서리를 더할 수 있는 D-링 디테일로 개성을 더했습니다. 탈부착 가능한 파우치는 단독 클러치로도 활용할 수 있어 낮부터 저녁까지 자연스럽게 이어지는 스타일을 완성합니다.",비세토스 모노그램 캔버스,패브릭 안감,약 17 x 30 x 35 센티미터,대한민국,black,M,품절,바이에른 다이아몬드에서 영감을 받은 가죽 핸들 스트랩 | 로고 브라스 플레이트 | 후크 클라스프 클로저 | 탈착 가능한 비세토스 모노그램 지퍼 파우치 | D링 디테일 | 대비되는 톤으로 완성된 스티칭 | 바닥 보호를 위한 레더 패드 | 바디:비세토스 모노그램 캔버스 | 트림: 천연 가죽 | 실버톤 코발트 브라스 하드웨어 | 패브릭 안감 | 약 17 x 30 x 35 센티미터 | 핸들 드롭: 26.5 cm | 제조국: 대한민국,https://images.mcmworldwide.com/i/mcmworldwide/MWPGSLR02BK001_01 | https://images.mcmworldwide.com/i/mcmworldwide/MWPGSLR02BK001_09 | https://images.mcmworldwide.com/i/mcmworldwide/MWPGSLR02BK001_02 | https://images.mcmworldwide.com/i/mcmworldwide/MWPGSLR02BK001_03 | https://images.mcmworldwide.com/i/mcmworldwide/MWPGSLR02BK001_04 | https://images.mcmworldwide.com/i/mcmworldwide/MWPGSLR02BK001_05 | https://images.mcmworldwide.com/i/mcmworldwide/MWPGSLR02BK001_06 | https://images.mcmworldwide.com/i/mcmworldwide/MWPGSLR02BK001_10 | https://images.mcmworldwide.com/i/mcmworldwide/MWPGSLR02BK001_11 | https://images.mcmworldwide.com/i/mcmworldwide/MWPGSLR02BK001_01 | https://images.mcmworldwide.com/i/mcmworldwide/MWPGSLR02BK001_09 | https://images.mcmworldwide.com/i/mcmworldwide/MWPGSLR02BK001_02 | https://images.mcmworldwide.com/i/mcmworldwide/MWPGSLR02BK001_03 | https://images.mcmworldwide.com/i/mcmworldwide/MWPGSLR02BK001_04 | https://images.mcmworldwide.com/i/mcmworldwide/MWPGSLR02BK001_05 | https://images.mcmworldwide.com/i/mcmworldwide/MWPGSLR02BK001_06 | https://images.mcmworldwide.com/i/mcmworldwide/MWPGSLR02BK001_10 | https://images.mcmworldwide.com/i/mcmworldwide/MWPGSLR02BK001_11 | https://images.mcmworldwide.com/i/mcmworldwide/MWPGSLR02BK001_01,https://kr.mcmworldwide.com/ko_KR/%EA%B0%80%EB%B0%A9/%ED%86%A0%ED%8A%B8%EB%B0%B1-%EC%87%BC%ED%8D%BC%EB%B0%B1/new-liz-%EB%B9%84%EC%84%B8%ED%86%A0%EC%8A%A4-%EC%87%BC%ED%8D%BC/MWPGSLR02BK001.html?cgid=bags-totes-shoppers
MWPGSLR02PZ001,New Liz 비세토스 쇼퍼,,Liz,천연 나파 가죽 트리밍과 매치된 지퍼 파우치가 포함된 비세토스 모노그램 캔버스 쇼퍼백,"새로운 스타일의 New Liz. 한층 가벼워지고 부드러워진 실루엣으로 재해석된 New Liz는 자유로운 움직임을 고려해 디자인되었습니다. 길어진 가죽 스트랩이 한층 편안한 착용감을 선사하며, 참 액세서리를 더할 수 있는 D-링 디테일로 개성을 더했습니다. 탈부착 가능한 파우치는 단독 클러치로도 활용할 수 있어 낮부터 저녁까지 자연스럽게 이어지는 스타일을 완성합니다.",비세토스 모노그램 캔버스,패브릭 안감,약 17 x 30 x 35 센티미터,대한민국,soft pink,M,품절,바이에른 다이아몬드에서 영감을 받은 가죽 핸들 스트랩 | 로고 브라스 플레이트 | 후크 클라스프 클로저 | 탈착 가능한 비세토스 모노그램 지퍼 파우치 | D링 디테일 | 바닥 보호를 위한 레더 패드 | 바디:비세토스 모노그램 캔버스 | 트림: 천연 가죽 | 16K 골드 도금 브라스 하드웨어 | 패브릭 안감 | 약 17 x 30 x 35 센티미터 | 핸들 드롭: 26.5 cm | 제조국: 대한민국,https://images.mcmworldwide.com/i/mcmworldwide/MWPGSLR02PZ001_01 | https://images.mcmworldwide.com/i/mcmworldwide/MWPGSLR02PZ001_09 | https://images.mcmworldwide.com/i/mcmworldwide/MWPGSLR02PZ001_02 | https://images.mcmworldwide.com/i/mcmworldwide/MWPGSLR02PZ001_03 | https://images.mcmworldwide.com/i/mcmworldwide/MWPGSLR02PZ001_04 | https://images.mcmworldwide.com/i/mcmworldwide/MWPGSLR02PZ001_05 | https://images.mcmworldwide.com/i/mcmworldwide/MWPGSLR02PZ001_06 | https://images.mcmworldwide.com/i/mcmworldwide/MWPGSLR02PZ001_10 | https://images.mcmworldwide.com/i/mcmworldwide/MWPGSLR02PZ001_11 | https://images.mcmworldwide.com/i/mcmworldwide/MWPGSLR02PZ001_01 | https://images.mcmworldwide.com/i/mcmworldwide/MWPGSLR02PZ001_09 | https://images.mcmworldwide.com/i/mcmworldwide/MWPGSLR02PZ001_02 | https://images.mcmworldwide.com/i/mcmworldwide/MWPGSLR02PZ001_03 | https://images.mcmworldwide.com/i/mcmworldwide/MWPGSLR02PZ001_04 | https://images.mcmworldwide.com/i/mcmworldwide/MWPGSLR02PZ001_05 | https://images.mcmworldwide.com/i/mcmworldwide/MWPGSLR02PZ001_06 | https://images.mcmworldwide.com/i/mcmworldwide/MWPGSLR02PZ001_10 | https://images.mcmworldwide.com/i/mcmworldwide/MWPGSLR02PZ001_11 | https://images.mcmworldwide.com/i/mcmworldwide/MWPGSLR02PZ001_01,https://kr.mcmworldwide.com/ko_KR/%EA%B0%80%EB%B0%A9/%ED%86%A0%ED%8A%B8%EB%B0%B1-%EC%87%BC%ED%8D%BC%EB%B0%B1/new-liz-%EB%B9%84%EC%84%B8%ED%86%A0%EC%8A%A4-%EC%87%BC%ED%8D%BC/MWPGSLR02PZ001.html?cgid=bags-totes-shoppers
MWPGSLR024B001,New Liz 비세토스 쇼퍼,,Liz,매칭 지퍼 파우치와 천연 나파 가죽 트림이 돋보이는 비세토스 모노그램 캔버스 쇼퍼백,"더 가볍고 부드러워진 New Liz. 움직임에 최적화된 실루엣으로 재탄생했습니다. 길어진 가죽 스트랩은 향상된 착용감을 제공하며, D-링 디테일로 개인 참을 더할 수 있습니다. 탈착 가능한 파우치는 클러치로도 활용되어 데이룩에서 이브닝룩까지 자연스럽게 어우러집니다.",비세토스 모노그램 캔버스,뮤닉 라이온 모티프가 더해진 패브릭 안감,약 17 x 30 x 35 센티미터,대한민국,cinnamon,M,품절,바이에른 다이아몬드에서 영감을 얻은 레더 핸들 스트랩 | 로고 브라스 플레이트 | 후크 잠금 장지 | 탈착 가능한 매칭되는 모노그램 지퍼 파우치 | D-ring detail for charms | Protective leather feet | 바디:비세토스 모노그램 캔버스 | 레더 트림 | 24K 골드 도금 브라스 하드웨어 | 뮤닉 라이온 모티프가 더해진 패브릭 안감 | 약 17 x 30 x 35 센티미터 | 핸들 드롭: 26.5 cm | 제조국: 대한민국,https://images.mcmworldwide.com/i/mcmworldwide/MWPGSLR024B001_01 | https://images.mcmworldwide.com/i/mcmworldwide/MWPGSLR024B001_09 | https://images.mcmworldwide.com/i/mcmworldwide/MWPGSLR024B001_02 | https://images.mcmworldwide.com/i/mcmworldwide/MWPGSLR024B001_03 | https://images.mcmworldwide.com/i/mcmworldwide/MWPGSLR024B001_04 | https://images.mcmworldwide.com/i/mcmworldwide/MWPGSLR024B001_05 | https://images.mcmworldwide.com/i/mcmworldwide/MWPGSLR024B001_06 | https://images.mcmworldwide.com/i/mcmworldwide/MWPGSLR024B001_10 | https://images.mcmworldwide.com/i/mcmworldwide/MWPGSLR024B001_11 | https://images.mcmworldwide.com/i/mcmworldwide/MWPGSLR024B001_01 | https://images.mcmworldwide.com/i/mcmworldwide/MWPGSLR024B001_09 | https://images.mcmworldwide.com/i/mcmworldwide/MWPGSLR024B001_02 | https://images.mcmworldwide.com/i/mcmworldwide/MWPGSLR024B001_03 | https://images.mcmworldwide.com/i/mcmworldwide/MWPGSLR024B001_04 | https://images.mcmworldwide.com/i/mcmworldwide/MWPGSLR024B001_05 | https://images.mcmworldwide.com/i/mcmworldwide/MWPGSLR024B001_06 | https://images.mcmworldwide.com/i/mcmworldwide/MWPGSLR024B001_10 | https://images.mcmworldwide.com/i/mcmworldwide/MWPGSLR024B001_11 | https://images.mcmworldwide.com/i/mcmworldwide/MWPGSLR024B001_01,https://kr.mcmworldwide.com/ko_KR/%EA%B0%80%EB%B0%A9/%ED%86%A0%ED%8A%B8%EB%B0%B1-%EC%87%BC%ED%8D%BC%EB%B0%B1/new-liz-%EB%B9%84%EC%84%B8%ED%86%A0%EC%8A%A4-%EC%87%BC%ED%8D%BC/MWPGSLR024B001.html?cgid=bags-totes-shoppers
MWTGABO01MT001,München 다이아몬드 자카드 토트,,,나파가죽 트림과 바이에른 다이아몬드 참 장식이 더해진 다이아몬드 모노그램 자카드 토트백,브랜드의 탄생지인 독일을 핵심 뮤즈로 삼은 이번 시즌의 München(뮌헨) 토트백은 바이에른 다이아몬드에서 영감을 받은 멀티컬러 자카드 직조 모노그램이 특징입니다. 브랜드의 시그니처 실루엣에 탈착 가능한 가죽 로고 참과 가죽 스트랩이 함께 구성되어 핸즈프리 스타일링이 가능합니다.,다이아몬드 모노그램 자카드,스웨이드 마감의 극세사 안감,약 15 x 38 x 28 센티미터,대한민국,multi,L,품절,"탈부착이 가능하며 길이 조절이 가능한 가죽 스트랩 | 가죽 탑 핸들 | 탈착 가능한 바이에른 다이아몬드 가죽 참 | 후크 잠금 장지 | 2개의 내부 슬립 포켓 | 내부 지퍼 수납공간 | 바디: 다이아몬드 모노그램 자카드 | 트림: 나파 가죽 | 24K 골드 도금 브라스 하드웨어 | 스웨이드 마감의 극세사 안감 | 약 15 x 38 x 28 센티미터 | 스트랩 길이: 103cm - 119cm, 핸들 드롭: 10cm | 제조국: 대한민국",https://images.mcmworldwide.com/i/mcmworldwide/MWTGABO01MT001_01 | https://images.mcmworldwide.com/i/mcmworldwide/MWTGABO01MT001_09 | https://images.mcmworldwide.com/i/mcmworldwide/MWTGABO01MT001_02 | https://images.mcmworldwide.com/i/mcmworldwide/MWTGABO01MT001_03 | https://images.mcmworldwide.com/i/mcmworldwide/MWTGABO01MT001_04 | https://images.mcmworldwide.com/i/mcmworldwide/MWTGABO01MT001_05 | https://images.mcmworldwide.com/i/mcmworldwide/MWTGABO01MT001_10 | https://images.mcmworldwide.com/i/mcmworldwide/MWTGABO01MT001_11 | https://images.mcmworldwide.com/i/mcmworldwide/MWTGABO01MT001_12 | https://images.mcmworldwide.com/i/mcmworldwide/MWTGABO01MT001_13 | https://images.mcmworldwide.com/i/mcmworldwide/MWTGABO01MT001_01 | https://images.mcmworldwide.com/i/mcmworldwide/MWTGABO01MT001_09 | https://images.mcmworldwide.com/i/mcmworldwide/MWTGABO01MT001_02 | https://images.mcmworldwide.com/i/mcmworldwide/MWTGABO01MT001_03 | https://images.mcmworldwide.com/i/mcmworldwide/MWTGABO01MT001_04 | https://images.mcmworldwide.com/i/mcmworldwide/MWTGABO01MT001_05 | https://images.mcmworldwide.com/i/mcmworldwide/MWTGABO01MT001_10 | https://images.mcmworldwide.com/i/mcmworldwide/MWTGABO01MT001_11 | https://images.mcmworldwide.com/i/mcmworldwide/MWTGABO01MT001_12 | https://images.mcmworldwide.com/i/mcmworldwide/MWTGABO01MT001_13,https://kr.mcmworldwide.com/ko_KR/%EA%B0%80%EB%B0%A9/%ED%86%A0%ED%8A%B8%EB%B0%B1-%EC%87%BC%ED%8D%BC%EB%B0%B1/m%C3%BCnchen-%EB%8B%A4%EC%9D%B4%EC%95%84%EB%AA%AC%EB%93%9C-%EC%9E%90%EC%B9%B4%EB%93%9C-%ED%86%A0%ED%8A%B8/MWTGABO01MT001.html?cgid=bags-totes-shoppers
MWTGSMA01BK001,Milla 스페니시 엠보스드 레더 토트,,,"뮌헨의 아이콘, 새롭게 탄생하다.","스페인산 그레인 가죽으로 완성된 아이코닉 ‘밀라’ 토트백이 클래식한 실루엣으로 새롭게 재해석되었습니다. 정교한 구조와 넉넉한 수납 공간이 조화를 이루어 우아함과 실용성을 동시에 선사하며, 로고 엠보싱 가죽 참이 세련된 포인트를 더합니다. 토트로 들거나, 함께 제공되는 스트랩을 활용해 핸즈프리 스타일로 럭셔리하게 연출할 수 있습니다.",스페인산 엠보스드 레더,스웨이드 마감의 극세사 안감,약 14 x 33 x 24 센티미터,이탈리아,black,M,품절,탈부착이 가능하며 길이 조절이 가능한 가죽 스트랩 | 가죽 탑 핸들 | 탈착 가능한 로고가 새겨진 바바리안 다이아몬드 레더 참 | 앞면의 MCM 로고 | 마그네틱 탭 클로저 | 내부 지퍼 수납공간 | 바디: 스페인산 엠보스드 레더 | 트림: 천연 나파 가죽 | 24K 골드 도금 브라스 하드웨어 | 스웨이드 마감의 극세사 안감 | 약 14 x 33 x 24 센티미터 | 제조국: 이탈리아,https://images.mcmworldwide.com/i/mcmworldwide/MWTGSMA01BK001_01 | https://images.mcmworldwide.com/i/mcmworldwide/MWTGSMA01BK001_09 | https://images.mcmworldwide.com/i/mcmworldwide/MWTGSMA01BK001_02 | https://images.mcmworldwide.com/i/mcmworldwide/MWTGSMA01BK001_03 | https://images.mcmworldwide.com/i/mcmworldwide/MWTGSMA01BK001_04 | https://images.mcmworldwide.com/i/mcmworldwide/MWTGSMA01BK001_05 | https://images.mcmworldwide.com/i/mcmworldwide/MWTGSMA01BK001_06 | https://images.mcmworldwide.com/i/mcmworldwide/MWTGSMA01BK001_10 | https://images.mcmworldwide.com/i/mcmworldwide/MWTGSMA01BK001_11 | https://images.mcmworldwide.com/i/mcmworldwide/MWTGSMA01BK001_12 | https://images.mcmworldwide.com/i/mcmworldwide/MWTGSMA01BK001_01 | https://images.mcmworldwide.com/i/mcmworldwide/MWTGSMA01BK001_09 | https://images.mcmworldwide.com/i/mcmworldwide/MWTGSMA01BK001_02 | https://images.mcmworldwide.com/i/mcmworldwide/MWTGSMA01BK001_03 | https://images.mcmworldwide.com/i/mcmworldwide/MWTGSMA01BK001_04 | https://images.mcmworldwide.com/i/mcmworldwide/MWTGSMA01BK001_05 | https://images.mcmworldwide.com/i/mcmworldwide/MWTGSMA01BK001_06 | https://images.mcmworldwide.com/i/mcmworldwide/MWTGSMA01BK001_10 | https://images.mcmworldwide.com/i/mcmworldwide/MWTGSMA01BK001_11 | https://images.mcmworldwide.com/i/mcmworldwide/MWTGSMA01BK001_12,https://kr.mcmworldwide.com/ko_KR/%EA%B0%80%EB%B0%A9/%ED%86%A0%ED%8A%B8%EB%B0%B1-%EC%87%BC%ED%8D%BC%EB%B0%B1/milla-%EC%8A%A4%ED%8E%98%EB%8B%88%EC%8B%9C-%EC%97%A0%EB%B3%B4%EC%8A%A4%EB%93%9C-%EB%A0%88%EB%8D%94-%ED%86%A0%ED%8A%B8/MWTGSMA01BK001.html?cgid=bags-totes-shoppers
MWTGSMA02BK001,Milla 스페니시 엠보스드 레더 토트,,,"뮌헨의 아이콘, 새롭게 탄생하다.","스페인산 가죽으로 완성된 ‘밀라’ 토트백이 우아함이 더해진 클래식한 실루엣으로 화려하게 귀환했습니다. 구조적으로 세심하게 나뉜 내부 수납 공간이 실용성을 극대화하며, 로고 엠보싱 가죽 참이 고급스러운 포인트를 더합니다. 토트로 연출하거나, 함께 제공되는 가죽 숄더 스트랩을 사용해 핸즈프리로도 세련되게 연출할 수 있습니다.",스페인산 엠보스드 레더,스웨이드 마감의 극세사 안감,약 11 x 25 x 18 센티미터,이탈리아,black,S,품절,탈부착이 가능하며 길이 조절이 가능한 가죽 스트랩 | 가죽 탑 핸들 | 탈착 가능한 로고가 새겨진 바바리안 다이아몬드 레더 참 | 앞면의 MCM 로고 | 마그네틱 탭 클로저 | 중앙 지퍼 포켓 | 바디: 스페인산 엠보스드 레더 | 트림: 천연 나파 가죽 | 24K 골드 도금 브라스 하드웨어 | 스웨이드 마감의 극세사 안감 | 약 11 x 25 x 18 센티미터 | 제조국: 이탈리아,https://images.mcmworldwide.com/i/mcmworldwide/MWTGSMA02BK001_01 | https://images.mcmworldwide.com/i/mcmworldwide/MWTGSMA02BK001_09 | https://images.mcmworldwide.com/i/mcmworldwide/MWTGSMA02BK001_02 | https://images.mcmworldwide.com/i/mcmworldwide/MWTGSMA02BK001_03 | https://images.mcmworldwide.com/i/mcmworldwide/MWTGSMA02BK001_04 | https://images.mcmworldwide.com/i/mcmworldwide/MWTGSMA02BK001_05 | https://images.mcmworldwide.com/i/mcmworldwide/MWTGSMA02BK001_06 | https://images.mcmworldwide.com/i/mcmworldwide/MWTGSMA02BK001_10 | https://images.mcmworldwide.com/i/mcmworldwide/MWTGSMA02BK001_11 | https://images.mcmworldwide.com/i/mcmworldwide/MWTGSMA02BK001_01 | https://images.mcmworldwide.com/i/mcmworldwide/MWTGSMA02BK001_09 | https://images.mcmworldwide.com/i/mcmworldwide/MWTGSMA02BK001_02 | https://images.mcmworldwide.com/i/mcmworldwide/MWTGSMA02BK001_03 | https://images.mcmworldwide.com/i/mcmworldwide/MWTGSMA02BK001_04 | https://images.mcmworldwide.com/i/mcmworldwide/MWTGSMA02BK001_05 | https://images.mcmworldwide.com/i/mcmworldwide/MWTGSMA02BK001_06 | https://images.mcmworldwide.com/i/mcmworldwide/MWTGSMA02BK001_10 | https://images.mcmworldwide.com/i/mcmworldwide/MWTGSMA02BK001_11 | https://images.mcmworldwide.com/i/mcmworldwide/MWTGSMA02BK001_01,https://kr.mcmworldwide.com/ko_KR/%EA%B0%80%EB%B0%A9/%ED%86%A0%ED%8A%B8%EB%B0%B1-%EC%87%BC%ED%8D%BC%EB%B0%B1/milla-%EC%8A%A4%ED%8E%98%EB%8B%88%EC%8B%9C-%EC%97%A0%EB%B3%B4%EC%8A%A4%EB%93%9C-%EB%A0%88%EB%8D%94-%ED%86%A0%ED%8A%B8/MWTGSMA02BK001.html?cgid=bags-totes-shoppers
MWTGAMA02OQ001,Milla 그레인 가죽 토트,,,뮌헨 아이콘의 재 탄생,"그레인 가죽으로 정교하게 완성된 스몰 사이즈 Milla(밀라) 토트백이 우아함을 자아내는 클래식한 윙 실루엣과 실용성을 극대화한 분리형 내부 구조를 갖추어 화려하게 귀환했습니다. 로고가 엠보싱 처리된 가죽 참이 함께 구성되어 있으며, 탑 핸들을 활용해 핸드백으로 들거나 가죽 숄더 스트랩을 연결해 숄더 스타일로도 연출할 수 있습니다.",그레인 레더,스웨이드 마감의 극세사 안감,약 11 x 25 x 18 센티미터,이탈리아,orangeade,S,품절,"탈착이 가능하며 길이 조절이 가능한 레더 스트랩 | 가죽 탑 핸들 | 탈착 가능한 바이에른 다이아몬드 가죽 로고 참 | 앞면의 MCM 로고 | 마그네틱 탭 클로저 | 내부 비세토스 모노그램 지퍼 수납공간 | 가방 바닥 보호에 도움을 주는 메탈 피트 | 바디:그레인 레더 | 24K 골드 도금 브라스 하드웨어 | 스웨이드 마감의 극세사 안감 | 약 11 x 25 x 18 센티미터 | 스트랩 길이: 104 cm - 128 cm, 핸들 드롭: 9 cm | 제조국: 이탈리아",https://images.mcmworldwide.com/i/mcmworldwide/MWTGAMA02OQ001_01 | https://images.mcmworldwide.com/i/mcmworldwide/MWTGAMA02OQ001_09 | https://images.mcmworldwide.com/i/mcmworldwide/MWTGAMA02OQ001_02 | https://images.mcmworldwide.com/i/mcmworldwide/MWTGAMA02OQ001_03 | https://images.mcmworldwide.com/i/mcmworldwide/MWTGAMA02OQ001_04 | https://images.mcmworldwide.com/i/mcmworldwide/MWTGAMA02OQ001_05 | https://images.mcmworldwide.com/i/mcmworldwide/MWTGAMA02OQ001_06 | https://images.mcmworldwide.com/i/mcmworldwide/MWTGAMA02OQ001_10 | https://images.mcmworldwide.com/i/mcmworldwide/MWTGAMA02OQ001_01 | https://images.mcmworldwide.com/i/mcmworldwide/MWTGAMA02OQ001_09 | https://images.mcmworldwide.com/i/mcmworldwide/MWTGAMA02OQ001_02 | https://images.mcmworldwide.com/i/mcmworldwide/MWTGAMA02OQ001_03 | https://images.mcmworldwide.com/i/mcmworldwide/MWTGAMA02OQ001_04 | https://images.mcmworldwide.com/i/mcmworldwide/MWTGAMA02OQ001_05 | https://images.mcmworldwide.com/i/mcmworldwide/MWTGAMA02OQ001_06 | https://images.mcmworldwide.com/i/mcmworldwide/MWTGAMA02OQ001_10,https://kr.mcmworldwide.com/ko_KR/%EA%B0%80%EB%B0%A9/%ED%86%A0%ED%8A%B8%EB%B0%B1-%EC%87%BC%ED%8D%BC%EB%B0%B1/milla-%EA%B7%B8%EB%A0%88%EC%9D%B8-%EA%B0%80%EC%A3%BD-%ED%86%A0%ED%8A%B8/MWTGAMA02OQ001.html?cgid=bags-totes-shoppers
MWTGSMA02QA001,Milla 스페니시 엠보스드 레더 토트,,,뮌헨 아이콘의 재 탄생,"스페인산 레더로 제작된 밀라 토트백이 브랜드 특유의 윙 실루엣을 기반으로 우아함을 간직한 채 더욱 견고하고 정제된 실루엣으로 돌아왔습니다. 내부는 섬세하게 구획된 구조로 기능성을 극대화했으며, 로고 엠보싱 레더 참이 포인트로 더해져 한층 완성도를 높였습니다. 토트 스타일은 물론, 레더 숄더 스트랩을 활용해 다양한 방식으로 스타일링할 수 있습니다.",스페인산 엠보스드 레더,스웨이드 마감의 극세사 안감,약 11 x 25 x 18 센티미터,이탈리아,lotus pink,S,품절,탈부착이 가능하며 길이 조절이 가능한 가죽 스트랩 | 가죽 탑 핸들 | 탈착 가능한 로고가 새겨진 바바리안 다이아몬드 레더 참 | 앞면의 MCM 로고 | 마그네틱 탭 클로저 | 중앙 지퍼 포켓 | 바디: 스페인산 엠보스드 레더 | 트림: 천연 나파 가죽 | 16K 골드 도금 메탈 하드웨어 | 스웨이드 마감의 극세사 안감 | 약 11 x 25 x 18 센티미터 | 제조국: 이탈리아,https://images.mcmworldwide.com/i/mcmworldwide/MWTGSMA02QA001_01 | https://images.mcmworldwide.com/i/mcmworldwide/MWTGSMA02QA001_09 | https://images.mcmworldwide.com/i/mcmworldwide/MWTGSMA02QA001_02 | https://images.mcmworldwide.com/i/mcmworldwide/MWTGSMA02QA001_03 | https://images.mcmworldwide.com/i/mcmworldwide/MWTGSMA02QA001_04 | https://images.mcmworldwide.com/i/mcmworldwide/MWTGSMA02QA001_05 | https://images.mcmworldwide.com/i/mcmworldwide/MWTGSMA02QA001_06 | https://images.mcmworldwide.com/i/mcmworldwide/MWTGSMA02QA001_10 | https://images.mcmworldwide.com/i/mcmworldwide/MWTGSMA02QA001_11 | https://images.mcmworldwide.com/i/mcmworldwide/MWTGSMA02QA001_12 | https://images.mcmworldwide.com/i/mcmworldwide/MWTGSMA02QA001_01 | https://images.mcmworldwide.com/i/mcmworldwide/MWTGSMA02QA001_09 | https://images.mcmworldwide.com/i/mcmworldwide/MWTGSMA02QA001_02 | https://images.mcmworldwide.com/i/mcmworldwide/MWTGSMA02QA001_03 | https://images.mcmworldwide.com/i/mcmworldwide/MWTGSMA02QA001_04 | https://images.mcmworldwide.com/i/mcmworldwide/MWTGSMA02QA001_05 | https://images.mcmworldwide.com/i/mcmworldwide/MWTGSMA02QA001_06 | https://images.mcmworldwide.com/i/mcmworldwide/MWTGSMA02QA001_10 | https://images.mcmworldwide.com/i/mcmworldwide/MWTGSMA02QA001_11 | https://images.mcmworldwide.com/i/mcmworldwide/MWTGSMA02QA001_12 | https://images.mcmworldwide.com/i/mcmworldwide/MWTGSMA02QA001_01,https://kr.mcmworldwide.com/ko_KR/%EA%B0%80%EB%B0%A9/%ED%86%A0%ED%8A%B8%EB%B0%B1-%EC%87%BC%ED%8D%BC%EB%B0%B1/milla-%EC%8A%A4%ED%8E%98%EB%8B%88%EC%8B%9C-%EC%97%A0%EB%B3%B4%EC%8A%A4%EB%93%9C-%EB%A0%88%EB%8D%94-%ED%86%A0%ED%8A%B8/MWTGSMA02QA001.html?cgid=bags-totes-shoppers
MMPGADC01BK001,Dia 카프스킨 쇼퍼,,,탈착 가능한 파우치와 바이에른 다이아몬드 프린트 패브릭 안감을 갖춘 카프스킨 레더 쇼퍼백,"바이에른 다이아몬드의 눈부신 광채는 손잡이, 패치 디자인, 내부 아트워크를 포함한 디아 쇼퍼백의 모든 면에 영감을 불어넣었습니다. 블랙 송아지 가죽으로 제작된 이 모노크롬 백은 탈부착 가능한 멀티컬러 파우치와 함께 제공됩니다.",카프 스킨 레더,다이아몬드 모노그램 프린트가 더해진 코튼 안감,약 15 x 45 x 36 센티미터,이탈리아,black,X라지,품절,가죽 핸들 스트랩 | 로고 브라스 플레이트 | 후크 잠금 장지 | 탈부착 가능한 파우치 | 바디: 카프 스킨 레더 | 24K 골드 도금 브라스 하드웨어 | 다이아몬드 모노그램 프린트가 더해진 코튼 안감 | 약 15 x 45 x 36 센티미터 | 핸들 스트랩 드롭: 22 cm | 제조국: 이탈리아,https://images.mcmworldwide.com/i/mcmworldwide/MMPGADC01BK001_01 | https://images.mcmworldwide.com/i/mcmworldwide/MMPGADC01BK001_09 | https://images.mcmworldwide.com/i/mcmworldwide/MMPGADC01BK001_02 | https://images.mcmworldwide.com/i/mcmworldwide/MMPGADC01BK001_03 | https://images.mcmworldwide.com/i/mcmworldwide/MMPGADC01BK001_04 | https://images.mcmworldwide.com/i/mcmworldwide/MMPGADC01BK001_05 | https://images.mcmworldwide.com/i/mcmworldwide/MMPGADC01BK001_06 | https://images.mcmworldwide.com/i/mcmworldwide/MMPGADC01BK001_10 | https://images.mcmworldwide.com/i/mcmworldwide/MMPGADC01BK001_11 | https://images.mcmworldwide.com/i/mcmworldwide/MMPGADC01BK001_01 | https://images.mcmworldwide.com/i/mcmworldwide/MMPGADC01BK001_09 | https://images.mcmworldwide.com/i/mcmworldwide/MMPGADC01BK001_02 | https://images.mcmworldwide.com/i/mcmworldwide/MMPGADC01BK001_03 | https://images.mcmworldwide.com/i/mcmworldwide/MMPGADC01BK001_04 | https://images.mcmworldwide.com/i/mcmworldwide/MMPGADC01BK001_05 | https://images.mcmworldwide.com/i/mcmworldwide/MMPGADC01BK001_06 | https://images.mcmworldwide.com/i/mcmworldwide/MMPGADC01BK001_10 | https://images.mcmworldwide.com/i/mcmworldwide/MMPGADC01BK001_11,https://kr.mcmworldwide.com/ko_KR/%EA%B0%80%EB%B0%A9/%ED%86%A0%ED%8A%B8%EB%B0%B1-%EC%87%BC%ED%8D%BC%EB%B0%B1/dia-%EC%B9%B4%ED%94%84%EC%8A%A4%ED%82%A8-%EC%87%BC%ED%8D%BC/MMPGADC01BK001.html?cgid=bags-totes-shoppers
MMPGSDC01CO001,Dia 비세토스 레더 믹스 쇼퍼,,비세토스,"탈착 가능한 파우치와 카프스킨 가죽 트리밍, 바바리안 다이아몬드 프린트 패브릭 안감이 돋보이는 비세토스 모노그램 캔버스 쇼퍼","보석 같은 존재감의 Dia 쇼퍼는 바바리안 다이아몬드 모티프로 완성된 세련된 디자인이 특징입니다. 뮌헨에서 영감을 받은 기하학적 감각은 카프 레더 핸들 스트랩과 가죽 패치, 그리고 내부 그래픽 아트워크에 반영되었습니다. 시그니처 Visetos 캔버스로 완성된 이 컨템포러리 쇼퍼는 탈착식 파우치를 더해 또 하나의 기능적 매력을 선보입니다.",비세토스 모노그램 캔버스,다이아몬드 그래픽 프린트가 더해진 패브릭 라이닝,약 15 x 35 x 34 센티미터,이탈리아,cognac,L,품절,카프레더 핸들 스트랩 | 로고 브라스 플레이트 | 후크 잠금 장지 | 탈부착 가능한 파우치 | 바디:비세토스 모노그램 캔버스 | 트림: 이탈리안 카프스킨 | 24K 골드 도금 브라스 하드웨어 | 다이아몬드 그래픽 프린트가 더해진 패브릭 라이닝 | 약 15 x 35 x 34 센티미터 | 핸들 드롭: 22cm | 제조국: 이탈리아,https://images.mcmworldwide.com/i/mcmworldwide/MMPGSDC01CO001_01 | https://images.mcmworldwide.com/i/mcmworldwide/MMPGSDC01CO001_09 | https://images.mcmworldwide.com/i/mcmworldwide/MMPGSDC01CO001_02 | https://images.mcmworldwide.com/i/mcmworldwide/MMPGSDC01CO001_03 | https://images.mcmworldwide.com/i/mcmworldwide/MMPGSDC01CO001_04 | https://images.mcmworldwide.com/i/mcmworldwide/MMPGSDC01CO001_05 | https://images.mcmworldwide.com/i/mcmworldwide/MMPGSDC01CO001_06 | https://images.mcmworldwide.com/i/mcmworldwide/MMPGSDC01CO001_10 | https://images.mcmworldwide.com/i/mcmworldwide/MMPGSDC01CO001_11 | https://images.mcmworldwide.com/i/mcmworldwide/MMPGSDC01CO001_01 | https://images.mcmworldwide.com/i/mcmworldwide/MMPGSDC01CO001_09 | https://images.mcmworldwide.com/i/mcmworldwide/MMPGSDC01CO001_02 | https://images.mcmworldwide.com/i/mcmworldwide/MMPGSDC01CO001_03 | https://images.mcmworldwide.com/i/mcmworldwide/MMPGSDC01CO001_04 | https://images.mcmworldwide.com/i/mcmworldwide/MMPGSDC01CO001_05 | https://images.mcmworldwide.com/i/mcmworldwide/MMPGSDC01CO001_06 | https://images.mcmworldwide.com/i/mcmworldwide/MMPGSDC01CO001_10 | https://images.mcmworldwide.com/i/mcmworldwide/MMPGSDC01CO001_11 | https://images.mcmworldwide.com/i/mcmworldwide/MMPGSDC01CO001_01,https://kr.mcmworldwide.com/ko_KR/%EA%B0%80%EB%B0%A9/%ED%86%A0%ED%8A%B8%EB%B0%B1-%EC%87%BC%ED%8D%BC%EB%B0%B1/dia-%EB%B9%84%EC%84%B8%ED%86%A0%EC%8A%A4-%EB%A0%88%EB%8D%94-%EB%AF%B9%EC%8A%A4-%EC%87%BC%ED%8D%BC/MMPGSDC01CO001.html?cgid=bags-totes-shoppers
MMPGSDC02BK001,Dia 비세토스 카프 스킨 레더 쇼퍼,,비세토스,탈착 가능한 파우치와 바바리안 다이아몬드 프린트 패브릭 안감이 돋보이는 카프스킨 가죽 쇼퍼,"뮌헨에서 영감을 받은 Dia 쇼퍼는 이탈리아산 카프스킨 레더로 완성되었으며, 바바리안 다이아몬드 모티프의 핸들 스트랩과 사이드 패치가 특징입니다. 내부에는 상징적인 아트워크가 더해졌고, 탈착식 파우치로 실용성을 한층 높였습니다.",이탈리안 카프스킨 레더,다이아몬드 그래픽 프린트가 더해진 패브릭 라이닝,약 15 x 45 x 36 센티미터,이탈리아,black,L,품절,카프레더 핸들 스트랩 | 로고 브라스 플레이트 | 후크 잠금 장지 | 탈부착 가능한 파우치 | 바디:이탈리안 카프스킨 레더 | 24K 골드 도금 브라스 하드웨어 | 다이아몬드 그래픽 프린트가 더해진 패브릭 라이닝 | 약 15 x 45 x 36 센티미터 | 핸들 드롭: 22cm | 제조국: 이탈리아,https://images.mcmworldwide.com/i/mcmworldwide/MMPGSDC02BK001_01 | https://images.mcmworldwide.com/i/mcmworldwide/MMPGSDC02BK001_09 | https://images.mcmworldwide.com/i/mcmworldwide/MMPGSDC02BK001_02 | https://images.mcmworldwide.com/i/mcmworldwide/MMPGSDC02BK001_03 | https://images.mcmworldwide.com/i/mcmworldwide/MMPGSDC02BK001_04 | https://images.mcmworldwide.com/i/mcmworldwide/MMPGSDC02BK001_05 | https://images.mcmworldwide.com/i/mcmworldwide/MMPGSDC02BK001_06 | https://images.mcmworldwide.com/i/mcmworldwide/MMPGSDC02BK001_10 | https://images.mcmworldwide.com/i/mcmworldwide/MMPGSDC02BK001_11 | https://images.mcmworldwide.com/i/mcmworldwide/MMPGSDC02BK001_12 | https://images.mcmworldwide.com/i/mcmworldwide/MMPGSDC02BK001_01 | https://images.mcmworldwide.com/i/mcmworldwide/MMPGSDC02BK001_09 | https://images.mcmworldwide.com/i/mcmworldwide/MMPGSDC02BK001_02 | https://images.mcmworldwide.com/i/mcmworldwide/MMPGSDC02BK001_03 | https://images.mcmworldwide.com/i/mcmworldwide/MMPGSDC02BK001_04 | https://images.mcmworldwide.com/i/mcmworldwide/MMPGSDC02BK001_05 | https://images.mcmworldwide.com/i/mcmworldwide/MMPGSDC02BK001_06 | https://images.mcmworldwide.com/i/mcmworldwide/MMPGSDC02BK001_10 | https://images.mcmworldwide.com/i/mcmworldwide/MMPGSDC02BK001_11 | https://images.mcmworldwide.com/i/mcmworldwide/MMPGSDC02BK001_12 | https://images.mcmworldwide.com/i/mcmworldwide/MMPGSDC02BK001_01,https://kr.mcmworldwide.com/ko_KR/%EA%B0%80%EB%B0%A9/%ED%86%A0%ED%8A%B8%EB%B0%B1-%EC%87%BC%ED%8D%BC%EB%B0%B1/dia-%EB%B9%84%EC%84%B8%ED%86%A0%EC%8A%A4-%EC%B9%B4%ED%94%84-%EC%8A%A4%ED%82%A8-%EB%A0%88%EB%8D%94-%EC%87%BC%ED%8D%BC/MMPGSDC02BK001.html?cgid=bags-totes-shoppers
MWPGSMT04QA001,Toni 맥시 모노그램 레더 탑 지퍼 쇼퍼,,Toni,엠보싱 처리된 맥시 비세토스 모노그램 모티프의 천연 풀그레인 가죽 쇼퍼 백,"이탈리아산 천연 풀그레인 가죽으로 제작된 토니 쇼퍼 백은 시그니처 비세토스 모노그램을 확장된 스케일로 표현해 뮌헨 하우스의 유산을 현대적으로 재해석했습니다. 부드러운 핸들로 토트 스타일 연출은 물론, 가죽 스트랩을 활용해 보다 자유로운 스타일링이 가능합니다.",천연 풀 그레인 레더,스웨이드 마감의 극세사 안감,약 9 x 19 x 19 센티미터,이탈리아,lotus pink,S,품절,"탈부착이 가능하며 길이 조절이 가능한 가죽 스트랩 | 가죽 탑 핸들 | 엠보싱 처리된 맥시 모노그램 모티프 | 지퍼 클로저 | 가죽 패치가 더해진 내부 포켓 | 바디: 천연 풀 그레인 레더 | 16K 골드 도금 메탈 하드웨어 | 스웨이드 마감의 극세사 안감 | 약 9 x 19 x 19 센티미터 | 스트랩 길이: 108 cm - 132 cm, 핸들 드롭: 10.5 cm | 제조국: 이탈리아",https://images.mcmworldwide.com/i/mcmworldwide/MWPGSMT04QA001_01 | https://images.mcmworldwide.com/i/mcmworldwide/MWPGSMT04QA001_09 | https://images.mcmworldwide.com/i/mcmworldwide/MWPGSMT04QA001_02 | https://images.mcmworldwide.com/i/mcmworldwide/MWPGSMT04QA001_03 | https://images.mcmworldwide.com/i/mcmworldwide/MWPGSMT04QA001_04 | https://images.mcmworldwide.com/i/mcmworldwide/MWPGSMT04QA001_05 | https://images.mcmworldwide.com/i/mcmworldwide/MWPGSMT04QA001_10 | https://images.mcmworldwide.com/i/mcmworldwide/MWPGSMT04QA001_11 | https://images.mcmworldwide.com/i/mcmworldwide/MWPGSMT04QA001_01 | https://images.mcmworldwide.com/i/mcmworldwide/MWPGSMT04QA001_09 | https://images.mcmworldwide.com/i/mcmworldwide/MWPGSMT04QA001_02 | https://images.mcmworldwide.com/i/mcmworldwide/MWPGSMT04QA001_03 | https://images.mcmworldwide.com/i/mcmworldwide/MWPGSMT04QA001_04 | https://images.mcmworldwide.com/i/mcmworldwide/MWPGSMT04QA001_05 | https://images.mcmworldwide.com/i/mcmworldwide/MWPGSMT04QA001_10 | https://images.mcmworldwide.com/i/mcmworldwide/MWPGSMT04QA001_11,https://kr.mcmworldwide.com/ko_KR/%EA%B0%80%EB%B0%A9/%ED%86%A0%ED%8A%B8%EB%B0%B1-%EC%87%BC%ED%8D%BC%EB%B0%B1/toni-%EB%A7%A5%EC%8B%9C-%EB%AA%A8%EB%85%B8%EA%B7%B8%EB%9E%A8-%EB%A0%88%EB%8D%94-%ED%83%91-%EC%A7%80%ED%8D%BC-%EC%87%BC%ED%8D%BC/MWPGSMT04QA001.html?cgid=bags-totes-shoppers
MWPGSMT02WT001,Toni 비세토스 탑 지퍼 쇼퍼,,Toni,나파 가죽 트림과 레더 스트랩이 더해진 비세토스 모노그램 캔버스 쇼퍼백,"비세토스 캔버스와 가죽으로 완성된 미니 Toni 쇼퍼. 기하학적 디자인이 시각적인 개성과 실용성을 동시에 구현합니다. 상단 지퍼 클로저가 더해졌으며, 마이크로파이버 스웨이드 안감은 고급스러운 내부 공간을 제공하며 소지품을 안전하게 보관하도록 도와줍니다.",비세토스 모노그램 캔버스,스웨이드 마감의 극세사 안감,약 10 x 19 x 19 센티미터,대한민국,white,미니,품절,"탈부착이 가능하며 길이 조절이 가능한 가죽 스트랩 | 가죽 탑 핸들 | 로고 브라스 플레이트 | 탑 지퍼 클로저 | 가죽 패치가 더해진 내부 슬립 포켓 | 참을 달 수 있는 D링 디테일 | 바디:비세토스 모노그램 캔버스 | 트림: 나파 가죽 | 실버톤 코발트 브라스 하드웨어 | 스웨이드 마감의 극세사 안감 | 약 10 x 19 x 19 센티미터 | 스트랩 길이: 108 cm - 132 cm, 핸들 드롭: 11 cm | 제조국: 대한민국",https://images.mcmworldwide.com/i/mcmworldwide/MWPGSMT02WT001_01 | https://images.mcmworldwide.com/i/mcmworldwide/MWPGSMT02WT001_09 | https://images.mcmworldwide.com/i/mcmworldwide/MWPGSMT02WT001_02 | https://images.mcmworldwide.com/i/mcmworldwide/MWPGSMT02WT001_03 | https://images.mcmworldwide.com/i/mcmworldwide/MWPGSMT02WT001_04 | https://images.mcmworldwide.com/i/mcmworldwide/MWPGSMT02WT001_05 | https://images.mcmworldwide.com/i/mcmworldwide/MWPGSMT02WT001_10 | https://images.mcmworldwide.com/i/mcmworldwide/MWPGSMT02WT001_01 | https://images.mcmworldwide.com/i/mcmworldwide/MWPGSMT02WT001_09 | https://images.mcmworldwide.com/i/mcmworldwide/MWPGSMT02WT001_02 | https://images.mcmworldwide.com/i/mcmworldwide/MWPGSMT02WT001_03 | https://images.mcmworldwide.com/i/mcmworldwide/MWPGSMT02WT001_04 | https://images.mcmworldwide.com/i/mcmworldwide/MWPGSMT02WT001_05 | https://images.mcmworldwide.com/i/mcmworldwide/MWPGSMT02WT001_10 | https://images.mcmworldwide.com/i/mcmworldwide/MWPGSMT02WT001_01,https://kr.mcmworldwide.com/ko_KR/%EA%B0%80%EB%B0%A9/%ED%86%A0%ED%8A%B8%EB%B0%B1-%EC%87%BC%ED%8D%BC%EB%B0%B1/toni-%EB%B9%84%EC%84%B8%ED%86%A0%EC%8A%A4-%ED%83%91-%EC%A7%80%ED%8D%BC-%EC%87%BC%ED%8D%BC/MWPGSMT02WT001.html?cgid=bags-totes-shoppers
MWPGSMT024B001,Toni 비세토스 탑 지퍼 쇼퍼,,Toni,가죽 트림과 레더 스트랩이 돋보이는 비세토스 모노그램 캔버스 쇼퍼백,"시나몬 비세토스 캔버스와 가죽으로 완성된 미니 Toni 쇼퍼. 기하학적 디자인이 시각적인 개성과 실용성을 동시에 구현합니다. 상단 지퍼 클로저가 더해졌으며, 마이크로파이버 스웨이드 안감은 고급스러운 내부 공간을 제공하며 소지품을 안전하게 보관하도록 도와줍니다.",비세토스 모노그램 캔버스,스웨이드 마감의 극세사 안감,약 10 x 19 x 19 센티미터,대한민국,cinnamon,미니,품절,"탈부착이 가능하며 길이 조절이 가능한 가죽 스트랩 | 가죽 탑 핸들 | 로고 브라스 플레이트 | 탑 지퍼 클로저 | Interior slip pocket with leather patch | D-ring detail for charms | 바디:비세토스 모노그램 캔버스 | 레더 트림 | 24K 골드 도금 브라스 하드웨어 | 스웨이드 마감의 극세사 안감 | 약 10 x 19 x 19 센티미터 | 스트랩 길이: 102cm - 128cm, 핸들 길이 11cm | 제조국: 대한민국",https://images.mcmworldwide.com/i/mcmworldwide/MWPGSMT024B001_01 | https://images.mcmworldwide.com/i/mcmworldwide/MWPGSMT024B001_09 | https://images.mcmworldwide.com/i/mcmworldwide/MWPGSMT024B001_02 | https://images.mcmworldwide.com/i/mcmworldwide/MWPGSMT024B001_03 | https://images.mcmworldwide.com/i/mcmworldwide/MWPGSMT024B001_04 | https://images.mcmworldwide.com/i/mcmworldwide/MWPGSMT024B001_05 | https://images.mcmworldwide.com/i/mcmworldwide/MWPGSMT024B001_10 | https://images.mcmworldwide.com/i/mcmworldwide/MWPGSMT024B001_01 | https://images.mcmworldwide.com/i/mcmworldwide/MWPGSMT024B001_09 | https://images.mcmworldwide.com/i/mcmworldwide/MWPGSMT024B001_02 | https://images.mcmworldwide.com/i/mcmworldwide/MWPGSMT024B001_03 | https://images.mcmworldwide.com/i/mcmworldwide/MWPGSMT024B001_04 | https://images.mcmworldwide.com/i/mcmworldwide/MWPGSMT024B001_05 | https://images.mcmworldwide.com/i/mcmworldwide/MWPGSMT024B001_10 | https://images.mcmworldwide.com/i/mcmworldwide/MWPGSMT024B001_01,https://kr.mcmworldwide.com/ko_KR/%EA%B0%80%EB%B0%A9/%ED%86%A0%ED%8A%B8%EB%B0%B1-%EC%87%BC%ED%8D%BC%EB%B0%B1/toni-%EB%B9%84%EC%84%B8%ED%86%A0%EC%8A%A4-%ED%83%91-%EC%A7%80%ED%8D%BC-%EC%87%BC%ED%8D%BC/MWPGSMT024B001.html?cgid=bags-totes-shoppers
MWPGSMT04BK001,Toni 맥시 모노그램 레더 탑 지퍼 쇼퍼,,Toni,엠보싱 처리된 맥시 비세토스 모노그램 모티프가 돋보이는 내추럴 풀그레인 레더 쇼퍼,"이탈리아산 풀그레인 레더로 정교하게 제작된 Toni 쇼퍼는 시그니처 비세토스 모노그램의 업스케일 버전으로 뮌헨 하우스의 유서 깊은 헤리티지를 담았습니다. 부드러운 핸들을 이용해 토트로 연출하거나, 함께 제공되는 레더 스트랩을 사용하여 숄더백으로 연출, 다양한 룩을 완성할 수 있습니다.",천연 풀 그레인 레더,스웨이드 마감의 극세사 안감,약 9 x 19 x 19 센티미터,이탈리아,black,미니,품절,"탈부착이 가능하며 길이 조절이 가능한 가죽 스트랩 | 가죽 탑 핸들 | 엠보싱 처리된 맥시 모노그램 모티프 | 지퍼 클로저 | 가죽 패치가 더해진 내부 포켓 | 바디: 천연 풀 그레인 레더 | 실버톤 코발트 브라스 하드웨어 | 스웨이드 마감의 극세사 안감 | 약 9 x 19 x 19 센티미터 | 스트랩 길이: 108 cm - 132 cm, 핸들 드롭: 10.5 cm | 제조국: 이탈리아",https://images.mcmworldwide.com/i/mcmworldwide/MWPGSMT04BK001_01 | https://images.mcmworldwide.com/i/mcmworldwide/MWPGSMT04BK001_09 | https://images.mcmworldwide.com/i/mcmworldwide/MWPGSMT04BK001_02 | https://images.mcmworldwide.com/i/mcmworldwide/MWPGSMT04BK001_03 | https://images.mcmworldwide.com/i/mcmworldwide/MWPGSMT04BK001_04 | https://images.mcmworldwide.com/i/mcmworldwide/MWPGSMT04BK001_05 | https://images.mcmworldwide.com/i/mcmworldwide/MWPGSMT04BK001_10 | https://images.mcmworldwide.com/i/mcmworldwide/MWPGSMT04BK001_11 | https://images.mcmworldwide.com/i/mcmworldwide/MWPGSMT04BK001_12 | https://images.mcmworldwide.com/i/mcmworldwide/MWPGSMT04BK001_01 | https://images.mcmworldwide.com/i/mcmworldwide/MWPGSMT04BK001_09 | https://images.mcmworldwide.com/i/mcmworldwide/MWPGSMT04BK001_02 | https://images.mcmworldwide.com/i/mcmworldwide/MWPGSMT04BK001_03 | https://images.mcmworldwide.com/i/mcmworldwide/MWPGSMT04BK001_04 | https://images.mcmworldwide.com/i/mcmworldwide/MWPGSMT04BK001_05 | https://images.mcmworldwide.com/i/mcmworldwide/MWPGSMT04BK001_10 | https://images.mcmworldwide.com/i/mcmworldwide/MWPGSMT04BK001_11 | https://images.mcmworldwide.com/i/mcmworldwide/MWPGSMT04BK001_12,https://kr.mcmworldwide.com/ko_KR/%EA%B0%80%EB%B0%A9/%ED%86%A0%ED%8A%B8%EB%B0%B1-%EC%87%BC%ED%8D%BC%EB%B0%B1/toni-%EB%A7%A5%EC%8B%9C-%EB%AA%A8%EB%85%B8%EA%B7%B8%EB%9E%A8-%EB%A0%88%EB%8D%94-%ED%83%91-%EC%A7%80%ED%8D%BC-%EC%87%BC%ED%8D%BC/MWPGSMT04BK001.html?cgid=bags-totes-shoppers
MWPFAMT08K8001,Toni 비세토스 탑 지퍼 쇼퍼,,Toni,뛰어난 활용성을 자랑하는 다재다능한 컴팩트 쇼퍼백,시그니처 비세토스 캔버스와 천연 가죽으로 제작된 미니 Toni 쇼퍼백은 클래식한 우아함과 실용성을 겸비합니다. 부드러운 마이크로파이버 스웨이드 안감과 뮌헨의 바이에른 다이아몬드에서 영감을 받은 가죽 패치 장식은 하우스의 뛰어난 장인정신과 세심한 디테일을 담아 정교하게 표현되었습니다.,탈부착이 가능하며 길이 조절이 가능한 가죽 크로스바디 스트랩,스웨이드 마감의 극세사 안감,약 10 x 19 x 19 센티미터,대한민국,khaki moss,미니,품절,"탈부착이 가능하며 길이 조절이 가능한 가죽 크로스바디 스트랩 | D링 디테일이 더해진 가죽 탑 핸들 | 로고 브라스 플레이트 | 탑 지퍼 클로저 | 내부 포켓과 가죽 다이아몬드 패치 | 바디:비세토스 모노그램 캔버스 | 트림:천연 가죽 | 실버톤 코발트 메탈 하드웨어 | 스웨이드 마감의 극세사 안감 | 약 10 x 19 x 19 센티미터 | 스트랩 길이: 102cm - 128cm, 핸들 길이 11cm | 제조국: 대한민국",https://images.mcmworldwide.com/i/mcmworldwide/MWPFAMT08K8001_01 | https://images.mcmworldwide.com/i/mcmworldwide/MWPFAMT08K8001_09 | https://images.mcmworldwide.com/i/mcmworldwide/MWPFAMT08K8001_02 | https://images.mcmworldwide.com/i/mcmworldwide/MWPFAMT08K8001_03 | https://images.mcmworldwide.com/i/mcmworldwide/MWPFAMT08K8001_04 | https://images.mcmworldwide.com/i/mcmworldwide/MWPFAMT08K8001_10 | https://images.mcmworldwide.com/i/mcmworldwide/MWPFAMT08K8001_01 | https://images.mcmworldwide.com/i/mcmworldwide/MWPFAMT08K8001_09 | https://images.mcmworldwide.com/i/mcmworldwide/MWPFAMT08K8001_02 | https://images.mcmworldwide.com/i/mcmworldwide/MWPFAMT08K8001_03 | https://images.mcmworldwide.com/i/mcmworldwide/MWPFAMT08K8001_04 | https://images.mcmworldwide.com/i/mcmworldwide/MWPFAMT08K8001_10 | https://images.mcmworldwide.com/i/mcmworldwide/MWPFAMT08K8001_01,https://kr.mcmworldwide.com/ko_KR/%EA%B0%80%EB%B0%A9/%ED%86%A0%ED%8A%B8%EB%B0%B1-%EC%87%BC%ED%8D%BC%EB%B0%B1/toni-%EB%B9%84%EC%84%B8%ED%86%A0%EC%8A%A4-%ED%83%91-%EC%A7%80%ED%8D%BC-%EC%87%BC%ED%8D%BC/MWPFAMT08K8001.html?cgid=bags-totes-shoppers
MWPFSMT06PZ001,Toni 비세토스 상단 지퍼 쇼퍼,,Toni,가죽 크로스바디 스트랩과 천연 나파 가죽 트림이 있는 비세토스 모노그램 캔버스 쇼퍼,토니 쇼퍼의 독특한 기하학적 디자인은 소프트 핑크 컬러의 우아함으로 표현됩니다. 부드러운 가죽 손잡이와 조절 가능한 가죽 스트랩으로 두 가지 스타일로 착용 가능.,비세토스 모노그램 캔버스,패브릭 안감.,약 10 x 19 x 19 센티미터,대한민국,soft pink,미니,품절,"탈부착 및 조절 가능한 가죽 스트랩 | 가죽 손잡이 부분 | MCM 로고 플레이트. | 뒷면 외부 포켓 | 지퍼 클로저 | 내부 포켓 및 지퍼 수납 공간. | 바디: 비세토스 모노그램 캔버스 | 트림: 천연 나파 가죽 | 18K 금 도금 메탈 하드웨어 | 패브릭 안감. | 약 10 x 19 x 19 센티미터 | 스트랩 길이: 98cm ~ 114cm, 핸들 드롭: 10cm | 제조국: 대한민국",https://images.mcmworldwide.com/i/mcmworldwide/MWPFSMT06PZ001_01 | https://images.mcmworldwide.com/i/mcmworldwide/MWPFSMT06PZ001_09 | https://images.mcmworldwide.com/i/mcmworldwide/MWPFSMT06PZ001_02 | https://images.mcmworldwide.com/i/mcmworldwide/MWPFSMT06PZ001_03 | https://images.mcmworldwide.com/i/mcmworldwide/MWPFSMT06PZ001_04 | https://images.mcmworldwide.com/i/mcmworldwide/MWPFSMT06PZ001_10 | https://images.mcmworldwide.com/i/mcmworldwide/MWPFSMT06PZ001_01 | https://images.mcmworldwide.com/i/mcmworldwide/MWPFSMT06PZ001_09 | https://images.mcmworldwide.com/i/mcmworldwide/MWPFSMT06PZ001_02 | https://images.mcmworldwide.com/i/mcmworldwide/MWPFSMT06PZ001_03 | https://images.mcmworldwide.com/i/mcmworldwide/MWPFSMT06PZ001_04 | https://images.mcmworldwide.com/i/mcmworldwide/MWPFSMT06PZ001_10 | https://images.mcmworldwide.com/i/mcmworldwide/MWPFSMT06PZ001_01,https://kr.mcmworldwide.com/ko_KR/%EA%B0%80%EB%B0%A9/%ED%86%A0%ED%8A%B8%EB%B0%B1-%EC%87%BC%ED%8D%BC%EB%B0%B1/toni-%EB%B9%84%EC%84%B8%ED%86%A0%EC%8A%A4-%EC%83%81%EB%8B%A8-%EC%A7%80%ED%8D%BC-%EC%87%BC%ED%8D%BC/MWPFSMT06PZ001.html?cgid=bags-totes-shoppers
MWPAATN04I8001,Toni 비세토스 상단 지퍼 쇼퍼,,Toni,포함된 가죽 스트랩을 활용해 핸즈프리로 착용할 수 있는 탁월한 활용성의 컴팩트한 쇼퍼.,나파 가죽 트림과 시그니처 비세토스 캔버스로 제작되었으며 개성 있고 실용적이며 기하학적 형태가 돋보이는 미니 토니 쇼퍼입니다. 고급스러운 코튼 캔버스 내부에 상단 지퍼 클로저로 소지품을 안전하게 보관할 수 있으며 하우스의 메트로폴리탄 정신에서 영감을 받은 그래픽 프린트가 돋보입니다.,,코튼 캔버스 안감.,약 10 x 19 x 19 센티미터,대한민국,beige + black,미니,품절,"탈부착 및 조절 가능한 가죽 스트랩 | 가죽 손잡이 부분 | 외부 포켓 | 상단 지퍼 클로저 | 내부 지퍼 포켓 및 슬립 포켓 | 참을 달 수 있는 D링 | 비세토스 모노그램 코티드 캔버스 | 나파 가죽 트림 | 24K 도금 브라스 금속 장식 | 코튼 캔버스 안감. | 약 10 x 19 x 19 센티미터 | 스트랩 길이: 98cm ~ 114cm, 핸들 드롭: 10cm | 제조국: 대한민국",https://images.mcmworldwide.com/i/mcmworldwide/MWPAATN04I8001_01 | https://images.mcmworldwide.com/i/mcmworldwide/MWPAATN04I8001_09 | https://images.mcmworldwide.com/i/mcmworldwide/MWPAATN04I8001_02 | https://images.mcmworldwide.com/i/mcmworldwide/MWPAATN04I8001_03 | https://images.mcmworldwide.com/i/mcmworldwide/MWPAATN04I8001_04 | https://images.mcmworldwide.com/i/mcmworldwide/MWPAATN04I8001_10 | https://images.mcmworldwide.com/i/mcmworldwide/MWPAATN04I8001_01 | https://images.mcmworldwide.com/i/mcmworldwide/MWPAATN04I8001_09 | https://images.mcmworldwide.com/i/mcmworldwide/MWPAATN04I8001_02 | https://images.mcmworldwide.com/i/mcmworldwide/MWPAATN04I8001_03 | https://images.mcmworldwide.com/i/mcmworldwide/MWPAATN04I8001_04 | https://images.mcmworldwide.com/i/mcmworldwide/MWPAATN04I8001_10 | https://images.mcmworldwide.com/i/mcmworldwide/MWPAATN04I8001_01,https://kr.mcmworldwide.com/ko_KR/%EA%B0%80%EB%B0%A9/%ED%86%A0%ED%8A%B8%EB%B0%B1-%EC%87%BC%ED%8D%BC%EB%B0%B1/toni-%EB%B9%84%EC%84%B8%ED%86%A0%EC%8A%A4-%EC%83%81%EB%8B%A8-%EC%A7%80%ED%8D%BC-%EC%87%BC%ED%8D%BC/MWPAATN04I8001.html?cgid=bags-totes-shoppers
MWPAATN04BK001,Toni 비세토스 상단 지퍼 쇼퍼,,Toni,포함된 가죽 스트랩을 활용해 핸즈프리로 착용할 수 있는 탁월한 활용성의 컴팩트한 쇼퍼.,나파 가죽 트림과 시그니처 비세토스 코티드 캔버스로 제작되었으며 독특하고 실용적이며 기하학적 형태가 돋보이는 미니 토니 쇼퍼입니다. 상단 지퍼 클로저는 스트리트 헤리티지를 담은 인테리어 프린트가 더해진 고급 코튼 캔버스 내부에 소지품을 안전하게 보관해 줍니다.,,코튼 캔버스 안감.,약 10 x 19 x 19 센티미터,대한민국,black,미니,품절,외부 뒷면 슬립 포켓 | 상단 지퍼 클로저 | 내부 지퍼 포켓 및 슬립 포켓 | 외부의 D-링 디테일 | 참을 달 수 있는 D링 | 비세토스 모노그램 코티드 캔버스 | 나파 가죽 트림 | 실버 톤 코발트 메탈 하드웨어. | 코튼 캔버스 안감. | 약 10 x 19 x 19 센티미터 | 스트랩 길이: 98cm~114cm | 제조국: 대한민국,https://images.mcmworldwide.com/i/mcmworldwide/MWPAATN04BK001_01 | https://images.mcmworldwide.com/i/mcmworldwide/MWPAATN04BK001_09 | https://images.mcmworldwide.com/i/mcmworldwide/MWPAATN04BK001_02 | https://images.mcmworldwide.com/i/mcmworldwide/MWPAATN04BK001_03 | https://images.mcmworldwide.com/i/mcmworldwide/MWPAATN04BK001_04 | https://images.mcmworldwide.com/i/mcmworldwide/MWPAATN04BK001_10 | https://images.mcmworldwide.com/i/mcmworldwide/MWPAATN04BK001_01 | https://images.mcmworldwide.com/i/mcmworldwide/MWPAATN04BK001_09 | https://images.mcmworldwide.com/i/mcmworldwide/MWPAATN04BK001_02 | https://images.mcmworldwide.com/i/mcmworldwide/MWPAATN04BK001_03 | https://images.mcmworldwide.com/i/mcmworldwide/MWPAATN04BK001_04 | https://images.mcmworldwide.com/i/mcmworldwide/MWPAATN04BK001_10 | https://images.mcmworldwide.com/i/mcmworldwide/MWPAATN04BK001_01,https://kr.mcmworldwide.com/ko_KR/%EA%B0%80%EB%B0%A9/%ED%86%A0%ED%8A%B8%EB%B0%B1-%EC%87%BC%ED%8D%BC%EB%B0%B1/toni-%EB%B9%84%EC%84%B8%ED%86%A0%EC%8A%A4-%EC%83%81%EB%8B%A8-%EC%A7%80%ED%8D%BC-%EC%87%BC%ED%8D%BC/MWPAATN04BK001.html?cgid=bags-totes-shoppers
MWPAATN04CO001,Toni 비세토스 상단 지퍼 쇼퍼,,Toni,포함된 가죽 스트랩을 활용해 핸즈프리로 착용할 수 있는 탁월한 활용성의 컴팩트한 쇼퍼.,나파 가죽 트림과 시그니처 비세토스 코티드 캔버스로 제작되었으며 독특하고 실용적이며 기하학적 형태가 돋보이는 미니 토니 쇼퍼입니다. 상단 지퍼 클로저는 스트리트 헤리티지를 담은 인테리어 프린트가 더해진 고급 코튼 캔버스 내부에 소지품을 안전하게 보관해 줍니다.,,코튼 캔버스 안감.,약 10 x 19 x 19 센티미터,대한민국,cognac,미니,품절,외부 뒷면 슬립 포켓 | 상단 지퍼 클로저 | 내부 지퍼 포켓 및 슬립 포켓 | 참을 달 수 있는 D링 | 비세토스 모노그램 코티드 캔버스 | 나파 가죽 트림 | 24K 도금 메탈 금속 장식 | 코튼 캔버스 안감. | 약 10 x 19 x 19 센티미터 | 스트랩 길이: 98cm~114cm | 제조국: 대한민국,https://images.mcmworldwide.com/i/mcmworldwide/MWPAATN04CO001_01 | https://images.mcmworldwide.com/i/mcmworldwide/MWPAATN04CO001_09 | https://images.mcmworldwide.com/i/mcmworldwide/MWPAATN04CO001_02 | https://images.mcmworldwide.com/i/mcmworldwide/MWPAATN04CO001_03 | https://images.mcmworldwide.com/i/mcmworldwide/MWPAATN04CO001_04 | https://images.mcmworldwide.com/i/mcmworldwide/MWPAATN04CO001_05 | https://images.mcmworldwide.com/i/mcmworldwide/MWPAATN04CO001_06 | https://images.mcmworldwide.com/i/mcmworldwide/MWPAATN04CO001_10 | https://images.mcmworldwide.com/i/mcmworldwide/MWPAATN04CO001_01 | https://images.mcmworldwide.com/i/mcmworldwide/MWPAATN04CO001_09 | https://images.mcmworldwide.com/i/mcmworldwide/MWPAATN04CO001_02 | https://images.mcmworldwide.com/i/mcmworldwide/MWPAATN04CO001_03 | https://images.mcmworldwide.com/i/mcmworldwide/MWPAATN04CO001_04 | https://images.mcmworldwide.com/i/mcmworldwide/MWPAATN04CO001_05 | https://images.mcmworldwide.com/i/mcmworldwide/MWPAATN04CO001_06 | https://images.mcmworldwide.com/i/mcmworldwide/MWPAATN04CO001_10 | https://images.mcmworldwide.com/i/mcmworldwide/MWPAATN04CO001_01,https://kr.mcmworldwide.com/ko_KR/%EA%B0%80%EB%B0%A9/%ED%86%A0%ED%8A%B8%EB%B0%B1-%EC%87%BC%ED%8D%BC%EB%B0%B1/toni-%EB%B9%84%EC%84%B8%ED%86%A0%EC%8A%A4-%EC%83%81%EB%8B%A8-%EC%A7%80%ED%8D%BC-%EC%87%BC%ED%8D%BC/MWPAATN04CO001.html?cgid=bags-totes-shoppers
MWPFSMT03PZ001,Toni 비세토스 상단 지퍼 쇼퍼,,Toni,가죽 크로스바디 스트랩과 천연 나파 가죽 트림이 있는 비세토스 모노그램 캔버스 쇼퍼,토니 쇼퍼의 독특한 기하학적 디자인은 소프트 핑크 컬러의 우아함으로 표현됩니다. 부드러운 가죽 손잡이와 조절 가능한 가죽 스트랩으로 두 가지 스타일로 착용 가능.,비세토스 모노그램 캔버스,패브릭 안감.,약 9 x 16 x 14 센티미터,대한민국,soft pink,엑스트라 미니,품절,"탈부착 및 조절 가능한 가죽 스트랩 | 가죽 손잡이 부분 | MCM 로고 플레이트. | 뒷면 외부 포켓 | 지퍼 클로저 | 내부 포켓 및 카드 슬롯 | 바디: 비세토스 모노그램 캔버스 | 트림: 천연 나파 가죽 | 18K 금 도금 메탈 하드웨어 | 패브릭 안감. | 약 9 x 16 x 14 센티미터 | 스트랩 길이: 100cm ~ 126cm, 핸들 드롭: 9cm | 제조국: 대한민국",https://images.mcmworldwide.com/i/mcmworldwide/MWPFSMT03PZ001_01 | https://images.mcmworldwide.com/i/mcmworldwide/MWPFSMT03PZ001_09 | https://images.mcmworldwide.com/i/mcmworldwide/MWPFSMT03PZ001_02 | https://images.mcmworldwide.com/i/mcmworldwide/MWPFSMT03PZ001_03 | https://images.mcmworldwide.com/i/mcmworldwide/MWPFSMT03PZ001_04 | https://images.mcmworldwide.com/i/mcmworldwide/MWPFSMT03PZ001_10 | https://images.mcmworldwide.com/i/mcmworldwide/MWPFSMT03PZ001_01 | https://images.mcmworldwide.com/i/mcmworldwide/MWPFSMT03PZ001_09 | https://images.mcmworldwide.com/i/mcmworldwide/MWPFSMT03PZ001_02 | https://images.mcmworldwide.com/i/mcmworldwide/MWPFSMT03PZ001_03 | https://images.mcmworldwide.com/i/mcmworldwide/MWPFSMT03PZ001_04 | https://images.mcmworldwide.com/i/mcmworldwide/MWPFSMT03PZ001_10 | https://images.mcmworldwide.com/i/mcmworldwide/MWPFSMT03PZ001_01,https://kr.mcmworldwide.com/ko_KR/%EA%B0%80%EB%B0%A9/%ED%86%A0%ED%8A%B8%EB%B0%B1-%EC%87%BC%ED%8D%BC%EB%B0%B1/toni-%EB%B9%84%EC%84%B8%ED%86%A0%EC%8A%A4-%EC%83%81%EB%8B%A8-%EC%A7%80%ED%8D%BC-%EC%87%BC%ED%8D%BC/MWPFSMT03PZ001.html?cgid=bags-totes-shoppers
MWPFSMT03BK001,Toni 비세토스 탑 지퍼 숄더,,Toni,가죽 크로스바디 스트랩과 천연 나파 가죽 트림이 더해진 비세토스 모노그램 캔버스 쇼퍼백,토니 쇼퍼백 특유 디자인을 축소하여 완성판 컴팩트한 백. 부드러운 가죽 핸들과 길이 조절이 가능한 가죽 스트랩이 더해져 다양한 룩으로 연출 할 수 있습니다.,비세토스 모노그램 캔버스,패브릭 안감,약 9 x 16 x 14 센티미터,대한민국,black,엑스트라 미니,품절,"탈부착이 가능하며 길이 조절이 가능한 가죽 스트랩 | 가죽 탑 핸들 | 로고 브라스 플레이트 | 뒷면의 외부 포켓 | 상단 지퍼 클로저 | 내부 포켓 및 카드 슬롯 | 바디:비세토스 모노그램 캔버스 | 트림: 천연 나파 가죽 | 실버톤 코발트 메탈 하드웨어 | 패브릭 안감 | 약 9 x 16 x 14 센티미터 | 스트랩 길이: 109.5cm - 13.5cm, 핸들 길이 9cm | 제조국: 대한민국",https://images.mcmworldwide.com/i/mcmworldwide/MWPFSMT03BK001_01 | https://images.mcmworldwide.com/i/mcmworldwide/MWPFSMT03BK001_09 | https://images.mcmworldwide.com/i/mcmworldwide/MWPFSMT03BK001_02 | https://images.mcmworldwide.com/i/mcmworldwide/MWPFSMT03BK001_03 | https://images.mcmworldwide.com/i/mcmworldwide/MWPFSMT03BK001_04 | https://images.mcmworldwide.com/i/mcmworldwide/MWPFSMT03BK001_10 | https://images.mcmworldwide.com/i/mcmworldwide/MWPFSMT03BK001_01 | https://images.mcmworldwide.com/i/mcmworldwide/MWPFSMT03BK001_09 | https://images.mcmworldwide.com/i/mcmworldwide/MWPFSMT03BK001_02 | https://images.mcmworldwide.com/i/mcmworldwide/MWPFSMT03BK001_03 | https://images.mcmworldwide.com/i/mcmworldwide/MWPFSMT03BK001_04 | https://images.mcmworldwide.com/i/mcmworldwide/MWPFSMT03BK001_10 | https://images.mcmworldwide.com/i/mcmworldwide/MWPFSMT03BK001_01,https://kr.mcmworldwide.com/ko_KR/%EA%B0%80%EB%B0%A9/%ED%86%A0%ED%8A%B8%EB%B0%B1-%EC%87%BC%ED%8D%BC%EB%B0%B1/toni-%EB%B9%84%EC%84%B8%ED%86%A0%EC%8A%A4-%ED%83%91-%EC%A7%80%ED%8D%BC-%EC%88%84%EB%8D%94/MWPFSMT03BK001.html?cgid=bags-totes-shoppers
MWPGSMT03WT001,Toni 비세토스 탑 지퍼 쇼퍼,,Toni,나파 가죽 트림과 레더 스트랩이 더해진 비세토스 모노그램 캔버스 쇼퍼백,토니 쇼퍼백 특유 디자인을 축소하여 완성판 컴팩트한 백. 부드러운 가죽 핸들과 길이 조절이 가능한 가죽 스트랩이 더해져 다양한 룩으로 연출 할 수 있습니다.,비세토스 모노그램 캔버스,스웨이드 마감의 극세사 안감,약 9 x 16 x 14 센티미터,대한민국,white,엑스트라 미니,품절,"탈부착이 가능하며 길이 조절이 가능한 가죽 스트랩 | 가죽 탑 핸들 | 로고 브라스 플레이트 | 지퍼 클로저 | 가죽 패치가 더해진 내부 슬립 포켓 | 바디:비세토스 모노그램 캔버스 | 트림: 나파 가죽 | 실버톤 코발트 브라스 하드웨어 | 스웨이드 마감의 극세사 안감 | 약 9 x 16 x 14 센티미터 | 스트랩 길이: 106 cm - 130 cm, 핸들 드롭: 9 cm | 제조국: 대한민국",https://images.mcmworldwide.com/i/mcmworldwide/MWPGSMT03WT001_01 | https://images.mcmworldwide.com/i/mcmworldwide/MWPGSMT03WT001_09 | https://images.mcmworldwide.com/i/mcmworldwide/MWPGSMT03WT001_02 | https://images.mcmworldwide.com/i/mcmworldwide/MWPGSMT03WT001_03 | https://images.mcmworldwide.com/i/mcmworldwide/MWPGSMT03WT001_04 | https://images.mcmworldwide.com/i/mcmworldwide/MWPGSMT03WT001_05 | https://images.mcmworldwide.com/i/mcmworldwide/MWPGSMT03WT001_10 | https://images.mcmworldwide.com/i/mcmworldwide/MWPGSMT03WT001_11 | https://images.mcmworldwide.com/i/mcmworldwide/MWPGSMT03WT001_01 | https://images.mcmworldwide.com/i/mcmworldwide/MWPGSMT03WT001_09 | https://images.mcmworldwide.com/i/mcmworldwide/MWPGSMT03WT001_02 | https://images.mcmworldwide.com/i/mcmworldwide/MWPGSMT03WT001_03 | https://images.mcmworldwide.com/i/mcmworldwide/MWPGSMT03WT001_04 | https://images.mcmworldwide.com/i/mcmworldwide/MWPGSMT03WT001_05 | https://images.mcmworldwide.com/i/mcmworldwide/MWPGSMT03WT001_10 | https://images.mcmworldwide.com/i/mcmworldwide/MWPGSMT03WT001_11 | https://images.mcmworldwide.com/i/mcmworldwide/MWPGSMT03WT001_01,https://kr.mcmworldwide.com/ko_KR/%EA%B0%80%EB%B0%A9/%ED%86%A0%ED%8A%B8%EB%B0%B1-%EC%87%BC%ED%8D%BC%EB%B0%B1/toni-%EB%B9%84%EC%84%B8%ED%86%A0%EC%8A%A4-%ED%83%91-%EC%A7%80%ED%8D%BC-%EC%87%BC%ED%8D%BC/MWPGSMT03WT001.html?cgid=bags-totes-shoppers
MWTGSTA02BK001,Aren 비세토스 스쿨 토트,,Aren,천연 가죽 트림이 더해진 비세토스 모노그램 캔버스 토트백,"사회인 부터 학생까지 모두에게 어울리는 Aren 스쿨 백은 시그니처 비세토스 모노그램이 더해져 시대를 초월한 미학적 풍요로움이 돋보입니다. 뮌헨 하우스의 아이코닉한 로고가 새겨진 브라스 플레이트로 포인트를 더하였으며, 서류, 노트북와 같이 업무에 필요한 아이템 부터 일상 생활에 필요한 필수품까지 다양한 물건을 수납할 수 있는 넉넉한 공간을 갖추고 있습니다.",비세토스 모노그램 캔버스,패브릭 안감,약 14 x 39 x 29 센티미터,대한민국,black,L,품절,탑핸들 | 외부 포켓 | 로고 브라스 플레이트 | 지퍼 클로저 | 내부 포켓 | D링 참 장식 디테일 | 바디:비세토스 모노그램 캔버스 | 트림:천연 가죽 | 실버톤 코발트 브라스 하드웨어 | 패브릭 안감 | 약 14 x 39 x 29 센티미터 | 핸들 드롭: 33 cm | 제조국: 대한민국,https://images.mcmworldwide.com/i/mcmworldwide/MWTGSTA02BK001_01 | https://images.mcmworldwide.com/i/mcmworldwide/MWTGSTA02BK001_09 | https://images.mcmworldwide.com/i/mcmworldwide/MWTGSTA02BK001_02 | https://images.mcmworldwide.com/i/mcmworldwide/MWTGSTA02BK001_03 | https://images.mcmworldwide.com/i/mcmworldwide/MWTGSTA02BK001_04 | https://images.mcmworldwide.com/i/mcmworldwide/MWTGSTA02BK001_05 | https://images.mcmworldwide.com/i/mcmworldwide/MWTGSTA02BK001_10 | https://images.mcmworldwide.com/i/mcmworldwide/MWTGSTA02BK001_11 | https://images.mcmworldwide.com/i/mcmworldwide/MWTGSTA02BK001_01 | https://images.mcmworldwide.com/i/mcmworldwide/MWTGSTA02BK001_09 | https://images.mcmworldwide.com/i/mcmworldwide/MWTGSTA02BK001_02 | https://images.mcmworldwide.com/i/mcmworldwide/MWTGSTA02BK001_03 | https://images.mcmworldwide.com/i/mcmworldwide/MWTGSTA02BK001_04 | https://images.mcmworldwide.com/i/mcmworldwide/MWTGSTA02BK001_05 | https://images.mcmworldwide.com/i/mcmworldwide/MWTGSTA02BK001_10 | https://images.mcmworldwide.com/i/mcmworldwide/MWTGSTA02BK001_11 | https://images.mcmworldwide.com/i/mcmworldwide/MWTGSTA02BK001_01,https://kr.mcmworldwide.com/ko_KR/%EA%B0%80%EB%B0%A9/%ED%86%A0%ED%8A%B8%EB%B0%B1-%EC%87%BC%ED%8D%BC%EB%B0%B1/aren-%EB%B9%84%EC%84%B8%ED%86%A0%EC%8A%A4-%EC%8A%A4%EC%BF%A8-%ED%86%A0%ED%8A%B8/MWTGSTA02BK001.html?cgid=bags-totes-shoppers
MWTGSTA03BK001,Aren 비세토스 스쿨 토트,,Aren,나파 가죽 트림이 더해진 비세토스 모노그램 캔버스 토트백,"사회인 부터 학생까지 모두에게 어울리는 Aren 스몰 스쿨 백은 시그니처 비세토스 모노그램이 더해져 시대를 초월한 아름다움이 더욱 돋보입니다. 뮌헨 하우스의 아이코닉한 로고가 새겨진 브라스 플레이트로 포인트를 더하였으며, 서류, 노트북와 같이 업무에 필요한 아이템 부터 일상 생활에 필요한 필수품까지 다양한 물건을 수납할 수 있는 넉넉한 공간을 갖추고 있습니다.",비세토스 모노그램 캔버스,패브릭 안감,약 13 x 31 x 22 센티미터,대한민국,black,S,품절,탑핸들 | 외부 포켓 | 로고 브라스 플레이트 | 지퍼 클로저 | 내부 포켓 | D링 참 장식 디테일 | 바디:비세토스 모노그램 캔버스 | 레더 트림 | 실버톤 코발트 브라스 하드웨어 | 패브릭 안감 | 약 13 x 31 x 22 센티미터 | 핸들 드롭: 28 cm | 제조국: 대한민국,https://images.mcmworldwide.com/i/mcmworldwide/MWTGSTA03BK001_01 | https://images.mcmworldwide.com/i/mcmworldwide/MWTGSTA03BK001_09 | https://images.mcmworldwide.com/i/mcmworldwide/MWTGSTA03BK001_02 | https://images.mcmworldwide.com/i/mcmworldwide/MWTGSTA03BK001_03 | https://images.mcmworldwide.com/i/mcmworldwide/MWTGSTA03BK001_04 | https://images.mcmworldwide.com/i/mcmworldwide/MWTGSTA03BK001_05 | https://images.mcmworldwide.com/i/mcmworldwide/MWTGSTA03BK001_10 | https://images.mcmworldwide.com/i/mcmworldwide/MWTGSTA03BK001_11 | https://images.mcmworldwide.com/i/mcmworldwide/MWTGSTA03BK001_01 | https://images.mcmworldwide.com/i/mcmworldwide/MWTGSTA03BK001_09 | https://images.mcmworldwide.com/i/mcmworldwide/MWTGSTA03BK001_02 | https://images.mcmworldwide.com/i/mcmworldwide/MWTGSTA03BK001_03 | https://images.mcmworldwide.com/i/mcmworldwide/MWTGSTA03BK001_04 | https://images.mcmworldwide.com/i/mcmworldwide/MWTGSTA03BK001_05 | https://images.mcmworldwide.com/i/mcmworldwide/MWTGSTA03BK001_10 | https://images.mcmworldwide.com/i/mcmworldwide/MWTGSTA03BK001_11 | https://images.mcmworldwide.com/i/mcmworldwide/MWTGSTA03BK001_01,https://kr.mcmworldwide.com/ko_KR/%EA%B0%80%EB%B0%A9/%ED%86%A0%ED%8A%B8%EB%B0%B1-%EC%87%BC%ED%8D%BC%EB%B0%B1/aren-%EB%B9%84%EC%84%B8%ED%86%A0%EC%8A%A4-%EC%8A%A4%EC%BF%A8-%ED%86%A0%ED%8A%B8/MWTGSTA03BK001.html?cgid=bags-totes-shoppers
MWTGSTA034B001,Aren 비세토스 스쿨 토트,,Aren,가죽 트림이 더해진 비세토스 모노그램 캔버스 토트백,"학업과 커리어 모두에서 탁월함을 추구하도록 디자인된 Aren 스몰 스쿨 백. 시나몬 컬러의 비세토스 모노그램이 돋보이며, 뮌헨 하우스의 상징인 24K 골드 도금 로고 브라스 플레이트가 장식되었습니다. 문서, 디바이스, 데일리 필수품을 수납할 수 있는 여유로운 내부 공간을 갖추었습니다.",비세토스 모노그램 캔버스,패브릭 안감,약 13 x 31 x 22 센티미터,대한민국,cinnamon,S,품절,탑핸들 | 외부 포켓 | 로고 브라스 플레이트 | 지퍼 클로저 | Interior pocket | 바디:비세토스 모노그램 캔버스 | 레더 트림 | 24K 골드 도금 브라스 하드웨어 | 패브릭 안감 | 약 13 x 31 x 22 센티미터 | 핸들 길이 25.5cm | 제조국: 대한민국,https://images.mcmworldwide.com/i/mcmworldwide/MWTGSTA034B001_01 | https://images.mcmworldwide.com/i/mcmworldwide/MWTGSTA034B001_09 | https://images.mcmworldwide.com/i/mcmworldwide/MWTGSTA034B001_02 | https://images.mcmworldwide.com/i/mcmworldwide/MWTGSTA034B001_03 | https://images.mcmworldwide.com/i/mcmworldwide/MWTGSTA034B001_04 | https://images.mcmworldwide.com/i/mcmworldwide/MWTGSTA034B001_05 | https://images.mcmworldwide.com/i/mcmworldwide/MWTGSTA034B001_10 | https://images.mcmworldwide.com/i/mcmworldwide/MWTGSTA034B001_11 | https://images.mcmworldwide.com/i/mcmworldwide/MWTGSTA034B001_01 | https://images.mcmworldwide.com/i/mcmworldwide/MWTGSTA034B001_09 | https://images.mcmworldwide.com/i/mcmworldwide/MWTGSTA034B001_02 | https://images.mcmworldwide.com/i/mcmworldwide/MWTGSTA034B001_03 | https://images.mcmworldwide.com/i/mcmworldwide/MWTGSTA034B001_04 | https://images.mcmworldwide.com/i/mcmworldwide/MWTGSTA034B001_05 | https://images.mcmworldwide.com/i/mcmworldwide/MWTGSTA034B001_10 | https://images.mcmworldwide.com/i/mcmworldwide/MWTGSTA034B001_11 | https://images.mcmworldwide.com/i/mcmworldwide/MWTGSTA034B001_01,https://kr.mcmworldwide.com/ko_KR/%EA%B0%80%EB%B0%A9/%ED%86%A0%ED%8A%B8%EB%B0%B1-%EC%87%BC%ED%8D%BC%EB%B0%B1/aren-%EB%B9%84%EC%84%B8%ED%86%A0%EC%8A%A4-%EC%8A%A4%EC%BF%A8-%ED%86%A0%ED%8A%B8/MWTGSTA034B001.html?cgid=bags-totes-shoppers
MWTGSTA03PZ001,Aren 비세토스 스쿨 토트,,Aren,천연 가죽 트림이 더해진 비세토스 모노그램 캔버스 토트,"아카데믹 부터 비즈니스까지 모든 여정을 함께할 수 있도록 디자인된 스몰 아렌 스쿨 백은 시그니처 비세토스 모노그램의 클래식한 미학으로 완성되었습니다. 16K 골드 도금 로고 브라스 플레이트로 품격을 더하며, 문서와 전자기기, 데일리 아이템을 수납할 수 있는 여유로운 내부 공간을 갖추고 있습니다.",비세토스 모노그램 캔버스,패브릭 안감,약 13 x 31 x 22 센티미터,대한민국,soft pink,S,품절,탑핸들 | 외부 포켓 | 로고 브라스 플레이트 | 지퍼 클로저 | 내부 포켓 | 바디:비세토스 모노그램 캔버스 | 트림:천연 가죽 | 16K 골드 도금 메탈 하드웨어 | 패브릭 안감 | 약 13 x 31 x 22 센티미터 | 핸들 길이 25.5cm | 제조국: 대한민국,https://images.mcmworldwide.com/i/mcmworldwide/MWTGSTA03PZ001_01 | https://images.mcmworldwide.com/i/mcmworldwide/MWTGSTA03PZ001_09 | https://images.mcmworldwide.com/i/mcmworldwide/MWTGSTA03PZ001_02 | https://images.mcmworldwide.com/i/mcmworldwide/MWTGSTA03PZ001_03 | https://images.mcmworldwide.com/i/mcmworldwide/MWTGSTA03PZ001_04 | https://images.mcmworldwide.com/i/mcmworldwide/MWTGSTA03PZ001_05 | https://images.mcmworldwide.com/i/mcmworldwide/MWTGSTA03PZ001_10 | https://images.mcmworldwide.com/i/mcmworldwide/MWTGSTA03PZ001_01 | https://images.mcmworldwide.com/i/mcmworldwide/MWTGSTA03PZ001_09 | https://images.mcmworldwide.com/i/mcmworldwide/MWTGSTA03PZ001_02 | https://images.mcmworldwide.com/i/mcmworldwide/MWTGSTA03PZ001_03 | https://images.mcmworldwide.com/i/mcmworldwide/MWTGSTA03PZ001_04 | https://images.mcmworldwide.com/i/mcmworldwide/MWTGSTA03PZ001_05 | https://images.mcmworldwide.com/i/mcmworldwide/MWTGSTA03PZ001_10 | https://images.mcmworldwide.com/i/mcmworldwide/MWTGSTA03PZ001_01,https://kr.mcmworldwide.com/ko_KR/%EA%B0%80%EB%B0%A9/%ED%86%A0%ED%8A%B8%EB%B0%B1-%EC%87%BC%ED%8D%BC%EB%B0%B1/aren-%EB%B9%84%EC%84%B8%ED%86%A0%EC%8A%A4-%EC%8A%A4%EC%BF%A8-%ED%86%A0%ED%8A%B8/MWTGSTA03PZ001.html?cgid=bags-totes-shoppers
MWTGATA03PZ001,Aren 비세토스 스쿨 토트,,Aren,가죽 트림이 더해진 비세토스 모노그램 캔버스 토트백,"학생부터 직장인까지, 누구나 언제 어디서나 실용적으로 활용할 수 있도록 디자인된 Aren 라지 스쿨 백은 시그니처 비세토스 모노그램이 더해져 시대를 초월한 아름다움이 더욱 돋보입니다. 뮌헨 하우스의 아이코닉한 로고가 새겨진 브라스 플레이트로 포인트를 더하였으며, 서류, 노트북와 같이 업무에 필요한 아이템 부터 일상 생활에 필요한 필수품까지 다양한 물건을 수납할 수 있는 넉넉한 공간을 갖추고 있습니다.",비세토스 모노그램 캔버스,패브릭 안감,약 14 x 39 x 29 센티미터,대한민국,soft pink,L,품절,탑핸들 | 외부 포켓 | 로고 브라스 플레이트 | 내부 포켓 | D링 참 장식 디테일 | 바디:비세토스 모노그램 캔버스 | 레더 트림 | 16K 골드 도금 메탈 하드웨어 | 패브릭 안감 | 약 14 x 39 x 29 센티미터 | 핸들 길이 33cm | 제조국: 대한민국,https://images.mcmworldwide.com/i/mcmworldwide/MWTGATA03PZ001_01 | https://images.mcmworldwide.com/i/mcmworldwide/MWTGATA03PZ001_09 | https://images.mcmworldwide.com/i/mcmworldwide/MWTGATA03PZ001_02 | https://images.mcmworldwide.com/i/mcmworldwide/MWTGATA03PZ001_03 | https://images.mcmworldwide.com/i/mcmworldwide/MWTGATA03PZ001_04 | https://images.mcmworldwide.com/i/mcmworldwide/MWTGATA03PZ001_05 | https://images.mcmworldwide.com/i/mcmworldwide/MWTGATA03PZ001_10 | https://images.mcmworldwide.com/i/mcmworldwide/MWTGATA03PZ001_01 | https://images.mcmworldwide.com/i/mcmworldwide/MWTGATA03PZ001_09 | https://images.mcmworldwide.com/i/mcmworldwide/MWTGATA03PZ001_02 | https://images.mcmworldwide.com/i/mcmworldwide/MWTGATA03PZ001_03 | https://images.mcmworldwide.com/i/mcmworldwide/MWTGATA03PZ001_04 | https://images.mcmworldwide.com/i/mcmworldwide/MWTGATA03PZ001_05 | https://images.mcmworldwide.com/i/mcmworldwide/MWTGATA03PZ001_10 | https://images.mcmworldwide.com/i/mcmworldwide/MWTGATA03PZ001_01,https://kr.mcmworldwide.com/ko_KR/%EA%B0%80%EB%B0%A9/%ED%86%A0%ED%8A%B8%EB%B0%B1-%EC%87%BC%ED%8D%BC%EB%B0%B1/aren-%EB%B9%84%EC%84%B8%ED%86%A0%EC%8A%A4-%EC%8A%A4%EC%BF%A8-%ED%86%A0%ED%8A%B8/MWTGATA03PZ001.html?cgid=bags-totes-shoppers
MWTFATA02CO001,Aren 비세토스 스쿨 토트,,Aren,천연 가죽 트림이 더해진 비세토스 모노그램 캔버스 토트백,"학생부터 직장인까지, 누구나 언제 어디서나 실용적으로 활용할 수 있도록 디자인된 라지 토트백입니다. 시그니처 비세토스 모노그램의 타임리스한 아름다움이 담겨 있으며, 24K 도금 로고 브라스 플레이트 장식이 고급스러움을 더합니다. 문서, 노트북, 데일리 아이템까지 넉넉하게 수납할 수 있는 실용적인 내부 공간도 갖추고 있습니다.",비세토스 모노그램 캔버스,코튼 안감,약 14 x 39 x 29 센티미터,대한민국,cognac,L,품절,탑핸들 | 외부 포켓 | 로고 브라스 플레이트 | 내부 포켓 | 바디:비세토스 모노그램 캔버스 | 트림:천연 가죽 | 24K 골드 도금 브라스 하드웨어 | 코튼 안감 | 약 14 x 39 x 29 센티미터 | 핸들 길이 33cm | 제조국: 대한민국,https://images.mcmworldwide.com/i/mcmworldwide/MWTFATA02CO001_01 | https://images.mcmworldwide.com/i/mcmworldwide/MWTFATA02CO001_09 | https://images.mcmworldwide.com/i/mcmworldwide/MWTFATA02CO001_02 | https://images.mcmworldwide.com/i/mcmworldwide/MWTFATA02CO001_03 | https://images.mcmworldwide.com/i/mcmworldwide/MWTFATA02CO001_04 | https://images.mcmworldwide.com/i/mcmworldwide/MWTFATA02CO001_05 | https://images.mcmworldwide.com/i/mcmworldwide/MWTFATA02CO001_10 | https://images.mcmworldwide.com/i/mcmworldwide/MWTFATA02CO001_01 | https://images.mcmworldwide.com/i/mcmworldwide/MWTFATA02CO001_09 | https://images.mcmworldwide.com/i/mcmworldwide/MWTFATA02CO001_02 | https://images.mcmworldwide.com/i/mcmworldwide/MWTFATA02CO001_03 | https://images.mcmworldwide.com/i/mcmworldwide/MWTFATA02CO001_04 | https://images.mcmworldwide.com/i/mcmworldwide/MWTFATA02CO001_05 | https://images.mcmworldwide.com/i/mcmworldwide/MWTFATA02CO001_10 | https://images.mcmworldwide.com/i/mcmworldwide/MWTFATA02CO001_01,https://kr.mcmworldwide.com/ko_KR/%EA%B0%80%EB%B0%A9/%ED%86%A0%ED%8A%B8%EB%B0%B1-%EC%87%BC%ED%8D%BC%EB%B0%B1/aren-%EB%B9%84%EC%84%B8%ED%86%A0%EC%8A%A4-%EC%8A%A4%EC%BF%A8-%ED%86%A0%ED%8A%B8/MWTFATA02CO001.html?cgid=bags-totes-shoppers
MWTFATA01CO001,Aren 비세토스 스쿨 토트,,Aren,천연 가죽 트림이 더해진 비세토스 모노그램 캔버스 토트백,"학생부터 직장인까지, 언제 어디서나 세련된 스타일을 완성해 줄 스몰 토트백입니다. 시그니처 비세토스 모노그램으로 시대를 초월한 아름다움을 담았으며, 24K 도금 로고 브라스 플레이트 장식이 고급스러움을 더합니다. 문서와 전자기기, 다양한 데일리 아이템을 수납할 수 있는 실용적인 내부 공간도 갖추고 있습니다.",비세토스 모노그램 캔버스,코튼 안감,약 13 x 31 x 22 센티미터,대한민국,cognac,S,품절,탑핸들 | 외부 포켓 | 로고 브라스 플레이트 | 내부 포켓 | 바디:비세토스 모노그램 캔버스 | 트림:천연 가죽 | 24K 골드 도금 브라스 하드웨어 | 코튼 안감 | 약 13 x 31 x 22 센티미터 | 핸들 길이 25.5cm | 제조국: 대한민국,https://images.mcmworldwide.com/i/mcmworldwide/MWTFATA01CO001_01 | https://images.mcmworldwide.com/i/mcmworldwide/MWTFATA01CO001_09 | https://images.mcmworldwide.com/i/mcmworldwide/MWTFATA01CO001_02 | https://images.mcmworldwide.com/i/mcmworldwide/MWTFATA01CO001_03 | https://images.mcmworldwide.com/i/mcmworldwide/MWTFATA01CO001_04 | https://images.mcmworldwide.com/i/mcmworldwide/MWTFATA01CO001_05 | https://images.mcmworldwide.com/i/mcmworldwide/MWTFATA01CO001_10 | https://images.mcmworldwide.com/i/mcmworldwide/MWTFATA01CO001_01 | https://images.mcmworldwide.com/i/mcmworldwide/MWTFATA01CO001_09 | https://images.mcmworldwide.com/i/mcmworldwide/MWTFATA01CO001_02 | https://images.mcmworldwide.com/i/mcmworldwide/MWTFATA01CO001_03 | https://images.mcmworldwide.com/i/mcmworldwide/MWTFATA01CO001_04 | https://images.mcmworldwide.com/i/mcmworldwide/MWTFATA01CO001_05 | https://images.mcmworldwide.com/i/mcmworldwide/MWTFATA01CO001_10 | https://images.mcmworldwide.com/i/mcmworldwide/MWTFATA01CO001_01,https://kr.mcmworldwide.com/ko_KR/%EA%B0%80%EB%B0%A9/%ED%86%A0%ED%8A%B8%EB%B0%B1-%EC%87%BC%ED%8D%BC%EB%B0%B1/aren-%EB%B9%84%EC%84%B8%ED%86%A0%EC%8A%A4-%EC%8A%A4%EC%BF%A8-%ED%86%A0%ED%8A%B8/MWTFATA01CO001.html?cgid=bags-totes-shoppers
MWPFSLR03PZ001,비세토스 소재의 리즈 쇼퍼.,,비세토스,지퍼 파우치와 천연 나파 가죽 트림이 있는 비세토스 모노그램 캔버스 쇼퍼,소프트 핑크 컬러웨이로 표현된 고요한 세련미. 시그니처 리즈 쇼퍼는 모노그램 파우치가 포함된 세련된 도시 스타일의 아이템입니다.,비세토스 모노그램 캔버스,패브릭 안감.,약 17 x 36 x 28 센티미터,대한민국,soft pink,M,품절,가죽 손잡이 부분 | MCM 로고 플레이트. | 옆면의 조절 가능한 가죽 드로우스트링 잠금 장치 | 탈부착 가능한 비세토스 파우치와 스트랩 | 보호용 가죽 바닥. | 바디: 비세토스 모노그램 캔버스 | 트림: 천연 나파 가죽 | 18K 금 도금 메탈 하드웨어 | 패브릭 안감. | 약 17 x 36 x 28 센티미터 | 핸들 드롭: 24cm. | 제조국: 대한민국,https://images.mcmworldwide.com/i/mcmworldwide/MWPFSLR03PZ001_01 | https://images.mcmworldwide.com/i/mcmworldwide/MWPFSLR03PZ001_09 | https://images.mcmworldwide.com/i/mcmworldwide/MWPFSLR03PZ001_02 | https://images.mcmworldwide.com/i/mcmworldwide/MWPFSLR03PZ001_03 | https://images.mcmworldwide.com/i/mcmworldwide/MWPFSLR03PZ001_04 | https://images.mcmworldwide.com/i/mcmworldwide/MWPFSLR03PZ001_10 | https://images.mcmworldwide.com/i/mcmworldwide/MWPFSLR03PZ001_01 | https://images.mcmworldwide.com/i/mcmworldwide/MWPFSLR03PZ001_09 | https://images.mcmworldwide.com/i/mcmworldwide/MWPFSLR03PZ001_02 | https://images.mcmworldwide.com/i/mcmworldwide/MWPFSLR03PZ001_03 | https://images.mcmworldwide.com/i/mcmworldwide/MWPFSLR03PZ001_04 | https://images.mcmworldwide.com/i/mcmworldwide/MWPFSLR03PZ001_10 | https://images.mcmworldwide.com/i/mcmworldwide/MWPFSLR03PZ001_01,https://kr.mcmworldwide.com/ko_KR/%EA%B0%80%EB%B0%A9/%ED%86%A0%ED%8A%B8%EB%B0%B1-%EC%87%BC%ED%8D%BC%EB%B0%B1/%EB%B9%84%EC%84%B8%ED%86%A0%EC%8A%A4-%EC%86%8C%EC%9E%AC%EC%9D%98-%EB%A6%AC%EC%A6%88-%EC%87%BC%ED%8D%BC./MWPFSLR03PZ001.html?cgid=bags-totes-shoppers
MWPFSLR07PZ001,비세토스 소재의 리즈 쇼퍼.,,비세토스,지퍼 파우치와 천연 나파 가죽 트림이 있는 비세토스 모노그램 캔버스 쇼퍼,소프트 핑크 컬러웨이로 표현된 고요한 세련미. 시그니처 리즈 쇼퍼는 모노그램 파우치가 포함된 세련된 도시 스타일의 아이템입니다.,비세토스 모노그램 캔버스,패브릭 안감.,약 14 x 29 x 25 센티미터,대한민국,soft pink,S,품절,가죽 손잡이 부분 | MCM 로고 플레이트. | 옆면의 조절 가능한 가죽 드로우스트링 잠금 장치 | 탈부착 가능한 비세토스 파우치와 스트랩 | 보호용 가죽 바닥. | 바디: 비세토스 모노그램 캔버스 | 트림: 천연 나파 가죽 | 18K 금 도금 메탈 하드웨어 | 패브릭 안감. | 약 14 x 29 x 25 센티미터 | 핸들 드롭: 24cm. | 제조국: 대한민국,https://images.mcmworldwide.com/i/mcmworldwide/MWPFSLR07PZ001_01 | https://images.mcmworldwide.com/i/mcmworldwide/MWPFSLR07PZ001_09 | https://images.mcmworldwide.com/i/mcmworldwide/MWPFSLR07PZ001_02 | https://images.mcmworldwide.com/i/mcmworldwide/MWPFSLR07PZ001_03 | https://images.mcmworldwide.com/i/mcmworldwide/MWPFSLR07PZ001_04 | https://images.mcmworldwide.com/i/mcmworldwide/MWPFSLR07PZ001_10 | https://images.mcmworldwide.com/i/mcmworldwide/MWPFSLR07PZ001_01 | https://images.mcmworldwide.com/i/mcmworldwide/MWPFSLR07PZ001_09 | https://images.mcmworldwide.com/i/mcmworldwide/MWPFSLR07PZ001_02 | https://images.mcmworldwide.com/i/mcmworldwide/MWPFSLR07PZ001_03 | https://images.mcmworldwide.com/i/mcmworldwide/MWPFSLR07PZ001_04 | https://images.mcmworldwide.com/i/mcmworldwide/MWPFSLR07PZ001_10,https://kr.mcmworldwide.com/ko_KR/%EA%B0%80%EB%B0%A9/%ED%86%A0%ED%8A%B8%EB%B0%B1-%EC%87%BC%ED%8D%BC%EB%B0%B1/%EB%B9%84%EC%84%B8%ED%86%A0%EC%8A%A4-%EC%86%8C%EC%9E%AC%EC%9D%98-%EB%A6%AC%EC%A6%88-%EC%87%BC%ED%8D%BC./MWPFSLR07PZ001.html?cgid=bags-totes-shoppers
MWPCSVI01CO001,Liz 리버서블 비세토스 쇼퍼,,Liz,비세토스 모노그램 캔버스와 나파 가죽 소재의 가벼운 쇼퍼,"하나의 데일리 아이콘, 두 가지 시그니처 룩. 클래식 비세토스와 나파 가죽으로 제작한 미디엄 리즈 쇼퍼는 뒤집어서 몽환적인 큐빅 모노그램 패턴으로 색다른 룩을 연출할 수 있습니다. 가죽 드로우스트링을 활용하여 현대인의 역동적인 니즈에 맞게 가벼운 실루엣을 확장하거나 축소할 수 있습니다. 짧은 여행에서 따로 지갑으로 사용할 수 있는 탈부착 가능한 파우치 형태로 더 커진 활용성을 자랑합니다.",,큐빅 모노그램 코튼 캔버스 안감,약 17 x 36 x 28 센티미터,대한민국,cognac,M,품절,리버서블 디자인 | 탈부착 가능한 비세토스 지퍼 파우치와 가죽 어깨 스트랩 | 가죽 손잡이 부분 | 전면의 MCM 로고 플레이트 | 보호용 가죽 바닥. | 비세토스 모노그램 코티드 캔버스. | 나파 가죽 트림 | 24K 금 도금 메탈 하드웨어 | 큐빅 모노그램 코튼 캔버스 안감 | 약 17 x 36 x 28 센티미터 | 핸들 드롭: 24cm. | 제조국: 대한민국,https://images.mcmworldwide.com/i/mcmworldwide/MWPCSVI01CO001_01 | https://images.mcmworldwide.com/i/mcmworldwide/MWPCSVI01CO001_09 | https://images.mcmworldwide.com/i/mcmworldwide/MWPCSVI01CO001_02 | https://images.mcmworldwide.com/i/mcmworldwide/MWPCSVI01CO001_03 | https://images.mcmworldwide.com/i/mcmworldwide/MWPCSVI01CO001_04 | https://images.mcmworldwide.com/i/mcmworldwide/MWPCSVI01CO001_05 | https://images.mcmworldwide.com/i/mcmworldwide/MWPCSVI01CO001_06 | https://images.mcmworldwide.com/i/mcmworldwide/MWPCSVI01CO001_10 | https://images.mcmworldwide.com/i/mcmworldwide/MWPCSVI01CO001_01 | https://images.mcmworldwide.com/i/mcmworldwide/MWPCSVI01CO001_09 | https://images.mcmworldwide.com/i/mcmworldwide/MWPCSVI01CO001_02 | https://images.mcmworldwide.com/i/mcmworldwide/MWPCSVI01CO001_03 | https://images.mcmworldwide.com/i/mcmworldwide/MWPCSVI01CO001_04 | https://images.mcmworldwide.com/i/mcmworldwide/MWPCSVI01CO001_05 | https://images.mcmworldwide.com/i/mcmworldwide/MWPCSVI01CO001_06 | https://images.mcmworldwide.com/i/mcmworldwide/MWPCSVI01CO001_10 | https://images.mcmworldwide.com/i/mcmworldwide/MWPCSVI01CO001_01,https://kr.mcmworldwide.com/ko_KR/%EA%B0%80%EB%B0%A9/%ED%86%A0%ED%8A%B8%EB%B0%B1-%EC%87%BC%ED%8D%BC%EB%B0%B1/liz-%EB%A6%AC%EB%B2%84%EC%84%9C%EB%B8%94-%EB%B9%84%EC%84%B8%ED%86%A0%EC%8A%A4-%EC%87%BC%ED%8D%BC/MWPCSVI01CO001.html?cgid=bags-totes-shoppers
MWPDSLR04CO001,Liz 리버서블 비세토스 쇼퍼,,Liz,비세토스 모노그램 캔버스와 나파 가죽 소재의 가벼운 쇼퍼,투인원 아이콘. 반대쪽 면의 큐빅 모노그램 프린티드 코튼 캔버스로 또 다른 차원의 깊이를 더합니다. 현대인의 역동적인 라이프스타일에 맞게 옆면의 가죽 드로우스트링으로 가벼운 실루엣을 조절할 수 있습니다.,,큐빅 모노그램 코튼 캔버스 안감,약 14 x 29 x 25 센티미터,대한민국,cognac,S,품절,가죽 손잡이 부분 | 리버서블 디자인 | 탈부착 가능한 비세토스 지퍼 파우치와 가죽 어깨 스트랩 | 전면의 MCM 로고 플레이트 | 보호용 가죽 바닥. | 비세토스 모노그램 캔버스 | 나파 가죽 트리밍. | 24K 금 도금 메탈 하드웨어 | 큐빅 모노그램 코튼 캔버스 안감 | 약 14 x 29 x 25 센티미터 | 핸들 드롭: 24cm. | 제조국: 대한민국,https://images.mcmworldwide.com/i/mcmworldwide/MWPDSLR04CO001_01 | https://images.mcmworldwide.com/i/mcmworldwide/MWPDSLR04CO001_09 | https://images.mcmworldwide.com/i/mcmworldwide/MWPDSLR04CO001_02 | https://images.mcmworldwide.com/i/mcmworldwide/MWPDSLR04CO001_03 | https://images.mcmworldwide.com/i/mcmworldwide/MWPDSLR04CO001_04 | https://images.mcmworldwide.com/i/mcmworldwide/MWPDSLR04CO001_05 | https://images.mcmworldwide.com/i/mcmworldwide/MWPDSLR04CO001_06 | https://images.mcmworldwide.com/i/mcmworldwide/MWPDSLR04CO001_10 | https://images.mcmworldwide.com/i/mcmworldwide/MWPDSLR04CO001_01 | https://images.mcmworldwide.com/i/mcmworldwide/MWPDSLR04CO001_09 | https://images.mcmworldwide.com/i/mcmworldwide/MWPDSLR04CO001_02 | https://images.mcmworldwide.com/i/mcmworldwide/MWPDSLR04CO001_03 | https://images.mcmworldwide.com/i/mcmworldwide/MWPDSLR04CO001_04 | https://images.mcmworldwide.com/i/mcmworldwide/MWPDSLR04CO001_05 | https://images.mcmworldwide.com/i/mcmworldwide/MWPDSLR04CO001_06 | https://images.mcmworldwide.com/i/mcmworldwide/MWPDSLR04CO001_10 | https://images.mcmworldwide.com/i/mcmworldwide/MWPDSLR04CO001_01,https://kr.mcmworldwide.com/ko_KR/%EA%B0%80%EB%B0%A9/%ED%86%A0%ED%8A%B8%EB%B0%B1-%EC%87%BC%ED%8D%BC%EB%B0%B1/liz-%EB%A6%AC%EB%B2%84%EC%84%9C%EB%B8%94-%EB%B9%84%EC%84%B8%ED%86%A0%EC%8A%A4-%EC%87%BC%ED%8D%BC/MWPDSLR04CO001.html?cgid=bags-totes-shoppers
MWPCSVI01BK001,Liz 비세토스 리버서블 쇼퍼,,Liz,비세토스 모노그램 캔버스와 나파 가죽 소재의 가벼운 쇼퍼,"하나의 데일리 아이콘, 두 가지 시그니처 룩. 클래식 비세토스와 나파 가죽으로 제작한 미디엄 리즈 쇼퍼는 뒤집어서 몽환적인 큐빅 모노그램 패턴으로 색다른 룩을 연출할 수 있습니다. 가죽 드로우스트링을 활용하여 현대인의 역동적인 니즈에 맞게 가벼운 실루엣을 확장하거나 축소할 수 있습니다. 짧은 여행에서 따로 지갑으로 사용할 수 있는 탈부착 가능한 파우치 형태로 더 커진 활용성을 자랑합니다.",,큐빅 모노그램 코튼 캔버스 안감,약 17 x 36 x 28 센티미터,대한민국,black,M,품절,리버서블 디자인 | 탈부착 가능한 비세토스 지퍼 파우치와 가죽 어깨 스트랩 | 레더 손잡이 부분 | 전면의 MCM 로고 플레이트 | 보호용 가죽 피트 | 비세토스 모노그램 코티드 캔버스 | 나파 가죽 트림 | 다크 코발트 금속 장식 | 큐빅 모노그램 코튼 캔버스 안감 | 약 17 x 36 x 28 센티미터 | 핸들 드롭: 24cm | 제조국: 대한민국,https://images.mcmworldwide.com/i/mcmworldwide/MWPCSVI01BK001_01 | https://images.mcmworldwide.com/i/mcmworldwide/MWPCSVI01BK001_09 | https://images.mcmworldwide.com/i/mcmworldwide/MWPCSVI01BK001_02 | https://images.mcmworldwide.com/i/mcmworldwide/MWPCSVI01BK001_03 | https://images.mcmworldwide.com/i/mcmworldwide/MWPCSVI01BK001_04 | https://images.mcmworldwide.com/i/mcmworldwide/MWPCSVI01BK001_06 | https://images.mcmworldwide.com/i/mcmworldwide/MWPCSVI01BK001_10 | https://images.mcmworldwide.com/i/mcmworldwide/MWPCSVI01BK001_01 | https://images.mcmworldwide.com/i/mcmworldwide/MWPCSVI01BK001_09 | https://images.mcmworldwide.com/i/mcmworldwide/MWPCSVI01BK001_02 | https://images.mcmworldwide.com/i/mcmworldwide/MWPCSVI01BK001_03 | https://images.mcmworldwide.com/i/mcmworldwide/MWPCSVI01BK001_04 | https://images.mcmworldwide.com/i/mcmworldwide/MWPCSVI01BK001_06 | https://images.mcmworldwide.com/i/mcmworldwide/MWPCSVI01BK001_10 | https://images.mcmworldwide.com/i/mcmworldwide/MWPCSVI01BK001_01,https://kr.mcmworldwide.com/ko_KR/%EA%B0%80%EB%B0%A9/%ED%86%A0%ED%8A%B8%EB%B0%B1-%EC%87%BC%ED%8D%BC%EB%B0%B1/liz-%EB%B9%84%EC%84%B8%ED%86%A0%EC%8A%A4-%EB%A6%AC%EB%B2%84%EC%84%9C%EB%B8%94-%EC%87%BC%ED%8D%BC/MWPCSVI01BK001.html?cgid=bags-totes-shoppers
MWPDSLR02BK001,Liz 리버서블 비세토스 쇼퍼,,Liz,비세토스 모노그램 캔버스와 나파 가죽 소재의 가벼운 쇼퍼,일상의 우아함이라는 Liz의 유산을 계승한 이탈리안 비세토스와 나파 가죽 소재의 스몰 쇼퍼백입니다. 반대쪽 면의 큐빅 모노그램 프린티드 코튼 캔버스로 또 다른 차원의 깊이를 더합니다. 현대인의 역동적인 라이프스타일에 맞게 옆면의 가죽 드로우스트링으로 가벼운 실루엣을 조절할 수 있습니다. 스타일을 완성하는 탈부착 가능한 지퍼 파우치는 짧은 여행이나 저녁 외출 시 클래식한 숄더백으로 연출할 수 있습니다.,,큐빅 모노그램 코튼 캔버스 안감,약 14 x 29 x 25 센티미터,대한민국,black,S,품절,가죽 손잡이 부분 | 리버서블 디자인 | 탈부착 가능한 비세토스 지퍼 파우치와 가죽 어깨 스트랩. 크기: 20cm x 14cm | 전면의 MCM 로고 플레이트 | 보호용 가죽 바닥. | 비세토스 모노그램 캔버스. | 나파 가죽 트리밍. | 실버 톤 코발트 메탈 하드웨어. | 큐빅 모노그램 코튼 캔버스 안감 | 약 14 x 29 x 25 센티미터 | 핸들 드롭: 24cm. | 제조국: 대한민국,https://images.mcmworldwide.com/i/mcmworldwide/MWPDSLR02BK001_01 | https://images.mcmworldwide.com/i/mcmworldwide/MWPDSLR02BK001_09 | https://images.mcmworldwide.com/i/mcmworldwide/MWPDSLR02BK001_02 | https://images.mcmworldwide.com/i/mcmworldwide/MWPDSLR02BK001_03 | https://images.mcmworldwide.com/i/mcmworldwide/MWPDSLR02BK001_04 | https://images.mcmworldwide.com/i/mcmworldwide/MWPDSLR02BK001_06 | https://images.mcmworldwide.com/i/mcmworldwide/MWPDSLR02BK001_10 | https://images.mcmworldwide.com/i/mcmworldwide/MWPDSLR02BK001_01 | https://images.mcmworldwide.com/i/mcmworldwide/MWPDSLR02BK001_09 | https://images.mcmworldwide.com/i/mcmworldwide/MWPDSLR02BK001_02 | https://images.mcmworldwide.com/i/mcmworldwide/MWPDSLR02BK001_03 | https://images.mcmworldwide.com/i/mcmworldwide/MWPDSLR02BK001_04 | https://images.mcmworldwide.com/i/mcmworldwide/MWPDSLR02BK001_06 | https://images.mcmworldwide.com/i/mcmworldwide/MWPDSLR02BK001_10 | https://images.mcmworldwide.com/i/mcmworldwide/MWPDSLR02BK001_01,https://kr.mcmworldwide.com/ko_KR/%EA%B0%80%EB%B0%A9/%ED%86%A0%ED%8A%B8%EB%B0%B1-%EC%87%BC%ED%8D%BC%EB%B0%B1/liz-%EB%A6%AC%EB%B2%84%EC%84%9C%EB%B8%94-%EB%B9%84%EC%84%B8%ED%86%A0%EC%8A%A4-%EC%87%BC%ED%8D%BC/MWPDSLR02BK001.html?cgid=bags-totes-shoppers
MWPFSLR03K8001,Liz  비세토스 쇼퍼,,Liz,지퍼 파우치와 천연 나파 가죽 트림이 더해진 비세토스 모노그램 캔버스 쇼퍼백,"카키 모스 비세토스 소재로 선보이는 시그니처 Liz 쇼퍼는 세련된 도시 감성을 담은 대표 아이템으로, 동일한 모노그램 파우치가 함께 구성되어 높은 활용도를 자랑합니다. 옆면의 가죽 드로우스트링을 통해 취향과 필요에 따라 실루엣을 자유롭게 조절할 수 있습니다.",비세토스 모노그램 캔버스,패브릭 안감,약 17 x 36 x 28 센티미터,대한민국,khaki moss,M,품절,가죽 탑 핸들 | 로고 브라스 플레이트 | 옆면에 위치한 조절 가능한 가죽 드로우스트링 잠금 장치 | 탈착 가능한 스트랩이 더해진 비세토스 파우치 | 바닥 보호를 위한 레더 패드 | 바디:비세토스 모노그램 캔버스 | 트림: 천연 나파 가죽 | 실버톤 코발트 메탈 하드웨어 | 패브릭 안감 | 약 17 x 36 x 28 센티미터 | 핸들 드롭: 24 cm | 제조국: 대한민국,https://images.mcmworldwide.com/i/mcmworldwide/MWPFSLR03K8001_01 | https://images.mcmworldwide.com/i/mcmworldwide/MWPFSLR03K8001_09 | https://images.mcmworldwide.com/i/mcmworldwide/MWPFSLR03K8001_02 | https://images.mcmworldwide.com/i/mcmworldwide/MWPFSLR03K8001_03 | https://images.mcmworldwide.com/i/mcmworldwide/MWPFSLR03K8001_04 | https://images.mcmworldwide.com/i/mcmworldwide/MWPFSLR03K8001_10 | https://images.mcmworldwide.com/i/mcmworldwide/MWPFSLR03K8001_11 | https://images.mcmworldwide.com/i/mcmworldwide/MWPFSLR03K8001_01 | https://images.mcmworldwide.com/i/mcmworldwide/MWPFSLR03K8001_09 | https://images.mcmworldwide.com/i/mcmworldwide/MWPFSLR03K8001_02 | https://images.mcmworldwide.com/i/mcmworldwide/MWPFSLR03K8001_03 | https://images.mcmworldwide.com/i/mcmworldwide/MWPFSLR03K8001_04 | https://images.mcmworldwide.com/i/mcmworldwide/MWPFSLR03K8001_10 | https://images.mcmworldwide.com/i/mcmworldwide/MWPFSLR03K8001_11 | https://images.mcmworldwide.com/i/mcmworldwide/MWPFSLR03K8001_01,https://kr.mcmworldwide.com/ko_KR/%EA%B0%80%EB%B0%A9/%ED%86%A0%ED%8A%B8%EB%B0%B1-%EC%87%BC%ED%8D%BC%EB%B0%B1/liz--%EB%B9%84%EC%84%B8%ED%86%A0%EC%8A%A4-%EC%87%BC%ED%8D%BC/MWPFSLR03K8001.html?cgid=bags-totes-shoppers
MMTGSTA05CO001,Aren 비세토스 레더 믹스 E/X 토트,,Aren,로고가 더해진 브라스 플레이트 장식과 천연 가죽 트림이 더해진 비세토스 모노그램 캔버스 토트,"하우스의 여행용 가방에서 영감을 얻은 라지 토트 백으로, 정교한 장인정신과 클래식한 실루엣이 조화를 이루었습니다. 코냑 컬러 비세토스 캔버스로 조형된 기하학적 실루엣은 시그니처 로고 브래스 플레이트와 풍부한 레더 디테일로 세련된 멋을 완성합니다. 부드러운 레더 핸들이 더해져 토트로 사용하거나, 함께 제공되는 헤링본 스트랩으로 다양한 스타일 연출이 가능합니다.",비세토스 모노그램 캔버스,코튼 안감,약 9 x 39 x 28 센티미터,이탈리아,cognac,L,품절,"탈부착이 가능하며 길이 조절이 가능한 헤링본 웨빙 스트랩 | 가죽 탑 핸들 | 로고 브라스 플레이트 | 양방향 지퍼 클로저 | 내부 슬립 포켓과 지퍼 수납공간 | 뒷면의 가죽 벨트 스트랩 디테일 | 바디:비세토스 모노그램 캔버스 | 트림:천연 가죽 | 24K 골드 도금 메탈 하드웨어 | 코튼 안감 | 약 9 x 39 x 28 센티미터 | 스트랩 길이: 120 cm - 131 cm , 핸들 드롭: 13 cm | 제조국: 이탈리아",https://images.mcmworldwide.com/i/mcmworldwide/MMTGSTA05CO001_01 | https://images.mcmworldwide.com/i/mcmworldwide/MMTGSTA05CO001_09 | https://images.mcmworldwide.com/i/mcmworldwide/MMTGSTA05CO001_02 | https://images.mcmworldwide.com/i/mcmworldwide/MMTGSTA05CO001_03 | https://images.mcmworldwide.com/i/mcmworldwide/MMTGSTA05CO001_04 | https://images.mcmworldwide.com/i/mcmworldwide/MMTGSTA05CO001_05 | https://images.mcmworldwide.com/i/mcmworldwide/MMTGSTA05CO001_06 | https://images.mcmworldwide.com/i/mcmworldwide/MMTGSTA05CO001_10 | https://images.mcmworldwide.com/i/mcmworldwide/MMTGSTA05CO001_11 | https://images.mcmworldwide.com/i/mcmworldwide/MMTGSTA05CO001_12 | https://images.mcmworldwide.com/i/mcmworldwide/MMTGSTA05CO001_01 | https://images.mcmworldwide.com/i/mcmworldwide/MMTGSTA05CO001_09 | https://images.mcmworldwide.com/i/mcmworldwide/MMTGSTA05CO001_02 | https://images.mcmworldwide.com/i/mcmworldwide/MMTGSTA05CO001_03 | https://images.mcmworldwide.com/i/mcmworldwide/MMTGSTA05CO001_04 | https://images.mcmworldwide.com/i/mcmworldwide/MMTGSTA05CO001_05 | https://images.mcmworldwide.com/i/mcmworldwide/MMTGSTA05CO001_06 | https://images.mcmworldwide.com/i/mcmworldwide/MMTGSTA05CO001_10 | https://images.mcmworldwide.com/i/mcmworldwide/MMTGSTA05CO001_11 | https://images.mcmworldwide.com/i/mcmworldwide/MMTGSTA05CO001_12,https://kr.mcmworldwide.com/ko_KR/%EA%B0%80%EB%B0%A9/%ED%86%A0%ED%8A%B8%EB%B0%B1-%EC%87%BC%ED%8D%BC%EB%B0%B1/aren-%EB%B9%84%EC%84%B8%ED%86%A0%EC%8A%A4-%EB%A0%88%EB%8D%94-%EB%AF%B9%EC%8A%A4-e%2Fx-%ED%86%A0%ED%8A%B8/MMTGSTA05CO001.html?cgid=bags-totes-shoppers
MMTGSTA01CO001,Aren 비세토스 N/S 토트,,Aren,천연 가죽 트림과 로고 우븐 웨빙 스트랩이 어우러진 비세토스 모노그램 캔버스 토트 백,"뮌헨 하우스의 트래블 헤리티지를 담아 완성된 ‘Aren’ 토트백은 도시 내 이동은 물론 대륙을 넘나드는 여행에도 완벽한 사이즈로 디자인되었습니다. 아카이브 트렁크에서 영감을 받은 로고 직조 웨빙 스트랩과 레더 행택이 더해져, 하우스 특유의 제트셋 감성을 완벽하게 담아냅니다.",비세토스 모노그램 캔버스,코튼 트윌 안감,약 10 x 36 x 38 센티미터,대한민국,cognac,L,품절,"탈부착 가능하며 길이 조절이 가능한 로고 우븐 웨빙 스트랩 | 가죽 탑 핸들 | 탈착가능한 가죽 행 테그 | 지퍼 클로저 | 내부 슬립 포켓 및 지퍼 수납공간 | 바디:비세토스 모노그램 캔버스 | 트림:천연 가죽 | 24K 골드 도금 브라스 하드웨어 | 코튼 트윌 안감 | 약 10 x 36 x 38 센티미터 | 스트랩 길이: 76 cm - 132 cm, 핸들 드롭: 11 cm | 제조국: 대한민국",https://images.mcmworldwide.com/i/mcmworldwide/MMTGSTA01CO001_01 | https://images.mcmworldwide.com/i/mcmworldwide/MMTGSTA01CO001_09 | https://images.mcmworldwide.com/i/mcmworldwide/MMTGSTA01CO001_02 | https://images.mcmworldwide.com/i/mcmworldwide/MMTGSTA01CO001_03 | https://images.mcmworldwide.com/i/mcmworldwide/MMTGSTA01CO001_04 | https://images.mcmworldwide.com/i/mcmworldwide/MMTGSTA01CO001_05 | https://images.mcmworldwide.com/i/mcmworldwide/MMTGSTA01CO001_06 | https://images.mcmworldwide.com/i/mcmworldwide/MMTGSTA01CO001_10 | https://images.mcmworldwide.com/i/mcmworldwide/MMTGSTA01CO001_01 | https://images.mcmworldwide.com/i/mcmworldwide/MMTGSTA01CO001_09 | https://images.mcmworldwide.com/i/mcmworldwide/MMTGSTA01CO001_02 | https://images.mcmworldwide.com/i/mcmworldwide/MMTGSTA01CO001_03 | https://images.mcmworldwide.com/i/mcmworldwide/MMTGSTA01CO001_04 | https://images.mcmworldwide.com/i/mcmworldwide/MMTGSTA01CO001_05 | https://images.mcmworldwide.com/i/mcmworldwide/MMTGSTA01CO001_06 | https://images.mcmworldwide.com/i/mcmworldwide/MMTGSTA01CO001_10 | https://images.mcmworldwide.com/i/mcmworldwide/MMTGSTA01CO001_01,https://kr.mcmworldwide.com/ko_KR/%EA%B0%80%EB%B0%A9/%ED%86%A0%ED%8A%B8%EB%B0%B1-%EC%87%BC%ED%8D%BC%EB%B0%B1/aren-%EB%B9%84%EC%84%B8%ED%86%A0%EC%8A%A4-n%2Fs-%ED%86%A0%ED%8A%B8/MMTGSTA01CO001.html?cgid=bags-totes-shoppers
MMTGSTA04CO001,Aren 비세토스 N/S 토트,,Aren,천연 가죽 트림과 로고 우븐 웨빙 스트랩이 어우러진 비세토스 모노그램 캔버스 토트 백,"뮌헨 하우스의 ‘트래블 스피릿’을 담아 완성된 ‘Aren’ 토트백은 이동 중에도 우아함을 잃지 않도록 세심하게 디자인되었습니다. 아카이브 트렁크에서 영감을 받은 로고 직조 웨빙 스트랩과 레더 행택이 더해져, 하우스 특유의 제트셋 감성을 완벽하게 담아냅니다.",비세토스 모노그램 캔버스,코튼 트윌 안감,약 9 x 17 x 21 센티미터,대한민국,cognac,미니,품절,"탈부착 가능하며 길이 조절이 가능한 로고 우븐 스트랩 | 가죽 탑 핸들 | 탈착가능한 가죽 행 테그 | 지퍼 클로저 | 내부 슬립 포켓 및 지퍼 수납공간 | 바디:비세토스 모노그램 캔버스 | 트림:천연 가죽 | 24K 골드 도금 브라스 하드웨어 | 코튼 트윌 안감 | 약 9 x 17 x 21 센티미터 | 스트랩 길이: 79 cm - 138 cm, 핸들 드롭: 8.5 cm | 제조국: 대한민국",https://images.mcmworldwide.com/i/mcmworldwide/MMTGSTA04CO001_01 | https://images.mcmworldwide.com/i/mcmworldwide/MMTGSTA04CO001_09 | https://images.mcmworldwide.com/i/mcmworldwide/MMTGSTA04CO001_02 | https://images.mcmworldwide.com/i/mcmworldwide/MMTGSTA04CO001_03 | https://images.mcmworldwide.com/i/mcmworldwide/MMTGSTA04CO001_04 | https://images.mcmworldwide.com/i/mcmworldwide/MMTGSTA04CO001_05 | https://images.mcmworldwide.com/i/mcmworldwide/MMTGSTA04CO001_06 | https://images.mcmworldwide.com/i/mcmworldwide/MMTGSTA04CO001_10 | https://images.mcmworldwide.com/i/mcmworldwide/MMTGSTA04CO001_11 | https://images.mcmworldwide.com/i/mcmworldwide/MMTGSTA04CO001_01 | https://images.mcmworldwide.com/i/mcmworldwide/MMTGSTA04CO001_09 | https://images.mcmworldwide.com/i/mcmworldwide/MMTGSTA04CO001_02 | https://images.mcmworldwide.com/i/mcmworldwide/MMTGSTA04CO001_03 | https://images.mcmworldwide.com/i/mcmworldwide/MMTGSTA04CO001_04 | https://images.mcmworldwide.com/i/mcmworldwide/MMTGSTA04CO001_05 | https://images.mcmworldwide.com/i/mcmworldwide/MMTGSTA04CO001_06 | https://images.mcmworldwide.com/i/mcmworldwide/MMTGSTA04CO001_10 | https://images.mcmworldwide.com/i/mcmworldwide/MMTGSTA04CO001_11 | https://images.mcmworldwide.com/i/mcmworldwide/MMTGSTA04CO001_01,https://kr.mcmworldwide.com/ko_KR/%EA%B0%80%EB%B0%A9/%ED%86%A0%ED%8A%B8%EB%B0%B1-%EC%87%BC%ED%8D%BC%EB%B0%B1/aren-%EB%B9%84%EC%84%B8%ED%86%A0%EC%8A%A4-n%2Fs-%ED%86%A0%ED%8A%B8/MMTGSTA04CO001.html?cgid=bags-totes-shoppers
MMTGSTA04BK001,Aren 비세토스 N/S 토트,,Aren,천연 가죽 트림과 로고 우븐 웨빙 스트랩이 어우러진 비세토스 모노그램 캔버스 토트 백,"뮌헨 하우스의 ‘트래블 스피릿’을 담아 완성된 ‘Aren’ 토트백은 이동 중에도 우아함을 잃지 않도록 세심하게 디자인되었습니다. 아카이브 트렁크에서 영감을 받은 로고 직조 웨빙 스트랩과 레더 행택이 더해져, 하우스 특유의 제트셋 감성을 완벽하게 담아냅니다.",비세토스 모노그램 캔버스,코튼 트윌 안감,약 9 x 17 x 21 센티미터,대한민국,black,미니,품절,"탈부착 가능하며 길이 조절이 가능한 로고 우븐 스트랩 | 가죽 탑 핸들 | 탈착가능한 가죽 행 테그 | 지퍼 클로저 | 내부 슬립 포켓 및 지퍼 수납공간 | 바디:비세토스 모노그램 캔버스 | 트림:천연 가죽 | 다크톤 코발트 메탈 하드웨어 | 코튼 트윌 안감 | 약 9 x 17 x 21 센티미터 | 스트랩 길이: 79 cm - 138 cm, 핸들 드롭: 8.5 cm | 제조국: 대한민국",https://images.mcmworldwide.com/i/mcmworldwide/MMTGSTA04BK001_01 | https://images.mcmworldwide.com/i/mcmworldwide/MMTGSTA04BK001_09 | https://images.mcmworldwide.com/i/mcmworldwide/MMTGSTA04BK001_02 | https://images.mcmworldwide.com/i/mcmworldwide/MMTGSTA04BK001_03 | https://images.mcmworldwide.com/i/mcmworldwide/MMTGSTA04BK001_04 | https://images.mcmworldwide.com/i/mcmworldwide/MMTGSTA04BK001_05 | https://images.mcmworldwide.com/i/mcmworldwide/MMTGSTA04BK001_06 | https://images.mcmworldwide.com/i/mcmworldwide/MMTGSTA04BK001_10 | https://images.mcmworldwide.com/i/mcmworldwide/MMTGSTA04BK001_11 | https://images.mcmworldwide.com/i/mcmworldwide/MMTGSTA04BK001_01 | https://images.mcmworldwide.com/i/mcmworldwide/MMTGSTA04BK001_09 | https://images.mcmworldwide.com/i/mcmworldwide/MMTGSTA04BK001_02 | https://images.mcmworldwide.com/i/mcmworldwide/MMTGSTA04BK001_03 | https://images.mcmworldwide.com/i/mcmworldwide/MMTGSTA04BK001_04 | https://images.mcmworldwide.com/i/mcmworldwide/MMTGSTA04BK001_05 | https://images.mcmworldwide.com/i/mcmworldwide/MMTGSTA04BK001_06 | https://images.mcmworldwide.com/i/mcmworldwide/MMTGSTA04BK001_10 | https://images.mcmworldwide.com/i/mcmworldwide/MMTGSTA04BK001_11 | https://images.mcmworldwide.com/i/mcmworldwide/MMTGSTA04BK001_01,https://kr.mcmworldwide.com/ko_KR/%EA%B0%80%EB%B0%A9/%ED%86%A0%ED%8A%B8%EB%B0%B1-%EC%87%BC%ED%8D%BC%EB%B0%B1/aren-%EB%B9%84%EC%84%B8%ED%86%A0%EC%8A%A4-n%2Fs-%ED%86%A0%ED%8A%B8/MMTGSTA04BK001.html?cgid=bags-totes-shoppers
MMTFAKK01BK001,Klassik 비세토스 브리프케이스,,비세토스,천연 가죽 트림과 가죽 행택이 더해진 비세토스 모노그램 캔버스 브리프케이스,"장인 정신이 돋보이는 세련된 브리프케이스. 두 개의 지퍼 수납공간으로 문서와 테크 기기를 포함한 다양한 아이템을 여유 있게 수납할 수 있습니다. 블랙 컬러의 비세토스 캔버스가 고급스러움을 더하며, 뮌헨 하우스의 여행 헤리티지를 상징하는 가죽 행택 디테일이 감각적인 포인트를 더합니다.",비세토스 모노그램 캔버스,코튼 트윌 안감,약 7 x 38 x 28 센티미터,대한민국,black,L,품절,"탈부착이 가능하며 길이 조절이 가능한 로고 우븐 패브릭 스트랩 | 서류와 소지품을 보관할 수 있는 앞면 지퍼 수납공간 | 탈착가능한 가죽 행 테그 | 노트북 태블릿 등 테크 기기를 위한 뒷면 지퍼 포켓 | 바디:비세토스 모노그램 캔버스 | 트림:천연 가죽 | 다크 실버톤 코발트 메탈 하드웨어 | 코튼 트윌 안감 | 약 7 x 38 x 28 센티미터 | 스트랩 길이:81.5 cm - 145 cm, 핸들 길이: 9 cm | 제조국: 대한민국",https://images.mcmworldwide.com/i/mcmworldwide/MMTFAKK01BK001_01 | https://images.mcmworldwide.com/i/mcmworldwide/MMTFAKK01BK001_09 | https://images.mcmworldwide.com/i/mcmworldwide/MMTFAKK01BK001_02 | https://images.mcmworldwide.com/i/mcmworldwide/MMTFAKK01BK001_03 | https://images.mcmworldwide.com/i/mcmworldwide/MMTFAKK01BK001_04 | https://images.mcmworldwide.com/i/mcmworldwide/MMTFAKK01BK001_10 | https://images.mcmworldwide.com/i/mcmworldwide/MMTFAKK01BK001_01 | https://images.mcmworldwide.com/i/mcmworldwide/MMTFAKK01BK001_09 | https://images.mcmworldwide.com/i/mcmworldwide/MMTFAKK01BK001_02 | https://images.mcmworldwide.com/i/mcmworldwide/MMTFAKK01BK001_03 | https://images.mcmworldwide.com/i/mcmworldwide/MMTFAKK01BK001_04 | https://images.mcmworldwide.com/i/mcmworldwide/MMTFAKK01BK001_10,https://kr.mcmworldwide.com/ko_KR/%EA%B0%80%EB%B0%A9/%ED%86%A0%ED%8A%B8%EB%B0%B1-%EC%87%BC%ED%8D%BC%EB%B0%B1/klassik-%EB%B9%84%EC%84%B8%ED%86%A0%EC%8A%A4-%EB%B8%8C%EB%A6%AC%ED%94%84%EC%BC%80%EC%9D%B4%EC%8A%A4/MMTFAKK01BK001.html?cgid=bags-totes-shoppers
MWPEATA02CO001,Leni 비세토스 쇼퍼,,비세토스,앞면 플랩 수납공간과 천연 나파 가죽 트림이 돋보이는 비세토스 캐리올 쇼퍼,"클래식한 우아함과 현대적인 감성을 조화롭게 담아낸 Leni 쇼퍼백은, 당당하고 아름다운 현대 여성의 삶을 디자인에 녹여냈습니다. 시그니처인 캔버스와 천연 가죽 소재를 사용하여 정교하게 제작되었으며, 뮌헨의 바이에른 다이아몬드에서 영감을 받은 전면의 두 개 수납공간은 독창적인 포인트를 더합니다.",비세토스 모노그램 캔버스,코튼 캔버스 안감.,약 16 x 34 x 36 센티미터,대한민국,cognac,X라지,품절,고리 클로저 | 앞면 플랩 포켓 2개 | 참고: 마마 파우치 별도 판매 | 바디: 비세토스 모노그램 캔버스 | 트림: 천연 나파 가죽 | 24K 도금 브라스 금속 장식 | 코튼 캔버스 안감. | 약 16 x 34 x 36 센티미터 | 핸들 드롭: 25cm. | 제조국: 대한민국,https://images.mcmworldwide.com/i/mcmworldwide/MWPEATA02CO001_01 | https://images.mcmworldwide.com/i/mcmworldwide/MWPEATA02CO001_09 | https://images.mcmworldwide.com/i/mcmworldwide/MWPEATA02CO001_02 | https://images.mcmworldwide.com/i/mcmworldwide/MWPEATA02CO001_03 | https://images.mcmworldwide.com/i/mcmworldwide/MWPEATA02CO001_04 | https://images.mcmworldwide.com/i/mcmworldwide/MWPEATA02CO001_10 | https://images.mcmworldwide.com/i/mcmworldwide/MWPEATA02CO001_01 | https://images.mcmworldwide.com/i/mcmworldwide/MWPEATA02CO001_09 | https://images.mcmworldwide.com/i/mcmworldwide/MWPEATA02CO001_02 | https://images.mcmworldwide.com/i/mcmworldwide/MWPEATA02CO001_03 | https://images.mcmworldwide.com/i/mcmworldwide/MWPEATA02CO001_04 | https://images.mcmworldwide.com/i/mcmworldwide/MWPEATA02CO001_10 | https://images.mcmworldwide.com/i/mcmworldwide/MWPEATA02CO001_01,https://kr.mcmworldwide.com/ko_KR/%EA%B0%80%EB%B0%A9/%ED%86%A0%ED%8A%B8%EB%B0%B1-%EC%87%BC%ED%8D%BC%EB%B0%B1/leni-%EB%B9%84%EC%84%B8%ED%86%A0%EC%8A%A4-%EC%87%BC%ED%8D%BC/MWPEATA02CO001.html?cgid=bags-totes-shoppers
MWPGSTA01PZ001,Leni 비세토스 쇼퍼,,비세토스,앞면 플랩 수납 공간과 천연 나파 가죽 트림이 더해진 비세토스 캐리올 쇼퍼,현대 여성을 위한 움직이는 기념비와 같은 레니 쇼퍼백. 클래식한 우아함과 현대적인 감각을 융합한 아이템으로 시그니처 비세토스 캔버스와 천연 가죽을 사용하여 제작되었습니다. 높이 솟은 실루엣은 더해진 앞면의 수납공간은 뮌헨의 바이에른 다이아몬들에서 영감을 받았습니다.,비세토스 모노그램 캔버스,패브릭 안감,약 16 x 34 x 36 센티미터,대한민국,soft pink,X라지,품절,잠금 장치 | 두개의 앞면 플랩 포켓 | 바디:비세토스 모노그램 캔버스 | 트림:천연 가죽 | 16K 골드 도금 메탈 하드웨어 | 패브릭 안감 | 약 16 x 34 x 36 센티미터 | 핸들 드롭: 25 cm | 제조국: 대한민국,https://images.mcmworldwide.com/i/mcmworldwide/MWPGSTA01PZ001_01 | https://images.mcmworldwide.com/i/mcmworldwide/MWPGSTA01PZ001_09 | https://images.mcmworldwide.com/i/mcmworldwide/MWPGSTA01PZ001_02 | https://images.mcmworldwide.com/i/mcmworldwide/MWPGSTA01PZ001_03 | https://images.mcmworldwide.com/i/mcmworldwide/MWPGSTA01PZ001_04 | https://images.mcmworldwide.com/i/mcmworldwide/MWPGSTA01PZ001_05 | https://images.mcmworldwide.com/i/mcmworldwide/MWPGSTA01PZ001_10 | https://images.mcmworldwide.com/i/mcmworldwide/MWPGSTA01PZ001_01 | https://images.mcmworldwide.com/i/mcmworldwide/MWPGSTA01PZ001_09 | https://images.mcmworldwide.com/i/mcmworldwide/MWPGSTA01PZ001_02 | https://images.mcmworldwide.com/i/mcmworldwide/MWPGSTA01PZ001_03 | https://images.mcmworldwide.com/i/mcmworldwide/MWPGSTA01PZ001_04 | https://images.mcmworldwide.com/i/mcmworldwide/MWPGSTA01PZ001_05 | https://images.mcmworldwide.com/i/mcmworldwide/MWPGSTA01PZ001_10 | https://images.mcmworldwide.com/i/mcmworldwide/MWPGSTA01PZ001_01,https://kr.mcmworldwide.com/ko_KR/%EA%B0%80%EB%B0%A9/%ED%86%A0%ED%8A%B8%EB%B0%B1-%EC%87%BC%ED%8D%BC%EB%B0%B1/-leni-%EB%B9%84%EC%84%B8%ED%86%A0%EC%8A%A4-%EC%87%BC%ED%8D%BC/MWPGSTA01PZ001.html?cgid=bags-totes-shoppers
MMTFAAK01CO001,다이아몬드 비세토스 E/W 토트,,비세토스,라우렐 로고와 천연 가죽 트리밍이 더해진 비세토스 모노그램 캔버스 E/W 토트백,"시그니처 코냑 컬러의 비세토스 캔버스로 완성된 E/W 토트백. 뮌헨의 바바리안 다이아몬드에서 영감을 받은 기하학적인 가죽 디테일이 돋보입니다. 내부는 코튼 트윌 소재로 마감되었으며, 16인치 노트북도 여유 있게 수납 가능한 넉넉한 공간과 3개의 포켓으로 실용성을 더했습니다. 견고한 지퍼 클로저와 정교한 가죽 디테일이 세련된 실루엣을 완성합니다.",탈부착이 가능하며 길이 조절이 가능한 패브릭 크로스바디 스트랩,코튼 트윌 안감,약 14 x 38 x 32 센티미터,대한민국,cognac,L,품절,"탈부착이 가능하며 길이 조절이 가능한 패브릭 크로스바디 스트랩 | 가죽 탑 핸들 | 앞면 지퍼 포켓 | 앞면의 라우렐 로고 모티프 | 지퍼 클로저 | 2개의 내부 슬립 포켓 | 내부 지퍼 수납공간 | 16인치 맥북 프로 수납 가능 | 바디:비세토스 모노그램 캔버스 | 트림:천연 가죽 | 24K 골드 도금 브라스 하드웨어 | 코튼 트윌 안감 | 약 14 x 38 x 32 센티미터 | 스트랩 길이:76 cm - 136 cm, 핸들 길이: 11 cm | 제조국: 대한민국",https://images.mcmworldwide.com/i/mcmworldwide/MMTFAAK01CO001_01 | https://images.mcmworldwide.com/i/mcmworldwide/MMTFAAK01CO001_09 | https://images.mcmworldwide.com/i/mcmworldwide/MMTFAAK01CO001_02 | https://images.mcmworldwide.com/i/mcmworldwide/MMTFAAK01CO001_03 | https://images.mcmworldwide.com/i/mcmworldwide/MMTFAAK01CO001_04 | https://images.mcmworldwide.com/i/mcmworldwide/MMTFAAK01CO001_10 | https://images.mcmworldwide.com/i/mcmworldwide/MMTFAAK01CO001_11 | https://images.mcmworldwide.com/i/mcmworldwide/MMTFAAK01CO001_01 | https://images.mcmworldwide.com/i/mcmworldwide/MMTFAAK01CO001_09 | https://images.mcmworldwide.com/i/mcmworldwide/MMTFAAK01CO001_02 | https://images.mcmworldwide.com/i/mcmworldwide/MMTFAAK01CO001_03 | https://images.mcmworldwide.com/i/mcmworldwide/MMTFAAK01CO001_04 | https://images.mcmworldwide.com/i/mcmworldwide/MMTFAAK01CO001_10 | https://images.mcmworldwide.com/i/mcmworldwide/MMTFAAK01CO001_11,https://kr.mcmworldwide.com/ko_KR/%EA%B0%80%EB%B0%A9/%ED%86%A0%ED%8A%B8%EB%B0%B1-%EC%87%BC%ED%8D%BC%EB%B0%B1/%EB%8B%A4%EC%9D%B4%EC%95%84%EB%AA%AC%EB%93%9C-%EB%B9%84%EC%84%B8%ED%86%A0%EC%8A%A4-e%2Fw-%ED%86%A0%ED%8A%B8/MMTFAAK01CO001.html?cgid=bags-totes-shoppers
MWTGSTA04BK001,Aren 패브릭 토트,,Aren,"MCM 로고 모티프, 탈부착 가능한 가죽 참, 가죽 트리밍이 더해진 패브릭 토트백",프리미엄 이탈리아산 코튼-리넨 혼방 소재로 선보이는 라지 Aren 토트백으로 하우스를 상징하는 라우렐 엠블럼으로 포인트를 더했습니다. 탈부착 가능한 바이에른 다이아몬드 참을 포함한 화이트 가죽 디테일이 입체감이 돋보이는 실루엣에 한층 더 고급스러움을 부여합니다.,,코튼 안감,약 14 x 39 x 29 센티미터,대한민국,black,L,품절,"탈부착 및 길이 조절이 가능한 스트랩 | 가죽 탑 핸들 | 탈착 가능한 로고가 새겨진 바바리안 다이아몬드 레더 참 | 앞면의 라우렐 로고 모티프 | 내부 지퍼 포켓 및 슬립 포켓 | 바닥 보호를 위한 레더 패드 | 겉감: 이탈리아산 코튼-리넨 혼방 원단 | 트림: 가죽 | 실버톤 코발트 메탈 하드웨어 | 코튼 안감 | 약 14 x 39 x 29 센티미터 | 스트랩길이: 88cm - 109.5cm, 핸들 드롭: 11.5cm | 제조국: 대한민국",https://images.mcmworldwide.com/i/mcmworldwide/MWTGSTA04BK001_01 | https://images.mcmworldwide.com/i/mcmworldwide/MWTGSTA04BK001_02 | https://images.mcmworldwide.com/i/mcmworldwide/MWTGSTA04BK001_03 | https://images.mcmworldwide.com/i/mcmworldwide/MWTGSTA04BK001_04 | https://images.mcmworldwide.com/i/mcmworldwide/MWTGSTA04BK001_05 | https://images.mcmworldwide.com/i/mcmworldwide/MWTGSTA04BK001_01 | https://images.mcmworldwide.com/i/mcmworldwide/MWTGSTA04BK001_02 | https://images.mcmworldwide.com/i/mcmworldwide/MWTGSTA04BK001_03 | https://images.mcmworldwide.com/i/mcmworldwide/MWTGSTA04BK001_04 | https://images.mcmworldwide.com/i/mcmworldwide/MWTGSTA04BK001_05,https://kr.mcmworldwide.com/ko_KR/%EA%B0%80%EB%B0%A9/%ED%86%A0%ED%8A%B8%EB%B0%B1-%EC%87%BC%ED%8D%BC%EB%B0%B1/aren-%ED%8C%A8%EB%B8%8C%EB%A6%AD-%ED%86%A0%ED%8A%B8/MWTGSTA04BK001.html?cgid=bags-totes-shoppers
MMTGSTA02CO001,Aren 비세토스 패커블 토트,,Aren,비세토스 모노그램 올오버 프린트와 천연 가죽 트리밍이 어우러진 패커블 나일론 토트백,"실용성을 중시하는 하우스 철학을 바탕으로 탄생한 이 토트백은 이탈리아산 나일론 소재로 가벼우며, 접으면 작아져 지퍼 파우치로 변형 가능한 패커블 디자인이 특징입니다. 클래식한 코냑 컬러와 블랙 컬러 디테일이 볼륨감 있는 우아한 실루엣을 완성합니다.",이탈리안 나일론,나일론 안감,약 15 x 39 x 33 센티미터,대한민국,cognac,L,품절,탑 핸들 스트랩 | 지퍼 파우치로 변형 가능한 패커블 디자인 | 비세토스 모노그램 전면 프린트 | 로고 브라스 플레이트 | 앞면 지퍼 포켓 | 스냅 클로저 | 바디: 이탈리안 나일론 | 트림:천연 가죽 | 무광 블랙 메탈 하드웨어 | 나일론 안감 | 약 15 x 39 x 33 센티미터 | 핸들 드롭: 29 cm | 제조국: 대한민국,https://images.mcmworldwide.com/i/mcmworldwide/MMTGSTA02CO001_01 | https://images.mcmworldwide.com/i/mcmworldwide/MMTGSTA02CO001_09 | https://images.mcmworldwide.com/i/mcmworldwide/MMTGSTA02CO001_02 | https://images.mcmworldwide.com/i/mcmworldwide/MMTGSTA02CO001_03 | https://images.mcmworldwide.com/i/mcmworldwide/MMTGSTA02CO001_04 | https://images.mcmworldwide.com/i/mcmworldwide/MMTGSTA02CO001_05 | https://images.mcmworldwide.com/i/mcmworldwide/MMTGSTA02CO001_06 | https://images.mcmworldwide.com/i/mcmworldwide/MMTGSTA02CO001_10 | https://images.mcmworldwide.com/i/mcmworldwide/MMTGSTA02CO001_11 | https://images.mcmworldwide.com/i/mcmworldwide/MMTGSTA02CO001_12 | https://images.mcmworldwide.com/i/mcmworldwide/MMTGSTA02CO001_01 | https://images.mcmworldwide.com/i/mcmworldwide/MMTGSTA02CO001_09 | https://images.mcmworldwide.com/i/mcmworldwide/MMTGSTA02CO001_02 | https://images.mcmworldwide.com/i/mcmworldwide/MMTGSTA02CO001_03 | https://images.mcmworldwide.com/i/mcmworldwide/MMTGSTA02CO001_04 | https://images.mcmworldwide.com/i/mcmworldwide/MMTGSTA02CO001_05 | https://images.mcmworldwide.com/i/mcmworldwide/MMTGSTA02CO001_06 | https://images.mcmworldwide.com/i/mcmworldwide/MMTGSTA02CO001_10 | https://images.mcmworldwide.com/i/mcmworldwide/MMTGSTA02CO001_11 | https://images.mcmworldwide.com/i/mcmworldwide/MMTGSTA02CO001_12,https://kr.mcmworldwide.com/ko_KR/%EA%B0%80%EB%B0%A9/%ED%86%A0%ED%8A%B8%EB%B0%B1-%EC%87%BC%ED%8D%BC%EB%B0%B1/aren-%EB%B9%84%EC%84%B8%ED%86%A0%EC%8A%A4-%ED%8C%A8%EC%BB%A4%EB%B8%94-%ED%86%A0%ED%8A%B8/MMTGSTA02CO001.html?cgid=bags-totes-shoppers
MWPGAUP02BK001,MCM X ATEEZ with MINGI Toni 탑 지퍼 비세토스 쇼퍼,,Toni,‘FIX ON’ 그래픽과 ATEEZ 로고 디테일이 조화를 이루는 비세토스 쇼퍼,"민기의 시그니처 ‘FIX ON’ 그래픽이 더해진 미니 쇼퍼는 ATEEZ 특유의 감각적인 무드를 담아냅니다. 비세토스 모노그램 캔버스와 실용적인 실루엣, 뒷면의 워드마크 엠블럼 디테일이 조화를 이루며 데일리 스타일링에 자연스럽게 어우러집니다.",비세토스 모노그램 캔버스,코튼 캔버스 라이닝,약 10 x 19 x 19 센티미터,대한민국,black,미니,품절,"앞면의 ‘FIX ON’ 그래픽 디테일 | 뒷면의 ATEEZ 로고 디테일 | 외부 후면 슬립 포켓 | 탑 지퍼 클로저 | 내부 지퍼 포켓 및 슬립 포켓 | 외부 D링 디테일 | 바디:비세토스 모노그램 캔버스 | 트림: 나파 가죽 | 실버톤 코발트 메탈 하드웨어 | 코튼 캔버스 라이닝 | 약 10 x 19 x 19 센티미터 | 스트랩 길이: 98 cm - 114 cm, 핸들 드롭: 10cm | 제조국: 대한민국",https://images.mcmworldwide.com/i/mcmworldwide/MWPGAUP02BK001_01 | https://images.mcmworldwide.com/i/mcmworldwide/MWPGAUP02BK001_02 | https://images.mcmworldwide.com/i/mcmworldwide/MWPGAUP02BK001_03 | https://images.mcmworldwide.com/i/mcmworldwide/MWPGAUP02BK001_04 | https://images.mcmworldwide.com/i/mcmworldwide/MWPGAUP02BK001_05 | https://images.mcmworldwide.com/i/mcmworldwide/MWPGAUP02BK001_06 | https://images.mcmworldwide.com/i/mcmworldwide/MWPGAUP02BK001_01 | https://images.mcmworldwide.com/i/mcmworldwide/MWPGAUP02BK001_02 | https://images.mcmworldwide.com/i/mcmworldwide/MWPGAUP02BK001_03 | https://images.mcmworldwide.com/i/mcmworldwide/MWPGAUP02BK001_04 | https://images.mcmworldwide.com/i/mcmworldwide/MWPGAUP02BK001_05 | https://images.mcmworldwide.com/i/mcmworldwide/MWPGAUP02BK001_06 | https://images.mcmworldwide.com/i/mcmworldwide/MWPGAUP02BK001_01,https://kr.mcmworldwide.com/ko_KR/%EA%B0%80%EB%B0%A9/%ED%86%A0%ED%8A%B8%EB%B0%B1-%EC%87%BC%ED%8D%BC%EB%B0%B1/mcm-x-ateez-with-mingi-toni-%ED%83%91-%EC%A7%80%ED%8D%BC-%EB%B9%84%EC%84%B8%ED%86%A0%EC%8A%A4-%EC%87%BC%ED%8D%BC/MWPGAUP02BK001.html?cgid=bags-totes-shoppers
MWPGSMT12L8001,Toni 그라데이션 탑 지퍼 쇼퍼,,Toni,그라데이션 모티프에 천연 가죽 트림이 더해진 비세토스 모노그램 캔버스 쇼퍼 백,시그니처 비세토스 모노그램 위로 세 가지 컬러가 이루어내는 그라데이션이 시즌 무드를 담아냅니다. 창의성과 장인정신이 조화를 이루는 이 토니 쇼퍼는 블루 가죽 포인트와 바이에른 다이아몬드에서 영감을 받은 탈부착 가죽 참으로 세련되게 마감되었습니다.,비세토스 모노그램 캔버스,스웨이드 마감의 극세사 안감,약 16 x 35 x 30 센티미터,대한민국,della robbia blue,M,품절,가죽 핸들 | 탈착 가능한 바바리안 다이아몬드 가죽 참 | 그라데이션 효과 | 로고 브라스 플레이트 | 지퍼 클로저 | 내부 슬립 포켓 | D링 참 장식 디테일 | 바디:비세토스 모노그램 캔버스 | 트림:천연 가죽 | 실버톤 코발트 메탈 하드웨어 | 스웨이드 마감의 극세사 안감 | 약 16 x 35 x 30 센티미터 | 핸들 드롭: 26.5 cm | 제조국: 대한민국,https://images.mcmworldwide.com/i/mcmworldwide/MWPGSMT12L8001_01 | https://images.mcmworldwide.com/i/mcmworldwide/MWPGSMT12L8001_09 | https://images.mcmworldwide.com/i/mcmworldwide/MWPGSMT12L8001_02 | https://images.mcmworldwide.com/i/mcmworldwide/MWPGSMT12L8001_03 | https://images.mcmworldwide.com/i/mcmworldwide/MWPGSMT12L8001_04 | https://images.mcmworldwide.com/i/mcmworldwide/MWPGSMT12L8001_05 | https://images.mcmworldwide.com/i/mcmworldwide/MWPGSMT12L8001_10 | https://images.mcmworldwide.com/i/mcmworldwide/MWPGSMT12L8001_11 | https://images.mcmworldwide.com/i/mcmworldwide/MWPGSMT12L8001_01 | https://images.mcmworldwide.com/i/mcmworldwide/MWPGSMT12L8001_09 | https://images.mcmworldwide.com/i/mcmworldwide/MWPGSMT12L8001_02 | https://images.mcmworldwide.com/i/mcmworldwide/MWPGSMT12L8001_03 | https://images.mcmworldwide.com/i/mcmworldwide/MWPGSMT12L8001_04 | https://images.mcmworldwide.com/i/mcmworldwide/MWPGSMT12L8001_05 | https://images.mcmworldwide.com/i/mcmworldwide/MWPGSMT12L8001_10 | https://images.mcmworldwide.com/i/mcmworldwide/MWPGSMT12L8001_11,https://kr.mcmworldwide.com/ko_KR/%EA%B0%80%EB%B0%A9/%ED%86%A0%ED%8A%B8%EB%B0%B1-%EC%87%BC%ED%8D%BC%EB%B0%B1/toni-%EA%B7%B8%EB%9D%BC%EB%8D%B0%EC%9D%B4%EC%85%98-%ED%83%91-%EC%A7%80%ED%8D%BC-%EC%87%BC%ED%8D%BC/MWPGSMT12L8001.html?cgid=bags-totes-shoppers
MWTESBO06CO001,München 비세토스 토트,,비세토스,가죽 스트랩과 천연 나파 가죽 트림이 더해진 비세토스 모노그램 캔버스 토트 백,"MCM의 탄생지에 바치는 웅장한 헌사, München(뮌헨) 토트 백은 바이에른 수도의 기념비적인 정신을 담아냅니다. 아카이브 러기지에서 영감을 받은 디자인으로, 부드러운 가죽을 사용한 코너 디테일은 브랜드의 제트셋 헤리티지를 연상시킵니다. 내부는 넉넉한 마이크로파이버 스웨이드 안감과 여유로운 수납 공간을 갖추어 기능미를 완성했습니다. 여기에 모노그램 파우치를 함께 구성해, 단독으로도 활용할 수 있는 특별한 디테일을 더했습니다.",탈부착이 가능하며 길이 조절이 가능한 가죽 크로스바디 스트랩,스웨이드 마감의 극세사 안감,약 15 x 38 x 28 센티미터,대한민국,cognac,L,품절,"탈부착이 가능하며 길이 조절이 가능한 가죽 크로스바디 스트랩 | 가죽 탑 핸들 | 탈착 가능한 비세토스 파우치 | 후크 잠금 장지 | 내부 포켓과 지퍼 포켓 | 가방 바닥 보호에 도움을 주는 메탈 피트 | 바디:비세토스 모노그램 캔버스 | 트림: 천연 나파 가죽 | 24K 골드 도금 메탈 하드웨어 | 스웨이드 마감의 극세사 안감 | 약 15 x 38 x 28 센티미터 | 스트랩 길이: 94.5cm - 110.5cm, 핸들 드롭: 10cm | 제조국: 대한민국",https://images.mcmworldwide.com/i/mcmworldwide/MWTESBO06CO001_01 | https://images.mcmworldwide.com/i/mcmworldwide/MWTESBO06CO001_09 | https://images.mcmworldwide.com/i/mcmworldwide/MWTESBO06CO001_02 | https://images.mcmworldwide.com/i/mcmworldwide/MWTESBO06CO001_03 | https://images.mcmworldwide.com/i/mcmworldwide/MWTESBO06CO001_04 | https://images.mcmworldwide.com/i/mcmworldwide/MWTESBO06CO001_10 | https://images.mcmworldwide.com/i/mcmworldwide/MWTESBO06CO001_01 | https://images.mcmworldwide.com/i/mcmworldwide/MWTESBO06CO001_09 | https://images.mcmworldwide.com/i/mcmworldwide/MWTESBO06CO001_02 | https://images.mcmworldwide.com/i/mcmworldwide/MWTESBO06CO001_03 | https://images.mcmworldwide.com/i/mcmworldwide/MWTESBO06CO001_04 | https://images.mcmworldwide.com/i/mcmworldwide/MWTESBO06CO001_10,https://kr.mcmworldwide.com/ko_KR/%EA%B0%80%EB%B0%A9/%ED%86%A0%ED%8A%B8%EB%B0%B1-%EC%87%BC%ED%8D%BC%EB%B0%B1/m%C3%BCnchen-%EB%B9%84%EC%84%B8%ED%86%A0%EC%8A%A4-%ED%86%A0%ED%8A%B8/MWTESBO06CO001.html?cgid=bags-totes-shoppers
MWPESAC04BK001,Himmel 엠보스드 로고 레더 쇼퍼,,,엠보스드 MCM 로고 모티프와 바이에른 다이아몬드 가죽 참이 있는 그레인 가죽 소재의 쇼퍼,영광스러운 라우렐 엠블럼이 새겨져 있으며 비세토스 모노그램 프린트 가죽 안감으로 클래식한 터치를 더한 미니 Himmel 쇼퍼입니다. 실루엣에는 단독으로 사용할 수 있는 지퍼 파우치와 탈부착 가능한 바이에른 다이아몬드 로고 가죽 참이 포함되어 있습니다.,엠보스드 가죽,비세토스 모노그램 프린트 가죽 안감,약 12 x 21 x 21 센티미터,이탈리아,black,미니,품절,조절 가능한 가죽 핸들 | 앞면의 엠보스드 라우렐 로고 모티프 | 탈부착 가능한 바이에른 다이아몬드 로고 가죽 참 | 탈부착 가능한 지퍼 파우치 | 바디: 엠보스드 가죽 | 24K 도금 브라스 금속 장식 | 비세토스 모노그램 프린트 가죽 안감 | 약 12 x 21 x 21 센티미터 | 핸들 드롭: 17.5cm | 제조국: 이탈리아,https://images.mcmworldwide.com/i/mcmworldwide/MWPESAC04BK001_01 | https://images.mcmworldwide.com/i/mcmworldwide/MWPESAC04BK001_09 | https://images.mcmworldwide.com/i/mcmworldwide/MWPESAC04BK001_02 | https://images.mcmworldwide.com/i/mcmworldwide/MWPESAC04BK001_03 | https://images.mcmworldwide.com/i/mcmworldwide/MWPESAC04BK001_04 | https://images.mcmworldwide.com/i/mcmworldwide/MWPESAC04BK001_10 | https://images.mcmworldwide.com/i/mcmworldwide/MWPESAC04BK001_01 | https://images.mcmworldwide.com/i/mcmworldwide/MWPESAC04BK001_09 | https://images.mcmworldwide.com/i/mcmworldwide/MWPESAC04BK001_02 | https://images.mcmworldwide.com/i/mcmworldwide/MWPESAC04BK001_03 | https://images.mcmworldwide.com/i/mcmworldwide/MWPESAC04BK001_04 | https://images.mcmworldwide.com/i/mcmworldwide/MWPESAC04BK001_10,https://kr.mcmworldwide.com/ko_KR/%EA%B0%80%EB%B0%A9/%ED%86%A0%ED%8A%B8%EB%B0%B1-%EC%87%BC%ED%8D%BC%EB%B0%B1/himmel-%EC%97%A0%EB%B3%B4%EC%8A%A4%EB%93%9C-%EB%A1%9C%EA%B3%A0-%EB%A0%88%EB%8D%94-%EC%87%BC%ED%8D%BC/MWPESAC04BK001.html?cgid=bags-totes-shoppers
MWPFATA01BK001,Aren ECONYL®과 가죽 마마 쇼퍼,,Aren,"바바리안 다이아몬드 가죽 참, 라우렐 로고 하드웨어, 비세토스 모노그램 프린트 가죽 트림이 특징인 ECONYL® 쇼퍼백","아렌 마마 쇼퍼가 폐어망을 재활용한 친환경 소재인 리사이클드 나일론 ECONYL® 블랙 컬러로 선보입니다. 슬림한 실루엣에 비세토스 모노그램 프린트 가죽 핸들과 바이에른 다이아몬드에서 영감을 받은 가죽 참 장식이 어우러져 세련된 포인트를 더합니다. 외부 포켓은 필수품 수납에 용이하며, 넉넉한 내부 공간 양옆은 메탈 후크 잠금장치를 통해 수납 공간을 조절할 수 있습니다.",ECONYL® 재생 나일론,패브릭 안감,약 20 x 29 x 35 센티미터,대한민국,black,X라지,품절,가죽 탑 핸들 | 비세토스 모노그램 프린트가 더해진 탈부착 가능한 다이아몬드 가죽 참 | 앞면에 라우렐 로고가 더해진 하드웨어 | 외부 사이드 슬립 포켓 | 마그네틱 탭 클로저 | 내부 지퍼 수납공간 | 내부 후크 잠금장치 | 바닥 보호를 위한 레더 패드 | 바디:ECONYL® 재생 나일론 | 트림: 비세토스 모노그램 프린트가 더해진 그레인 레더 | 실버톤 코발트 메탈 하드웨어 | 패브릭 안감 | 약 20 x 29 x 35 센티미터 | 핸들 드롭: 25cm | 제조국: 대한민국,https://images.mcmworldwide.com/i/mcmworldwide/MWPFATA01BK001_01 | https://images.mcmworldwide.com/i/mcmworldwide/MWPFATA01BK001_09 | https://images.mcmworldwide.com/i/mcmworldwide/MWPFATA01BK001_02 | https://images.mcmworldwide.com/i/mcmworldwide/MWPFATA01BK001_03 | https://images.mcmworldwide.com/i/mcmworldwide/MWPFATA01BK001_04 | https://images.mcmworldwide.com/i/mcmworldwide/MWPFATA01BK001_05 | https://images.mcmworldwide.com/i/mcmworldwide/MWPFATA01BK001_10 | https://images.mcmworldwide.com/i/mcmworldwide/MWPFATA01BK001_01 | https://images.mcmworldwide.com/i/mcmworldwide/MWPFATA01BK001_09 | https://images.mcmworldwide.com/i/mcmworldwide/MWPFATA01BK001_02 | https://images.mcmworldwide.com/i/mcmworldwide/MWPFATA01BK001_03 | https://images.mcmworldwide.com/i/mcmworldwide/MWPFATA01BK001_04 | https://images.mcmworldwide.com/i/mcmworldwide/MWPFATA01BK001_05 | https://images.mcmworldwide.com/i/mcmworldwide/MWPFATA01BK001_10,https://kr.mcmworldwide.com/ko_KR/%EA%B0%80%EB%B0%A9/%ED%86%A0%ED%8A%B8%EB%B0%B1-%EC%87%BC%ED%8D%BC%EB%B0%B1/aren-econyl%C2%AE%EA%B3%BC-%EA%B0%80%EC%A3%BD-%EB%A7%88%EB%A7%88-%EC%87%BC%ED%8D%BC/MWPFATA01BK001.html?cgid=bags-totes-shoppers
MWPFSTA04BK001,재생 나일론 및 모노그램 프린트 가죽 소재의 Aren 쇼퍼,,Aren,비세토스 모노그램 프린트 가죽 트림과 바이에른 다이아몬드 가죽 로고 참이 돋보이는 재생 나일론 쇼퍼,이탈리아산 재생 나일론으로 제작한 엑스트라 미니 Aren 쇼퍼백은 비세토스 모노그램 프린트 가죽 포인트로 프레임된 작은 사이즈의 동반자입니다. 클래식 코드는 뮌헨의 바이에른 다이아몬드에서 영감을 받은 탈부착 가능한 다이아몬드 가죽 로고 참과 라우렐 로고 금속 장식으로 실루엣을 더욱 강조합니다.,이탈리아산 재생 나일론,패브릭 안감.,약 9 x 16 x 14 센티미터,대한민국,black,엑스트라 미니,품절,"탈부착 및 조절 가능한 비세토스 모노그램 프린트 가죽 스트랩 | 레더 손잡이 부분 | 앞면의 라우렐 로고 금속 장식 | 비세토스 모노그램 프린트의 탈부착 가능한 다이아몬드 가죽 로고 참 | 지퍼 클로저 | 내부 포켓 및 카드 슬롯 | 바디: 이탈리아산 재생 나일론 | 트림: 비세토스 모노그램 프린트 가죽 | 실버톤 코발트 금속 장식 | 패브릭 안감. | 약 9 x 16 x 14 센티미터 | 스트랩 길이: 94.5cm~118.5cm, 핸들 드롭: 7.5cm | 제조국: 대한민국",https://images.mcmworldwide.com/i/mcmworldwide/MWPFSTA04BK001_01 | https://images.mcmworldwide.com/i/mcmworldwide/MWPFSTA04BK001_09 | https://images.mcmworldwide.com/i/mcmworldwide/MWPFSTA04BK001_02 | https://images.mcmworldwide.com/i/mcmworldwide/MWPFSTA04BK001_03 | https://images.mcmworldwide.com/i/mcmworldwide/MWPFSTA04BK001_04 | https://images.mcmworldwide.com/i/mcmworldwide/MWPFSTA04BK001_01 | https://images.mcmworldwide.com/i/mcmworldwide/MWPFSTA04BK001_09 | https://images.mcmworldwide.com/i/mcmworldwide/MWPFSTA04BK001_02 | https://images.mcmworldwide.com/i/mcmworldwide/MWPFSTA04BK001_03 | https://images.mcmworldwide.com/i/mcmworldwide/MWPFSTA04BK001_04,https://kr.mcmworldwide.com/ko_KR/%EA%B0%80%EB%B0%A9/%ED%86%A0%ED%8A%B8%EB%B0%B1-%EC%87%BC%ED%8D%BC%EB%B0%B1/%EC%9E%AC%EC%83%9D-%EB%82%98%EC%9D%BC%EB%A1%A0-%EB%B0%8F-%EB%AA%A8%EB%85%B8%EA%B7%B8%EB%9E%A8-%ED%94%84%EB%A6%B0%ED%8A%B8-%EA%B0%80%EC%A3%BD-%EC%86%8C%EC%9E%AC%EC%9D%98-aren-%EC%87%BC%ED%8D%BC/MWPFSTA04BK001.html?cgid=bags-totes-shoppers
MMTGATA01BK001,Aren 노바 모노그램 ECONYL® 토트,,Aren,브라스 로고 플레이트와 비세토스 모노그램 모티프가 더해진 ECONYL® 재생 나일론 토트백,뮌헨 하우스가 제안하는 디자인의 새로운 혁신. ECONYL®로 제작된 Aren(아렌) 노바 토트는 절제된 모노크롬 컬러가 돋보이는 아방가르드 실루엣으로 선보입니다. 브랜드의 헤리티지를 이어가면서도 미래지향적인 감각을 담은 이 백은 시그니처 로고 플레이트와 톤온톤으로 표현한 클래식 비세토스 모노그램으로 완성하였습니다.,ECONYL® 재생 나일론,패브릭 안감,약 10 x 46 x 34 센티미터,대한민국,black,X라지,품절,"길이 조절이 가능한 핸들 스트랩 | 비세토스 모노그램 모티프 | 로고 브라스 플레이트 | 지퍼 클로저 | Interior zip pocket | 바디:ECONYL® 재생 나일론 | 나일론 트림 | Dark silver-tone cobalt metal hardware | 패브릭 안감 | 약 10 x 46 x 34 센티미터 | 핸들 스트랩 길이: 19cm -32cm, 핸들 드롭: 27cm | 제조국: 대한민국",https://images.mcmworldwide.com/i/mcmworldwide/MMTGATA01BK001_01 | https://images.mcmworldwide.com/i/mcmworldwide/MMTGATA01BK001_09 | https://images.mcmworldwide.com/i/mcmworldwide/MMTGATA01BK001_02 | https://images.mcmworldwide.com/i/mcmworldwide/MMTGATA01BK001_03 | https://images.mcmworldwide.com/i/mcmworldwide/MMTGATA01BK001_04 | https://images.mcmworldwide.com/i/mcmworldwide/MMTGATA01BK001_05 | https://images.mcmworldwide.com/i/mcmworldwide/MMTGATA01BK001_06 | https://images.mcmworldwide.com/i/mcmworldwide/MMTGATA01BK001_10 | https://images.mcmworldwide.com/i/mcmworldwide/MMTGATA01BK001_11 | https://images.mcmworldwide.com/i/mcmworldwide/MMTGATA01BK001_01 | https://images.mcmworldwide.com/i/mcmworldwide/MMTGATA01BK001_09 | https://images.mcmworldwide.com/i/mcmworldwide/MMTGATA01BK001_02 | https://images.mcmworldwide.com/i/mcmworldwide/MMTGATA01BK001_03 | https://images.mcmworldwide.com/i/mcmworldwide/MMTGATA01BK001_04 | https://images.mcmworldwide.com/i/mcmworldwide/MMTGATA01BK001_05 | https://images.mcmworldwide.com/i/mcmworldwide/MMTGATA01BK001_06 | https://images.mcmworldwide.com/i/mcmworldwide/MMTGATA01BK001_10 | https://images.mcmworldwide.com/i/mcmworldwide/MMTGATA01BK001_11,https://kr.mcmworldwide.com/ko_KR/%EA%B0%80%EB%B0%A9/%ED%86%A0%ED%8A%B8%EB%B0%B1-%EC%87%BC%ED%8D%BC%EB%B0%B1/aren-%EB%85%B8%EB%B0%94-%EB%AA%A8%EB%85%B8%EA%B7%B8%EB%9E%A8-econyl%C2%AE-%ED%86%A0%ED%8A%B8/MMTGATA01BK001.html?cgid=bags-totes-shoppers
MMTGATA02MT001,Aren 노바 나일론 토트,,Aren,브라스 로고 플레이트와 핸들스트랩이 더해진 멀티컬러 나일론 토트백,MCM이 제안하는 디자인의 새로운 혁신. Aren(아렌) 노바 토트는 강렬한 멀티컬러 감각이 돋보이는 아방가르드 실루엣으로 선보입니다. 브랜드의 헤리티지를 이어가면서도 미래지향적인 감각을 담은 이 백은 뮌헨 하우스의 시그니처 로고 플레이트로 완성하였습니다.,폴리에스터 100%,패브릭 안감,약 10 x 46 x 34 센티미터,대한민국,multi,X라지,품절,"길이 조절이 가능한 핸들 스트랩 | 로고 브라스 플레이트 | 지퍼 클로저 | 내부 지퍼 포켓 | 바디: 폴리에스터 100% | 트림: 나일론 100% | Dark silver-tone cobalt metal hardware | 패브릭 안감 | 약 10 x 46 x 34 센티미터 | 핸들 스트랩 길이: 19cm -32cm, 핸들 드롭: 27cm | 제조국: 대한민국",https://images.mcmworldwide.com/i/mcmworldwide/MMTGATA02MT001_01 | https://images.mcmworldwide.com/i/mcmworldwide/MMTGATA02MT001_09 | https://images.mcmworldwide.com/i/mcmworldwide/MMTGATA02MT001_02 | https://images.mcmworldwide.com/i/mcmworldwide/MMTGATA02MT001_03 | https://images.mcmworldwide.com/i/mcmworldwide/MMTGATA02MT001_04 | https://images.mcmworldwide.com/i/mcmworldwide/MMTGATA02MT001_05 | https://images.mcmworldwide.com/i/mcmworldwide/MMTGATA02MT001_06 | https://images.mcmworldwide.com/i/mcmworldwide/MMTGATA02MT001_10 | https://images.mcmworldwide.com/i/mcmworldwide/MMTGATA02MT001_11 | https://images.mcmworldwide.com/i/mcmworldwide/MMTGATA02MT001_01 | https://images.mcmworldwide.com/i/mcmworldwide/MMTGATA02MT001_09 | https://images.mcmworldwide.com/i/mcmworldwide/MMTGATA02MT001_02 | https://images.mcmworldwide.com/i/mcmworldwide/MMTGATA02MT001_03 | https://images.mcmworldwide.com/i/mcmworldwide/MMTGATA02MT001_04 | https://images.mcmworldwide.com/i/mcmworldwide/MMTGATA02MT001_05 | https://images.mcmworldwide.com/i/mcmworldwide/MMTGATA02MT001_06 | https://images.mcmworldwide.com/i/mcmworldwide/MMTGATA02MT001_10 | https://images.mcmworldwide.com/i/mcmworldwide/MMTGATA02MT001_11,https://kr.mcmworldwide.com/ko_KR/%EA%B0%80%EB%B0%A9/%ED%86%A0%ED%8A%B8%EB%B0%B1-%EC%87%BC%ED%8D%BC%EB%B0%B1/aren-%EB%85%B8%EB%B0%94-%EB%82%98%EC%9D%BC%EB%A1%A0-%ED%86%A0%ED%8A%B8/MMTGATA02MT001.html?cgid=bags-totes-shoppers
MMTFATA01BK001,Aren 비세토스 N/S 토트,,Aren,가죽 행택과 천연 가죽 트림이 더해진 비세토스 모노그램 캔버스 N/S 토트,"블랙 비세토스 캔버스로 완성된 라지 사이즈의 Aren N/S 토트백. 실용적인 디자인과 장인 정신이 조화를 이루며 뛰어난 완성도를 자랑합니다. 내부에는 지퍼 포켓, 두 개의 오픈 포켓, 노트북 및 태블릿 전용 슬리브로 구성되어 높은 수납력을 제공합니다. 뮌헨 하우스의 여행 헤리티지를 상징하는 탈착형 가죽 행택 디테일이 감각적인 포인트를 더합니다.",비세토스 모노그램 캔버스,코튼 트윌 안감,약 10 x 36 x 38 센티미터,대한민국,black,L,품절,"탈착이 가능하며 길이 조절이 가능한 패브칙 웨빙 스트랩 | 가죽 탑 핸들 | 탈착 가능한 가죽 행 테그 | 지퍼 클로저 | 2개의 내부 슬립 포켓과 1개의 지퍼 포켓 | 16인치 노트북과 태블릿 수납을 위한 내부 포켓 | 바디:비세토스 모노그램 캔버스 | 트림:천연 가죽 | 다크 실버톤 코발트 메탈 하드웨어 | 코튼 트윌 안감 | 약 10 x 36 x 38 센티미터 | 스트랩 길이:76 cm - 132 cm, 핸들 길이: 11 cm | 제조국: 대한민국",https://images.mcmworldwide.com/i/mcmworldwide/MMTFATA01BK001_01 | https://images.mcmworldwide.com/i/mcmworldwide/MMTFATA01BK001_09 | https://images.mcmworldwide.com/i/mcmworldwide/MMTFATA01BK001_02 | https://images.mcmworldwide.com/i/mcmworldwide/MMTFATA01BK001_03 | https://images.mcmworldwide.com/i/mcmworldwide/MMTFATA01BK001_04 | https://images.mcmworldwide.com/i/mcmworldwide/MMTFATA01BK001_10 | https://images.mcmworldwide.com/i/mcmworldwide/MMTFATA01BK001_11 | https://images.mcmworldwide.com/i/mcmworldwide/MMTFATA01BK001_01 | https://images.mcmworldwide.com/i/mcmworldwide/MMTFATA01BK001_09 | https://images.mcmworldwide.com/i/mcmworldwide/MMTFATA01BK001_02 | https://images.mcmworldwide.com/i/mcmworldwide/MMTFATA01BK001_03 | https://images.mcmworldwide.com/i/mcmworldwide/MMTFATA01BK001_04 | https://images.mcmworldwide.com/i/mcmworldwide/MMTFATA01BK001_10 | https://images.mcmworldwide.com/i/mcmworldwide/MMTFATA01BK001_11 | https://images.mcmworldwide.com/i/mcmworldwide/MMTFATA01BK001_01,https://kr.mcmworldwide.com/ko_KR/%EA%B0%80%EB%B0%A9/%ED%86%A0%ED%8A%B8%EB%B0%B1-%EC%87%BC%ED%8D%BC%EB%B0%B1/aren-%EB%B9%84%EC%84%B8%ED%86%A0%EC%8A%A4-n%2Fs-%ED%86%A0%ED%8A%B8/MMTFATA01BK001.html?cgid=bags-totes-shoppers
MWPGAUP02CO001,MCM X ATEEZ with MINGI Toni 탑 지퍼 비세토스 쇼퍼,,Toni,‘FIX ON’ 그래픽과 ATEEZ 로고 디테일이 조화를 이루는 비세토스 쇼퍼,"민기의 시그니처 ‘FIX ON’ 그래픽이 더해진 미니 쇼퍼는 ATEEZ 특유의 감각적인 무드를 담아냅니다. 비세토스 모노그램 캔버스와 실용적인 실루엣, 뒷면의 워드마크 엠블럼 디테일이 조화를 이루며 데일리 스타일링에 자연스럽게 어우러집니다.",비세토스 모노그램 캔버스,코튼 캔버스 라이닝,약 10 x 19 x 19 센티미터,대한민국,cognac,미니,품절,"앞면의 ‘FIX ON’ 그래픽 디테일 | 뒷면의 ATEEZ 로고 디테일 | 외부 후면 슬립 포켓 | 탑 지퍼 클로저 | 내부 지퍼 포켓 및 슬립 포켓 | 외부 D링 디테일 | 바디:비세토스 모노그램 캔버스 | 트림: 나파 가죽 | 24K 골드 도금 브라스 하드웨어 | 코튼 캔버스 라이닝 | 약 10 x 19 x 19 센티미터 | 스트랩 길이: 98 cm - 114 cm, 핸들 드롭: 10cm | 제조국: 대한민국",https://images.mcmworldwide.com/i/mcmworldwide/MWPGAUP02CO001_01 | https://images.mcmworldwide.com/i/mcmworldwide/MWPGAUP02CO001_02 | https://images.mcmworldwide.com/i/mcmworldwide/MWPGAUP02CO001_03 | https://images.mcmworldwide.com/i/mcmworldwide/MWPGAUP02CO001_04 | https://images.mcmworldwide.com/i/mcmworldwide/MWPGAUP02CO001_05 | https://images.mcmworldwide.com/i/mcmworldwide/MWPGAUP02CO001_06 | https://images.mcmworldwide.com/i/mcmworldwide/MWPGAUP02CO001_01 | https://images.mcmworldwide.com/i/mcmworldwide/MWPGAUP02CO001_02 | https://images.mcmworldwide.com/i/mcmworldwide/MWPGAUP02CO001_03 | https://images.mcmworldwide.com/i/mcmworldwide/MWPGAUP02CO001_04 | https://images.mcmworldwide.com/i/mcmworldwide/MWPGAUP02CO001_05 | https://images.mcmworldwide.com/i/mcmworldwide/MWPGAUP02CO001_06 | https://images.mcmworldwide.com/i/mcmworldwide/MWPGAUP02CO001_01,https://kr.mcmworldwide.com/ko_KR/%EA%B0%80%EB%B0%A9/%ED%86%A0%ED%8A%B8%EB%B0%B1-%EC%87%BC%ED%8D%BC%EB%B0%B1/mcm-x-ateez-with-mingi-toni-%ED%83%91-%EC%A7%80%ED%8D%BC-%EB%B9%84%EC%84%B8%ED%86%A0%EC%8A%A4-%EC%87%BC%ED%8D%BC/MWPGAUP02CO001.html?cgid=bags-totes-shoppers
MWTCABO07CO001,뮌헨 비세토스 토트,,비세토스,비세토스와 나파 가죽으로 제작한 스몰 토트백,MCM이 탄생한 도시에 바치는 생생한 찬가인 스몰 뮌헨 토트백은 바이에른 주도의 코스모폴리탄 정신을 담고 있습니다. 아카이브 트렁크에서 영감을 받은 나파 가죽 모서리는 하우스의 제트 세터 헤리티지를 떠올리게 합니다. 형태가 기능을 따르는 세련된 실루엣을 연출하며 두 개의 포켓이 있는 부드러운 마이크로파이버 스웨이드 내부가 특징입니다. 유연한 가죽 핸들을 사용하여 핸드백으로 휴대하거나 어깨 스트랩을 부착하여 핸즈프리로 세련되게 착용할 수 있습니다.,,스웨이드 마감 마이크로파이버 안감,약 11 x 24 x 19 센티미터,대한민국,cognac,S,품절,"탈부착 및 조절 가능한 가죽 스트랩 | 가죽 손잡이 부분 | 후크 고리 잠금 장치 | 내부 슬립 포켓 및 지퍼 포켓 | 보호용 메탈 바닥 받침. | 비세토스 모노그램 코티드 캔버스. | 나파 가죽 트리밍. | 24K 금 도금 메탈 하드웨어 | 스웨이드 마감 마이크로파이버 안감 | 약 11 x 24 x 19 센티미터 | 스트랩 길이: 96cm ~ 112cm, 핸들 드롭: 7cm | 제조국: 대한민국",https://images.mcmworldwide.com/i/mcmworldwide/MWTCABO07CO001_01 | https://images.mcmworldwide.com/i/mcmworldwide/MWTCABO07CO001_09 | https://images.mcmworldwide.com/i/mcmworldwide/MWTCABO07CO001_02 | https://images.mcmworldwide.com/i/mcmworldwide/MWTCABO07CO001_03 | https://images.mcmworldwide.com/i/mcmworldwide/MWTCABO07CO001_04 | https://images.mcmworldwide.com/i/mcmworldwide/MWTCABO07CO001_10 | https://images.mcmworldwide.com/i/mcmworldwide/MWTCABO07CO001_01 | https://images.mcmworldwide.com/i/mcmworldwide/MWTCABO07CO001_09 | https://images.mcmworldwide.com/i/mcmworldwide/MWTCABO07CO001_02 | https://images.mcmworldwide.com/i/mcmworldwide/MWTCABO07CO001_03 | https://images.mcmworldwide.com/i/mcmworldwide/MWTCABO07CO001_04 | https://images.mcmworldwide.com/i/mcmworldwide/MWTCABO07CO001_10,https://kr.mcmworldwide.com/ko_KR/%EA%B0%80%EB%B0%A9/%ED%86%A0%ED%8A%B8%EB%B0%B1-%EC%87%BC%ED%8D%BC%EB%B0%B1/%EB%AE%8C%ED%97%A8-%EB%B9%84%EC%84%B8%ED%86%A0%EC%8A%A4-%ED%86%A0%ED%8A%B8/MWTCABO07CO001.html?cgid=bags-totes-shoppers
MMTGATA03BK001,Aren 노바 나일론 토트,,Aren,브라스 로고 플레이트와 D링 디테일이 더해진 나일론 토트백,"미니멀리즘을 통해 클래식한 디자인을 새롭게 재해석한 Aren 노바 토트. 모노크롬 나일론 소재를 사용해 미래지향적인 미학을 구현했으며, 시그니처 로고 브라스 플레이트에 하우스의 헤리티지를 담아 실루엣을 완성하였습니다.",100% 나일론,,약 12 x 32 x 39 센티미터,대한민국,black,S–M,품절,핸들 스트랩 | 로고 브라스 플레이트 | D링 참 장식 디테일 | 바디: 100% 나일론 | Dark silver-tone cobalt metal hardware | 약 12 x 32 x 39 센티미터 | 핸들 드롭: 21cm | 제조국: 대한민국,https://images.mcmworldwide.com/i/mcmworldwide/MMTGATA03BK001_01 | https://images.mcmworldwide.com/i/mcmworldwide/MMTGATA03BK001_09 | https://images.mcmworldwide.com/i/mcmworldwide/MMTGATA03BK001_02 | https://images.mcmworldwide.com/i/mcmworldwide/MMTGATA03BK001_03 | https://images.mcmworldwide.com/i/mcmworldwide/MMTGATA03BK001_04 | https://images.mcmworldwide.com/i/mcmworldwide/MMTGATA03BK001_05 | https://images.mcmworldwide.com/i/mcmworldwide/MMTGATA03BK001_06 | https://images.mcmworldwide.com/i/mcmworldwide/MMTGATA03BK001_10 | https://images.mcmworldwide.com/i/mcmworldwide/MMTGATA03BK001_11 | https://images.mcmworldwide.com/i/mcmworldwide/MMTGATA03BK001_01 | https://images.mcmworldwide.com/i/mcmworldwide/MMTGATA03BK001_09 | https://images.mcmworldwide.com/i/mcmworldwide/MMTGATA03BK001_02 | https://images.mcmworldwide.com/i/mcmworldwide/MMTGATA03BK001_03 | https://images.mcmworldwide.com/i/mcmworldwide/MMTGATA03BK001_04 | https://images.mcmworldwide.com/i/mcmworldwide/MMTGATA03BK001_05 | https://images.mcmworldwide.com/i/mcmworldwide/MMTGATA03BK001_06 | https://images.mcmworldwide.com/i/mcmworldwide/MMTGATA03BK001_10 | https://images.mcmworldwide.com/i/mcmworldwide/MMTGATA03BK001_11,https://kr.mcmworldwide.com/ko_KR/%EA%B0%80%EB%B0%A9/%ED%86%A0%ED%8A%B8%EB%B0%B1-%EC%87%BC%ED%8D%BC%EB%B0%B1/aren-%EB%85%B8%EB%B0%94-%EB%82%98%EC%9D%BC%EB%A1%A0-%ED%86%A0%ED%8A%B8/MMTGATA03BK001.html?cgid=bags-totes-shoppers
MWPGAMT01CO001,Toni 디스코 비세토스 탑 지퍼 쇼퍼,,Toni,비세토스 모노그램 캔버스에 나파 가죽 트리밍과 'MCM Disco' 모티프를 더한 쇼퍼백,Toni(토니) 쇼퍼백이 시그니처 비세토스 모노그램 위에 뮌헨 황금기의 음악과 문화에서 영감을 받은 멀티컬러 ‘MCM Disco’ 타이포그래피를 더해 생동감 있는 시즌 스타일로 선보입니다. 오렌지 나파 가죽 디테일은 클래식한 코냑 컬러 실루엣과 조화를 이루며 감각적인 컬러 대비를 완성합니다.,비세토스 모노그램 캔버스,스웨이드 마감의 극세사 안감,약 9 x 16 x 14 센티미터,대한민국,cognac,M,품절,가죽 핸들 스트랩 | MCM Disco 모티프 | 지퍼 클로저 | 내부 슬립 포켓 | 참을 달 수 있는 D링 디테일 | 바디:비세토스 모노그램 캔버스 | 트림: 나파 가죽 | 24K 골드 도금 브라스 하드웨어 | 스웨이드 마감의 극세사 안감 | 약 9 x 16 x 14 센티미터 | 핸들 드롭: 26cm | 제조국: 대한민국,https://images.mcmworldwide.com/i/mcmworldwide/MWPGAMT01CO001_01 | https://images.mcmworldwide.com/i/mcmworldwide/MWPGAMT01CO001_09 | https://images.mcmworldwide.com/i/mcmworldwide/MWPGAMT01CO001_02 | https://images.mcmworldwide.com/i/mcmworldwide/MWPGAMT01CO001_03 | https://images.mcmworldwide.com/i/mcmworldwide/MWPGAMT01CO001_04 | https://images.mcmworldwide.com/i/mcmworldwide/MWPGAMT01CO001_05 | https://images.mcmworldwide.com/i/mcmworldwide/MWPGAMT01CO001_10 | https://images.mcmworldwide.com/i/mcmworldwide/MWPGAMT01CO001_01 | https://images.mcmworldwide.com/i/mcmworldwide/MWPGAMT01CO001_09 | https://images.mcmworldwide.com/i/mcmworldwide/MWPGAMT01CO001_02 | https://images.mcmworldwide.com/i/mcmworldwide/MWPGAMT01CO001_03 | https://images.mcmworldwide.com/i/mcmworldwide/MWPGAMT01CO001_04 | https://images.mcmworldwide.com/i/mcmworldwide/MWPGAMT01CO001_05 | https://images.mcmworldwide.com/i/mcmworldwide/MWPGAMT01CO001_10,https://kr.mcmworldwide.com/ko_KR/%EA%B0%80%EB%B0%A9/%ED%86%A0%ED%8A%B8%EB%B0%B1-%EC%87%BC%ED%8D%BC%EB%B0%B1/toni-%EB%94%94%EC%8A%A4%EC%BD%94-%EB%B9%84%EC%84%B8%ED%86%A0%EC%8A%A4-%ED%83%91-%EC%A7%80%ED%8D%BC-%EC%87%BC%ED%8D%BC/MWPGAMT01CO001.html?cgid=bags-totes-shoppers
MWSGAXT03CO001,Tracy 비세토스 숄더백,,Tracy,로고 락 클로저와 나파 가죽 트림을 더한 비세토스 모노그램 캔버스 숄더 백,"우아한 로고 락 클로저가 돋보이는 Tracy(트레이시) 숄더백은 클래식한 호보 디자인에서 영감을 받았으며, 시그니처 비세토스 캔버스 바디 전면을 부드러운 나파 가죽으로 감싸 고급스러움을 더했습니다. 마이크로파이버 스웨이드 안감은 극도의 부드러움과 세련된 무드를 선사하며, 소지품을 더욱 안전하게 보관할 수 있습니다.",비세토스 모노그램 캔버스,스웨이드 마감의 극세사 안감,약 7 x 25 x 15 센티미터,대한민국,cognac,S,품절,탈부착이 가능하며 길이 조절이 가능한 가죽 스트랩 | 가죽 스트랩 잠금 장치가 있는 자물쇠 | 내부 슬립 포켓 및 지퍼 수납공간 | 바디:비세토스 모노그램 캔버스 | 트림: 나파 가죽 | 24K 골드 도금 브라스 하드웨어 | 스웨이드 마감의 극세사 안감 | 약 7 x 25 x 15 센티미터 | 스트랩 길이: 109cm - 134cm | 제조국: 대한민국,https://images.mcmworldwide.com/i/mcmworldwide/MWSGAXT03CO001_01 | https://images.mcmworldwide.com/i/mcmworldwide/MWSGAXT03CO001_09 | https://images.mcmworldwide.com/i/mcmworldwide/MWSGAXT03CO001_02 | https://images.mcmworldwide.com/i/mcmworldwide/MWSGAXT03CO001_03 | https://images.mcmworldwide.com/i/mcmworldwide/MWSGAXT03CO001_04 | https://images.mcmworldwide.com/i/mcmworldwide/MWSGAXT03CO001_05 | https://images.mcmworldwide.com/i/mcmworldwide/MWSGAXT03CO001_06 | https://images.mcmworldwide.com/i/mcmworldwide/MWSGAXT03CO001_10 | https://images.mcmworldwide.com/i/mcmworldwide/MWSGAXT03CO001_11 | https://images.mcmworldwide.com/i/mcmworldwide/MWSGAXT03CO001_12 | https://images.mcmworldwide.com/i/mcmworldwide/MWSGAXT03CO001_01 | https://images.mcmworldwide.com/i/mcmworldwide/MWSGAXT03CO001_09 | https://images.mcmworldwide.com/i/mcmworldwide/MWSGAXT03CO001_02 | https://images.mcmworldwide.com/i/mcmworldwide/MWSGAXT03CO001_03 | https://images.mcmworldwide.com/i/mcmworldwide/MWSGAXT03CO001_04 | https://images.mcmworldwide.com/i/mcmworldwide/MWSGAXT03CO001_05 | https://images.mcmworldwide.com/i/mcmworldwide/MWSGAXT03CO001_06 | https://images.mcmworldwide.com/i/mcmworldwide/MWSGAXT03CO001_10 | https://images.mcmworldwide.com/i/mcmworldwide/MWSGAXT03CO001_11 | https://images.mcmworldwide.com/i/mcmworldwide/MWSGAXT03CO001_12,https://kr.mcmworldwide.com/ko_KR/%EA%B0%80%EB%B0%A9/%EC%88%84%EB%8D%94%EB%B0%B1-%ED%81%AC%EB%A1%9C%EC%8A%A4%EB%B0%B1/tracy-%EB%B9%84%EC%84%B8%ED%86%A0%EC%8A%A4-%EC%88%84%EB%8D%94%EB%B0%B1/MWSGAXT03CO001.html?cgid=bags-shoulder-crossbody-bags
MWHGAXT03CO001,Tracy 비세토스 호보,,Tracy,로고 락 클로저와 나파 가죽 트림이 돋보이는 비세토스 모노그램 캔버스 호보 백,"우아한 로고 락 클로저가 돋보이는 Tracy(트레이시) 호보 백은 시그니처 비세토스 캔버스 바디 전면을 부드러운 나파 가죽으로 감싸 하우스의 정교한 장인 정신을 보여줍니다. 마이크로파이버 스웨이드 안감은 고급스러운 무드를 선사하며, 소지품을 더욱 안전하게 보관할 수 있습니다.",비세토스 모노그램 캔버스,스웨이드 마감의 극세사 안감,약 11 x 33 x 31 센티미터,대한민국,cognac,L,품절,탈부착이 가능하며 길이 조절이 가능한 가죽 스트랩 | 가죽 스트랩 잠금 장치가 있는 로고 자물쇠 | 내부 슬립 포켓 및 지퍼 수납공간 | 바디:비세토스 모노그램 캔버스 | 트림: 나파 가죽 | 24K 골드 도금 브라스 하드웨어 | 스웨이드 마감의 극세사 안감 | 약 11 x 33 x 31 센티미터 | 스트랩 길이: 73cm - 105cm | 제조국: 대한민국,https://images.mcmworldwide.com/i/mcmworldwide/MWHGAXT03CO001_01 | https://images.mcmworldwide.com/i/mcmworldwide/MWHGAXT03CO001_09 | https://images.mcmworldwide.com/i/mcmworldwide/MWHGAXT03CO001_02 | https://images.mcmworldwide.com/i/mcmworldwide/MWHGAXT03CO001_03 | https://images.mcmworldwide.com/i/mcmworldwide/MWHGAXT03CO001_04 | https://images.mcmworldwide.com/i/mcmworldwide/MWHGAXT03CO001_05 | https://images.mcmworldwide.com/i/mcmworldwide/MWHGAXT03CO001_06 | https://images.mcmworldwide.com/i/mcmworldwide/MWHGAXT03CO001_10 | https://images.mcmworldwide.com/i/mcmworldwide/MWHGAXT03CO001_11 | https://images.mcmworldwide.com/i/mcmworldwide/MWHGAXT03CO001_12 | https://images.mcmworldwide.com/i/mcmworldwide/MWHGAXT03CO001_01 | https://images.mcmworldwide.com/i/mcmworldwide/MWHGAXT03CO001_09 | https://images.mcmworldwide.com/i/mcmworldwide/MWHGAXT03CO001_02 | https://images.mcmworldwide.com/i/mcmworldwide/MWHGAXT03CO001_03 | https://images.mcmworldwide.com/i/mcmworldwide/MWHGAXT03CO001_04 | https://images.mcmworldwide.com/i/mcmworldwide/MWHGAXT03CO001_05 | https://images.mcmworldwide.com/i/mcmworldwide/MWHGAXT03CO001_06 | https://images.mcmworldwide.com/i/mcmworldwide/MWHGAXT03CO001_10 | https://images.mcmworldwide.com/i/mcmworldwide/MWHGAXT03CO001_11 | https://images.mcmworldwide.com/i/mcmworldwide/MWHGAXT03CO001_12,https://kr.mcmworldwide.com/ko_KR/%EA%B0%80%EB%B0%A9/%EC%88%84%EB%8D%94%EB%B0%B1-%ED%81%AC%EB%A1%9C%EC%8A%A4%EB%B0%B1/tracy-%EB%B9%84%EC%84%B8%ED%86%A0%EC%8A%A4-%ED%98%B8%EB%B3%B4/MWHGAXT03CO001.html?cgid=bags-shoulder-crossbody-bags
MWRGAOB03BK001,Pina 스터드 장식 카프스킨 탬버린 백,,Pina,로고 메탈 스터드와 레더 태슬 장식이 돋보이는 그레인 가죽 탬버린 백,"1970~80년대의 리드미컬한 화려함을 고스란히 담아낸 카프스킨 소재의 Pina(피나) 탬버린 백은 메탈 로고 스터드 하드웨어와 가죽 태슬 장식이 어우러져 한층 더 매혹적이고 고급스러운 포인트를 선사합니다. 가죽 스트랩을 활용해 클래식한 크로스바디 스타일로 연출하거나, 후면의 가죽 루프를 이용해 벨트백으로 변형하여 유니크하게 착용할 수 있습니다.",탈부착이 가능하며 길이 조절이 가능한 가죽 크로스바디 스트랩,스웨이드 마감의 극세사 안감,약 6 x 19 x 19 센티미터,이탈리아,black,S,품절,"탈부착이 가능하며 길이 조절이 가능한 가죽 크로스바디 스트랩 | 탈부착 가능한 가죽 태슬 장식 | 뒷면 가죽 벨트 루프 | 지퍼 클로저 | 내부 카드 슬롯 | 바디:100% 카프스킨 | 24K 골드 도금 브라스 하드웨어 | 스웨이드 마감의 극세사 안감 | 약 6 x 19 x 19 센티미터 | 120.5 cm to 140.5 cm strap length, Handle drop: 4 cm | 제조국: 이탈리아",https://images.mcmworldwide.com/i/mcmworldwide/MWRGAOB03BK001_01 | https://images.mcmworldwide.com/i/mcmworldwide/MWRGAOB03BK001_09 | https://images.mcmworldwide.com/i/mcmworldwide/MWRGAOB03BK001_02 | https://images.mcmworldwide.com/i/mcmworldwide/MWRGAOB03BK001_03 | https://images.mcmworldwide.com/i/mcmworldwide/MWRGAOB03BK001_04 | https://images.mcmworldwide.com/i/mcmworldwide/MWRGAOB03BK001_05 | https://images.mcmworldwide.com/i/mcmworldwide/MWRGAOB03BK001_10 | https://images.mcmworldwide.com/i/mcmworldwide/MWRGAOB03BK001_11 | https://images.mcmworldwide.com/i/mcmworldwide/MWRGAOB03BK001_01 | https://images.mcmworldwide.com/i/mcmworldwide/MWRGAOB03BK001_09 | https://images.mcmworldwide.com/i/mcmworldwide/MWRGAOB03BK001_02 | https://images.mcmworldwide.com/i/mcmworldwide/MWRGAOB03BK001_03 | https://images.mcmworldwide.com/i/mcmworldwide/MWRGAOB03BK001_04 | https://images.mcmworldwide.com/i/mcmworldwide/MWRGAOB03BK001_05 | https://images.mcmworldwide.com/i/mcmworldwide/MWRGAOB03BK001_10 | https://images.mcmworldwide.com/i/mcmworldwide/MWRGAOB03BK001_11,https://kr.mcmworldwide.com/ko_KR/%EA%B0%80%EB%B0%A9/%EC%88%84%EB%8D%94%EB%B0%B1-%ED%81%AC%EB%A1%9C%EC%8A%A4%EB%B0%B1/pina-%EC%8A%A4%ED%84%B0%EB%93%9C-%EC%9E%A5%EC%8B%9D-%EC%B9%B4%ED%94%84%EC%8A%A4%ED%82%A8-%ED%83%AC%EB%B2%84%EB%A6%B0-%EB%B0%B1/MWRGAOB03BK001.html?cgid=bags-shoulder-crossbody-bags
MWRGAOB01CO001,Pina 비세토스 탬버린 백,,Pina,스터드 나파 가죽 트림과 레더 태슬 장식으로 포인트를 준 비세토스 모노그램 캔버스 탬버린 백,"1970~80년대의 리드미컬한 감성을 고스란히 담아낸 Pina(피나) 탬버린 백은 화려한 메탈 스터드 장식과 탈착 가능한 가죽 태슬이 더해져 대담하고 강렬한 포인트를 선사합니다. 가죽 스트랩을 연결해 클래식한 크로스바디 스타일로 연출하거나, 후면의 가죽 루프를 활용해 벨트백으로 변형하여 착용할 수도 있습니다.",탈부착이 가능하며 길이 조절이 가능한 가죽 크로스바디 스트랩,스웨이드 마감의 극세사 안감,약 6 x 19 x 19 센티미터,대한민국,cognac,S,품절,"탈부착이 가능하며 길이 조절이 가능한 가죽 크로스바디 스트랩 | 탈부착 가능한 가죽 태슬 장식 | 뒷면 가죽 벨트 루프 | 지퍼 클로저 | 내부 카드 슬롯 | 바디:비세토스 모노그램 캔버스 | 트림: 스터드 장식 나파 가죽 | 24K 골드 도금 브라스 하드웨어 | 스웨이드 마감의 극세사 안감 | 약 6 x 19 x 19 센티미터 | 120.5 cm to 140.5 cm strap length, Handle drop: 4 cm | 제조국: 대한민국",https://images.mcmworldwide.com/i/mcmworldwide/MWRGAOB01CO001_01 | https://images.mcmworldwide.com/i/mcmworldwide/MWRGAOB01CO001_09 | https://images.mcmworldwide.com/i/mcmworldwide/MWRGAOB01CO001_02 | https://images.mcmworldwide.com/i/mcmworldwide/MWRGAOB01CO001_03 | https://images.mcmworldwide.com/i/mcmworldwide/MWRGAOB01CO001_04 | https://images.mcmworldwide.com/i/mcmworldwide/MWRGAOB01CO001_05 | https://images.mcmworldwide.com/i/mcmworldwide/MWRGAOB01CO001_10 | https://images.mcmworldwide.com/i/mcmworldwide/MWRGAOB01CO001_11 | https://images.mcmworldwide.com/i/mcmworldwide/MWRGAOB01CO001_01 | https://images.mcmworldwide.com/i/mcmworldwide/MWRGAOB01CO001_09 | https://images.mcmworldwide.com/i/mcmworldwide/MWRGAOB01CO001_02 | https://images.mcmworldwide.com/i/mcmworldwide/MWRGAOB01CO001_03 | https://images.mcmworldwide.com/i/mcmworldwide/MWRGAOB01CO001_04 | https://images.mcmworldwide.com/i/mcmworldwide/MWRGAOB01CO001_05 | https://images.mcmworldwide.com/i/mcmworldwide/MWRGAOB01CO001_10 | https://images.mcmworldwide.com/i/mcmworldwide/MWRGAOB01CO001_11,https://kr.mcmworldwide.com/ko_KR/%EA%B0%80%EB%B0%A9/%EC%88%84%EB%8D%94%EB%B0%B1-%ED%81%AC%EB%A1%9C%EC%8A%A4%EB%B0%B1/pina-%EB%B9%84%EC%84%B8%ED%86%A0%EC%8A%A4-%ED%83%AC%EB%B2%84%EB%A6%B0-%EB%B0%B1-/MWRGAOB01CO001.html?cgid=bags-shoulder-crossbody-bags
MWDGADU01CO001,Dessau 비세토스 드로우스트링 백,,Dessau,"나파 가죽 트림과 레더 스트랩, 체인 핸들이 더해진 비세토스 모노그램 캔버스 드로스트링 백","바우하우스 디자인의 역사적 중심지에서 이름을 따온 데사우 드로스트링 백은 시대를 초월하는 디자인으로 형태와 기능을 완벽하게 조화시킨 실루엣을 통해 독일의 유명한 예술 운동을 기립니다. 클래식한 코냑 컬러의 비세토스 캔버스로 제작된 이 미니 버킷 백은 부드러운 나파 가죽 디테일로 마감되었으며, 가죽 스트랩과 골드 톤 체인 핸들 두 가지 방식으로 연출할 수 있습니다.",비세토스 모노그램 캔버스,스웨이드 마감의 극세사 안감,약 11 x 22 x 18 센티미터,대한민국,cognac,미니,품절,"탈부착이 가능하며 길이 조절이 가능한 가죽 스트랩 | 체인 핸들 | 가죽 드로스트링 잠금장치 | 로고 브라스 플레이트 | 바디:비세토스 모노그램 캔버스 | 트림: 나파 가죽 | 24K 골드 도금 브라스 하드웨어 | 스웨이드 마감의 극세사 안감 | 약 11 x 22 x 18 센티미터 | 스트랩 길이: 96 cm - 120 cm, 핸들 드롭: 19 cm | 제조국: 대한민국",https://images.mcmworldwide.com/i/mcmworldwide/MWDGADU01CO001_01 | https://images.mcmworldwide.com/i/mcmworldwide/MWDGADU01CO001_09 | https://images.mcmworldwide.com/i/mcmworldwide/MWDGADU01CO001_02 | https://images.mcmworldwide.com/i/mcmworldwide/MWDGADU01CO001_03 | https://images.mcmworldwide.com/i/mcmworldwide/MWDGADU01CO001_04 | https://images.mcmworldwide.com/i/mcmworldwide/MWDGADU01CO001_05 | https://images.mcmworldwide.com/i/mcmworldwide/MWDGADU01CO001_10 | https://images.mcmworldwide.com/i/mcmworldwide/MWDGADU01CO001_01 | https://images.mcmworldwide.com/i/mcmworldwide/MWDGADU01CO001_09 | https://images.mcmworldwide.com/i/mcmworldwide/MWDGADU01CO001_02 | https://images.mcmworldwide.com/i/mcmworldwide/MWDGADU01CO001_03 | https://images.mcmworldwide.com/i/mcmworldwide/MWDGADU01CO001_04 | https://images.mcmworldwide.com/i/mcmworldwide/MWDGADU01CO001_05 | https://images.mcmworldwide.com/i/mcmworldwide/MWDGADU01CO001_10,https://kr.mcmworldwide.com/ko_KR/%EA%B0%80%EB%B0%A9/%EC%88%84%EB%8D%94%EB%B0%B1-%ED%81%AC%EB%A1%9C%EC%8A%A4%EB%B0%B1/dessau-%EB%B9%84%EC%84%B8%ED%86%A0%EC%8A%A4-%EB%93%9C%EB%A1%9C%EC%9A%B0%EC%8A%A4%ED%8A%B8%EB%A7%81-%EB%B0%B1/MWDGADU01CO001.html?cgid=bags-shoulder-crossbody-bags
MWDGADU03BK001,Pina 스터드 장식 카프스킨 드로우스트링 백,,Pina,"메탈 스터드장식과 체인 핸들, 레더 스트랩이 더해진 그레인 가죽 드로우스트링 백","그레인 카프스킨 소재의 Pina(피나) 드로우스트링 백은 바이에른 다이아몬드와 클래식 라우렐 로고를 표현한 메탈 스터드 장식이 돋보입니다. 체인 링크 핸들과 가죽 스트랩의 두 가지 방식으로 연출할 수 있어, 어떠한 장소나 상황에도 완벽하게 어우러지는 장인 정신 깃든 아이템입니다.",100% 카프스킨,스웨이드 마감의 극세사 안감,약 18 x 30 x 34 센티미터,이탈리아,black,미니,품절,"탈부착이 가능하며 길이 조절이 가능한 가죽 스트랩 | 로고 브라스 플레이트 | 금속 로고 스터드 장식 | 가죽 드로스트링 잠금장치 | 바디:100% 카프스킨 | 24K 골드 도금 브라스 하드웨어 | 스웨이드 마감의 극세사 안감 | 약 18 x 30 x 34 센티미터 | 스트랩 길이: 96cm - 120cm, 핸들 드롭: 19cm | 제조국: 이탈리아",https://images.mcmworldwide.com/i/mcmworldwide/MWDGADU03BK001_01 | https://images.mcmworldwide.com/i/mcmworldwide/MWDGADU03BK001_09 | https://images.mcmworldwide.com/i/mcmworldwide/MWDGADU03BK001_02 | https://images.mcmworldwide.com/i/mcmworldwide/MWDGADU03BK001_03 | https://images.mcmworldwide.com/i/mcmworldwide/MWDGADU03BK001_04 | https://images.mcmworldwide.com/i/mcmworldwide/MWDGADU03BK001_05 | https://images.mcmworldwide.com/i/mcmworldwide/MWDGADU03BK001_10 | https://images.mcmworldwide.com/i/mcmworldwide/MWDGADU03BK001_01 | https://images.mcmworldwide.com/i/mcmworldwide/MWDGADU03BK001_09 | https://images.mcmworldwide.com/i/mcmworldwide/MWDGADU03BK001_02 | https://images.mcmworldwide.com/i/mcmworldwide/MWDGADU03BK001_03 | https://images.mcmworldwide.com/i/mcmworldwide/MWDGADU03BK001_04 | https://images.mcmworldwide.com/i/mcmworldwide/MWDGADU03BK001_05 | https://images.mcmworldwide.com/i/mcmworldwide/MWDGADU03BK001_10,https://kr.mcmworldwide.com/ko_KR/%EA%B0%80%EB%B0%A9/%EC%88%84%EB%8D%94%EB%B0%B1-%ED%81%AC%EB%A1%9C%EC%8A%A4%EB%B0%B1/pina-%EC%8A%A4%ED%84%B0%EB%93%9C-%EC%9E%A5%EC%8B%9D-%EC%B9%B4%ED%94%84%EC%8A%A4%ED%82%A8-%EB%93%9C%EB%A1%9C%EC%9A%B0%EC%8A%A4%ED%8A%B8%EB%A7%81-%EB%B0%B1/MWDGADU03BK001.html?cgid=bags-shoulder-crossbody-bags
MWRGATA01BK001,Pina 스터드 장식 카프스킨 베니티 케이스,,Pina,"레더 태슬 장식과 메탈 스터드 하드웨어, 레더 스트랩이 어우러진 그레인 가죽 바니티 케이스","70~80년대의 화려한 감성을 담아낸 카프스킨 소재의 Pina(피나) 베니티 케이스. 가죽 태슬과 메탈 로고 스터드, 아이코닉한 로고 브라스 플레이트가 어우러져 고급스러운 분위기를 완성합니다. 블랙과 골드의 대조적인 컬러 조합이 돋보이며, 핸들로 들거나 가죽 스트랩을 활용해 크로스바디로 착용할 수 있습니다.",100% 카프스킨,스웨이드 마감의 극세사 안감,약 6 x 19 x 12 센티미터,이탈리아,black,미니,품절,"탈부착이 가능하며 길이 조절이 가능한 가죽 스트랩 | 가죽 탑 핸들 | 로고 브라스 플레이트 | 가죽 태슬 장식 | 메탈 로고 스터드 | 양방향 지퍼 클로저 | 내부 카드 슬롯 | 바디:100% 카프스킨 | 24K 골드 도금 브라스 하드웨어 | 스웨이드 마감의 극세사 안감 | 약 6 x 19 x 12 센티미터 | 스트랩 길이: 103cm - 135cm, 스트랩 드롭: 60cm, 핸들 드롭: 4cm | 제조국: 이탈리아",https://images.mcmworldwide.com/i/mcmworldwide/MWRGATA01BK001_01 | https://images.mcmworldwide.com/i/mcmworldwide/MWRGATA01BK001_09 | https://images.mcmworldwide.com/i/mcmworldwide/MWRGATA01BK001_02 | https://images.mcmworldwide.com/i/mcmworldwide/MWRGATA01BK001_03 | https://images.mcmworldwide.com/i/mcmworldwide/MWRGATA01BK001_04 | https://images.mcmworldwide.com/i/mcmworldwide/MWRGATA01BK001_05 | https://images.mcmworldwide.com/i/mcmworldwide/MWRGATA01BK001_10 | https://images.mcmworldwide.com/i/mcmworldwide/MWRGATA01BK001_11 | https://images.mcmworldwide.com/i/mcmworldwide/MWRGATA01BK001_01 | https://images.mcmworldwide.com/i/mcmworldwide/MWRGATA01BK001_09 | https://images.mcmworldwide.com/i/mcmworldwide/MWRGATA01BK001_02 | https://images.mcmworldwide.com/i/mcmworldwide/MWRGATA01BK001_03 | https://images.mcmworldwide.com/i/mcmworldwide/MWRGATA01BK001_04 | https://images.mcmworldwide.com/i/mcmworldwide/MWRGATA01BK001_05 | https://images.mcmworldwide.com/i/mcmworldwide/MWRGATA01BK001_10 | https://images.mcmworldwide.com/i/mcmworldwide/MWRGATA01BK001_11,https://kr.mcmworldwide.com/ko_KR/%EA%B0%80%EB%B0%A9/%EC%88%84%EB%8D%94%EB%B0%B1-%ED%81%AC%EB%A1%9C%EC%8A%A4%EB%B0%B1/pina-%EC%8A%A4%ED%84%B0%EB%93%9C-%EC%9E%A5%EC%8B%9D-%EC%B9%B4%ED%94%84%EC%8A%A4%ED%82%A8-%EB%B2%A0%EB%8B%88%ED%8B%B0-%EC%BC%80%EC%9D%B4%EC%8A%A4/MWRGATA01BK001.html?cgid=bags-shoulder-crossbody-bags
MWRGATA05CO001,Aren 비세토스 레더 믹스 베니티 케이스,,Aren,나파 가죽과 바바리안 다이아몬드 레더 참을 매치한 비세토스 모노그램 캔버스 바니티 케이스,"뷰티 제품을 포함하여 필수품을 우아하게 수납할 수 있는 베니티 케이스. 비세토스 캔버스와 부드러운 나파 가죽을 조화롭게 사용해 MCM의 클래식한 장인정신을 담아냈습니다. 가죽 크로스바디 스트랩이 함께 구성되며, 바이에른 다이아몬드에서 영감을 받은 가죽 로고 참으로 하우스의 독일 헤리티지를 표현했습니다.",탈부착이 가능하며 길이 조절이 가능한 가죽 크로스바디 스트랩,스웨이드 마감의 극세사 안감,약 9 x 23 x 14 센티미터,대한민국,cognac,S,품절,"탈부착이 가능하며 길이 조절이 가능한 가죽 크로스바디 스트랩 | 가죽 탑 핸들 | 탈부착 가능한 바이에른 다이아몬드 로고 레더 참 | 양방향 지퍼 클로저 | 내부 카드 슬롯 | 바디:비세토스 모노그램 캔버스 | 트림: 나파 가죽 | 24K 골드 도금 브라스 하드웨어 | 스웨이드 마감의 극세사 안감 | 약 9 x 23 x 14 센티미터 | 스트랩 길이: 99 cm - 123 cm, 핸들 드롭: 4.5 cm | 제조국: 대한민국",https://images.mcmworldwide.com/i/mcmworldwide/MWRGATA05CO001_01 | https://images.mcmworldwide.com/i/mcmworldwide/MWRGATA05CO001_09 | https://images.mcmworldwide.com/i/mcmworldwide/MWRGATA05CO001_02 | https://images.mcmworldwide.com/i/mcmworldwide/MWRGATA05CO001_03 | https://images.mcmworldwide.com/i/mcmworldwide/MWRGATA05CO001_04 | https://images.mcmworldwide.com/i/mcmworldwide/MWRGATA05CO001_05 | https://images.mcmworldwide.com/i/mcmworldwide/MWRGATA05CO001_10 | https://images.mcmworldwide.com/i/mcmworldwide/MWRGATA05CO001_11 | https://images.mcmworldwide.com/i/mcmworldwide/MWRGATA05CO001_01 | https://images.mcmworldwide.com/i/mcmworldwide/MWRGATA05CO001_09 | https://images.mcmworldwide.com/i/mcmworldwide/MWRGATA05CO001_02 | https://images.mcmworldwide.com/i/mcmworldwide/MWRGATA05CO001_03 | https://images.mcmworldwide.com/i/mcmworldwide/MWRGATA05CO001_04 | https://images.mcmworldwide.com/i/mcmworldwide/MWRGATA05CO001_05 | https://images.mcmworldwide.com/i/mcmworldwide/MWRGATA05CO001_10 | https://images.mcmworldwide.com/i/mcmworldwide/MWRGATA05CO001_11 | https://images.mcmworldwide.com/i/mcmworldwide/MWRGATA05CO001_01,https://kr.mcmworldwide.com/ko_KR/%EA%B0%80%EB%B0%A9/%EC%88%84%EB%8D%94%EB%B0%B1-%ED%81%AC%EB%A1%9C%EC%8A%A4%EB%B0%B1/aren-%EB%B9%84%EC%84%B8%ED%86%A0%EC%8A%A4-%EB%A0%88%EB%8D%94-%EB%AF%B9%EC%8A%A4-%EB%B2%A0%EB%8B%88%ED%8B%B0-%EC%BC%80%EC%9D%B4%EC%8A%A4/MWRGATA05CO001.html?cgid=bags-shoulder-crossbody-bags
MWRGATA05BK001,Aren 비세토스 레더 믹스 베니티 케이스,,Aren,천연 가죽 트리밍과 바이에른 다이아몬드 가죽 참 장식이 어우러진 비세토스 모노그램 캔버스 배니티 케이스,"하우스의 장인정신이 돋보이는 배니티 케이스로, 시그니처 비세토스 모노그램의 클래식한 레터링, 라우렐, 다이아몬드 패턴 위에 부드러운 가죽 디테일로 마감했습니다. 뮌헨 바이에른 다이아몬드에서 영감을 받은 가죽 참 장식이 포인트를 더합니다.",,스웨이드 마감의 극세사 안감,약 9 x 23 x 14 센티미터,대한민국,black,S,품절,"탈부착이 가능하며 길이 조절이 가능한 가죽 스트랩 | 가죽 탑 핸들 | 로고가 엠보싱 처리된 탈부착 가능한 바바리안 다이아몬드 가죽 참 | 양방향 지퍼 클로저 | 내부 카드 슬롯 | 로고 엠보싱 패치가 더해진 내부 | Body: Visetos monogram canvas | 트림:천연 가죽 | 24K 골드 도금 브라스 하드웨어 | 스웨이드 마감의 극세사 안감 | 약 9 x 23 x 14 센티미터 | 스트랩 길이:125 cm to 133 cm , 핸들 드롭: 4 cm | 제조국: 대한민국",https://images.mcmworldwide.com/i/mcmworldwide/MWRGATA05BK001_01 | https://images.mcmworldwide.com/i/mcmworldwide/MWRGATA05BK001_09 | https://images.mcmworldwide.com/i/mcmworldwide/MWRGATA05BK001_02 | https://images.mcmworldwide.com/i/mcmworldwide/MWRGATA05BK001_03 | https://images.mcmworldwide.com/i/mcmworldwide/MWRGATA05BK001_04 | https://images.mcmworldwide.com/i/mcmworldwide/MWRGATA05BK001_05 | https://images.mcmworldwide.com/i/mcmworldwide/MWRGATA05BK001_10 | https://images.mcmworldwide.com/i/mcmworldwide/MWRGATA05BK001_11 | https://images.mcmworldwide.com/i/mcmworldwide/MWRGATA05BK001_01 | https://images.mcmworldwide.com/i/mcmworldwide/MWRGATA05BK001_09 | https://images.mcmworldwide.com/i/mcmworldwide/MWRGATA05BK001_02 | https://images.mcmworldwide.com/i/mcmworldwide/MWRGATA05BK001_03 | https://images.mcmworldwide.com/i/mcmworldwide/MWRGATA05BK001_04 | https://images.mcmworldwide.com/i/mcmworldwide/MWRGATA05BK001_05 | https://images.mcmworldwide.com/i/mcmworldwide/MWRGATA05BK001_10 | https://images.mcmworldwide.com/i/mcmworldwide/MWRGATA05BK001_11 | https://images.mcmworldwide.com/i/mcmworldwide/MWRGATA05BK001_01,https://kr.mcmworldwide.com/ko_KR/%EA%B0%80%EB%B0%A9/%EC%88%84%EB%8D%94%EB%B0%B1-%ED%81%AC%EB%A1%9C%EC%8A%A4%EB%B0%B1/aren-%EB%B9%84%EC%84%B8%ED%86%A0%EC%8A%A4-%EB%A0%88%EB%8D%94-%EB%AF%B9%EC%8A%A4-%EB%B2%A0%EB%8B%88%ED%8B%B0-%EC%BC%80%EC%9D%B4%EC%8A%A4/MWRGATA05BK001.html?cgid=bags-shoulder-crossbody-bags
MWRGSTA02CO001,Aren 비세토스 레더 믹스 베니티 케이스,,Aren,천연 가죽 트리밍과 바이에른 다이아몬드 가죽 참 장식이 어우러진 비세토스 모노그램 캔버스 배니티 케이스,"하우스의 장인정신이 돋보이는 배니티 케이스로, 시그니처 비세토스 모노그램의 클래식한 레터링, 라우렐, 다이아몬드 패턴 위에 부드러운 가죽 디테일로 마감했습니다. 뮌헨 바이에른 다이아몬드에서 영감을 받은 가죽 참 장식이 포인트를 더합니다.",비세토스 모노그램 캔버스,스웨이드 마감의 극세사 안감,약 6 x 19 x 12 센티미터,대한민국,cognac,미니,품절,"탈부착이 가능하며 길이 조절이 가능한 가죽 스트랩 | 가죽 탑 핸들 | 로고가 엠보싱 처리된 탈부착 가능한 바바리안 다이아몬드 가죽 참 | 양방향 지퍼 클로저 | 내부 카드 슬롯 | 로고 엠보싱 패치가 더해진 내부 | 바디:비세토스 모노그램 캔버스 | 트림:천연 가죽 | 24K 골드 도금 브라스 하드웨어 | 스웨이드 마감의 극세사 안감 | 약 6 x 19 x 12 센티미터 | 스트랩 길이:125 cm to 133 cm , 핸들 드롭: 4 cm | 제조국: 대한민국",https://images.mcmworldwide.com/i/mcmworldwide/MWRGSTA02CO001_01 | https://images.mcmworldwide.com/i/mcmworldwide/MWRGSTA02CO001_09 | https://images.mcmworldwide.com/i/mcmworldwide/MWRGSTA02CO001_02 | https://images.mcmworldwide.com/i/mcmworldwide/MWRGSTA02CO001_03 | https://images.mcmworldwide.com/i/mcmworldwide/MWRGSTA02CO001_04 | https://images.mcmworldwide.com/i/mcmworldwide/MWRGSTA02CO001_05 | https://images.mcmworldwide.com/i/mcmworldwide/MWRGSTA02CO001_10 | https://images.mcmworldwide.com/i/mcmworldwide/MWRGSTA02CO001_11 | https://images.mcmworldwide.com/i/mcmworldwide/MWRGSTA02CO001_01 | https://images.mcmworldwide.com/i/mcmworldwide/MWRGSTA02CO001_09 | https://images.mcmworldwide.com/i/mcmworldwide/MWRGSTA02CO001_02 | https://images.mcmworldwide.com/i/mcmworldwide/MWRGSTA02CO001_03 | https://images.mcmworldwide.com/i/mcmworldwide/MWRGSTA02CO001_04 | https://images.mcmworldwide.com/i/mcmworldwide/MWRGSTA02CO001_05 | https://images.mcmworldwide.com/i/mcmworldwide/MWRGSTA02CO001_10 | https://images.mcmworldwide.com/i/mcmworldwide/MWRGSTA02CO001_11 | https://images.mcmworldwide.com/i/mcmworldwide/MWRGSTA02CO001_01,https://kr.mcmworldwide.com/ko_KR/%EA%B0%80%EB%B0%A9/%EC%88%84%EB%8D%94%EB%B0%B1-%ED%81%AC%EB%A1%9C%EC%8A%A4%EB%B0%B1/aren-%EB%B9%84%EC%84%B8%ED%86%A0%EC%8A%A4-%EB%A0%88%EB%8D%94-%EB%AF%B9%EC%8A%A4-%EB%B2%A0%EB%8B%88%ED%8B%B0-%EC%BC%80%EC%9D%B4%EC%8A%A4/MWRGSTA02CO001.html?cgid=bags-shoulder-crossbody-bags
MWRGSTA02PZ001,Aren 비세토스 레더 믹스 베니티 케이스,,Aren,천연 가죽 트리밍과 바이에른 다이아몬드 가죽 참 장식이 어우러진 비세토스 모노그램 캔버스 배니티 케이스,"하우스의 장인정신이 돋보이는 배니티 케이스로, 시그니처 비세토스 모노그램의 클래식한 레터링, 라우렐, 다이아몬드 패턴 위에 부드러운 가죽 디테일로 마감했습니다. 뮌헨 바이에른 다이아몬드에서 영감을 받은 가죽 참 장식이 포인트를 더합니다.",비세토스 모노그램 캔버스,스웨이드 마감의 극세사 안감,약 6 x 19 x 12 센티미터,대한민국,soft pink,미니,품절,"탈부착이 가능하며 길이 조절이 가능한 가죽 스트랩 | 가죽 탑 핸들 | 로고가 엠보싱 처리된 탈부착 가능한 바바리안 다이아몬드 가죽 참 | 양방향 지퍼 클로저 | 내부 카드 슬롯 | 로고 엠보싱 패치가 더해진 내부 | 바디:비세토스 모노그램 캔버스 | 트림:천연 가죽 | 16K 골드 도금 메탈 하드웨어 | 스웨이드 마감의 극세사 안감 | 약 6 x 19 x 12 센티미터 | 스트랩 길이:125 cm to 133 cm , 핸들 드롭: 4 cm | 제조국: 대한민국",https://images.mcmworldwide.com/i/mcmworldwide/MWRGSTA02PZ001_01 | https://images.mcmworldwide.com/i/mcmworldwide/MWRGSTA02PZ001_09 | https://images.mcmworldwide.com/i/mcmworldwide/MWRGSTA02PZ001_02 | https://images.mcmworldwide.com/i/mcmworldwide/MWRGSTA02PZ001_03 | https://images.mcmworldwide.com/i/mcmworldwide/MWRGSTA02PZ001_04 | https://images.mcmworldwide.com/i/mcmworldwide/MWRGSTA02PZ001_05 | https://images.mcmworldwide.com/i/mcmworldwide/MWRGSTA02PZ001_10 | https://images.mcmworldwide.com/i/mcmworldwide/MWRGSTA02PZ001_11 | https://images.mcmworldwide.com/i/mcmworldwide/MWRGSTA02PZ001_12 | https://images.mcmworldwide.com/i/mcmworldwide/MWRGSTA02PZ001_01 | https://images.mcmworldwide.com/i/mcmworldwide/MWRGSTA02PZ001_09 | https://images.mcmworldwide.com/i/mcmworldwide/MWRGSTA02PZ001_02 | https://images.mcmworldwide.com/i/mcmworldwide/MWRGSTA02PZ001_03 | https://images.mcmworldwide.com/i/mcmworldwide/MWRGSTA02PZ001_04 | https://images.mcmworldwide.com/i/mcmworldwide/MWRGSTA02PZ001_05 | https://images.mcmworldwide.com/i/mcmworldwide/MWRGSTA02PZ001_10 | https://images.mcmworldwide.com/i/mcmworldwide/MWRGSTA02PZ001_11 | https://images.mcmworldwide.com/i/mcmworldwide/MWRGSTA02PZ001_12 | https://images.mcmworldwide.com/i/mcmworldwide/MWRGSTA02PZ001_01,https://kr.mcmworldwide.com/ko_KR/%EA%B0%80%EB%B0%A9/%EC%88%84%EB%8D%94%EB%B0%B1-%ED%81%AC%EB%A1%9C%EC%8A%A4%EB%B0%B1/aren-%EB%B9%84%EC%84%B8%ED%86%A0%EC%8A%A4-%EB%A0%88%EB%8D%94-%EB%AF%B9%EC%8A%A4-%EB%B2%A0%EB%8B%88%ED%8B%B0-%EC%BC%80%EC%9D%B4%EC%8A%A4/MWRGSTA02PZ001.html?cgid=bags-shoulder-crossbody-bags
MWRGSTA01BK001,Aren 맥시 모노그램 레더 베니티 케이스,,Aren,엠보싱 처리된 맥시 비세토스 모노그램 모티프와 바이에른 다이아몬드 레더 참이 어우러진 내추럴 풀그레인 레더 베니티 케이스,뮌헨 하우스의 클래식 코드를 담아 이탈리아산 풀그레인 레더로 제작된 미니 베니티 케이스. 시그니처 비세토스 모노그램의 엠보싱 디테일과 바이에른 다이아몬드에서 영감을 받은 레더 참이 더해져 고급스러움을 한층 강조합니다.,천연 풀 그레인 레더,스웨이드 마감의 극세사 안감,약 6 x 19 x 12 센티미터,이탈리아,black,미니,품절,"탈부착이 가능하며 길이 조절이 가능한 가죽 스트랩 | 가죽 탑 핸들 | 엠보싱 처리된 맥시 비세토스 모노그램 모티프 | 로고가 엠보싱 처리된 탈부착 가능한 바바리안 다이아몬드 가죽 참 | 양방향 지퍼 클로저 | 내부 카드 슬롯 | 로고 엠보싱 패치가 더해진 내부 | 바디: 천연 풀 그레인 레더 | 실버톤 코발트 브라스 하드웨어 | 스웨이드 마감의 극세사 안감 | 약 6 x 19 x 12 센티미터 | 스트랩 길이: 125 cm - 133 cm, 핸들 드롭: 4 cm | 제조국: 이탈리아",https://images.mcmworldwide.com/i/mcmworldwide/MWRGSTA01BK001_01 | https://images.mcmworldwide.com/i/mcmworldwide/MWRGSTA01BK001_09 | https://images.mcmworldwide.com/i/mcmworldwide/MWRGSTA01BK001_02 | https://images.mcmworldwide.com/i/mcmworldwide/MWRGSTA01BK001_03 | https://images.mcmworldwide.com/i/mcmworldwide/MWRGSTA01BK001_04 | https://images.mcmworldwide.com/i/mcmworldwide/MWRGSTA01BK001_05 | https://images.mcmworldwide.com/i/mcmworldwide/MWRGSTA01BK001_10 | https://images.mcmworldwide.com/i/mcmworldwide/MWRGSTA01BK001_11 | https://images.mcmworldwide.com/i/mcmworldwide/MWRGSTA01BK001_01 | https://images.mcmworldwide.com/i/mcmworldwide/MWRGSTA01BK001_09 | https://images.mcmworldwide.com/i/mcmworldwide/MWRGSTA01BK001_02 | https://images.mcmworldwide.com/i/mcmworldwide/MWRGSTA01BK001_03 | https://images.mcmworldwide.com/i/mcmworldwide/MWRGSTA01BK001_04 | https://images.mcmworldwide.com/i/mcmworldwide/MWRGSTA01BK001_05 | https://images.mcmworldwide.com/i/mcmworldwide/MWRGSTA01BK001_10 | https://images.mcmworldwide.com/i/mcmworldwide/MWRGSTA01BK001_11 | https://images.mcmworldwide.com/i/mcmworldwide/MWRGSTA01BK001_01,https://kr.mcmworldwide.com/ko_KR/%EA%B0%80%EB%B0%A9/%EC%88%84%EB%8D%94%EB%B0%B1-%ED%81%AC%EB%A1%9C%EC%8A%A4%EB%B0%B1/aren-%EB%A7%A5%EC%8B%9C-%EB%AA%A8%EB%85%B8%EA%B7%B8%EB%9E%A8-%EB%A0%88%EB%8D%94-%EB%B2%A0%EB%8B%88%ED%8B%B0-%EC%BC%80%EC%9D%B4%EC%8A%A4/MWRGSTA01BK001.html?cgid=bags-shoulder-crossbody-bags
MWRGSTA01OQ001,Aren 맥시 모노그램 레더 베니티 케이스,,Aren,엠보싱 처리된 맥시 비세토스 모노그램 모티프와 바이에른 다이아몬드 가죽 참이 더해진 천연 풀그레인 가죽 베니티 케이스,뮌헨 하우스의 클래식 코드를 담아낸 이 베니티 케이스는 이탈리아산 천연 풀그레인 가죽에 시그니처 비세토스 모노그램을 엠보싱으로 표현했습니다. 바이에른 다이아몬드를 모티프로 한 가죽 참이 미니멀한 실루엣에 정제된 포인트를 더합니다.,천연 풀 그레인 레더,스웨이드 마감의 극세사 안감,약 6 x 19 x 12 센티미터,이탈리아,orangeade,미니,품절,"탈부착이 가능하며 길이 조절이 가능한 가죽 스트랩 | 가죽 탑 핸들 | 엠보싱 처리된 맥시 비세토스 모노그램 모티프 | 로고가 엠보싱 처리된 탈부착 가능한 바바리안 다이아몬드 가죽 참 | 양방향 지퍼 클로저 | 내부 카드 슬롯 | 로고 엠보싱 패치가 더해진 내부 | 바디: 천연 풀 그레인 레더 | 24K 골드 도금 브라스 하드웨어 | 스웨이드 마감의 극세사 안감 | 약 6 x 19 x 12 센티미터 | 스트랩 길이: 125 cm - 133 cm, 핸들 드롭: 4 cm | 제조국: 이탈리아",https://images.mcmworldwide.com/i/mcmworldwide/MWRGSTA01OQ001_01 | https://images.mcmworldwide.com/i/mcmworldwide/MWRGSTA01OQ001_09 | https://images.mcmworldwide.com/i/mcmworldwide/MWRGSTA01OQ001_02 | https://images.mcmworldwide.com/i/mcmworldwide/MWRGSTA01OQ001_03 | https://images.mcmworldwide.com/i/mcmworldwide/MWRGSTA01OQ001_04 | https://images.mcmworldwide.com/i/mcmworldwide/MWRGSTA01OQ001_05 | https://images.mcmworldwide.com/i/mcmworldwide/MWRGSTA01OQ001_10 | https://images.mcmworldwide.com/i/mcmworldwide/MWRGSTA01OQ001_11 | https://images.mcmworldwide.com/i/mcmworldwide/MWRGSTA01OQ001_01 | https://images.mcmworldwide.com/i/mcmworldwide/MWRGSTA01OQ001_09 | https://images.mcmworldwide.com/i/mcmworldwide/MWRGSTA01OQ001_02 | https://images.mcmworldwide.com/i/mcmworldwide/MWRGSTA01OQ001_03 | https://images.mcmworldwide.com/i/mcmworldwide/MWRGSTA01OQ001_04 | https://images.mcmworldwide.com/i/mcmworldwide/MWRGSTA01OQ001_05 | https://images.mcmworldwide.com/i/mcmworldwide/MWRGSTA01OQ001_10 | https://images.mcmworldwide.com/i/mcmworldwide/MWRGSTA01OQ001_11 | https://images.mcmworldwide.com/i/mcmworldwide/MWRGSTA01OQ001_01,https://kr.mcmworldwide.com/ko_KR/%EA%B0%80%EB%B0%A9/%EC%88%84%EB%8D%94%EB%B0%B1-%ED%81%AC%EB%A1%9C%EC%8A%A4%EB%B0%B1/aren-%EB%A7%A5%EC%8B%9C-%EB%AA%A8%EB%85%B8%EA%B7%B8%EB%9E%A8-%EB%A0%88%EB%8D%94-%EB%B2%A0%EB%8B%88%ED%8B%B0-%EC%BC%80%EC%9D%B4%EC%8A%A4/MWRGSTA01OQ001.html?cgid=bags-shoulder-crossbody-bags
MWRGSTA01QA001,Aren 맥시 모노그램 레더 베니티 케이스,,Aren,엠보싱 맥시 비세토스 모노그램과 바이에른 다이아몬드 레더 참이 더해진 그레인 레더 베니티 케이스,뮌헨 하우스의 클래식 코드를 담아 이탈리아산 풀그레인 레더로 제작된 미니 베니티 케이스. 시그니처 비세토스 모노그램의 엠보싱 디테일과 바이에른 다이아몬드에서 영감을 받은 레더 참이 더해져 고급스러움을 한층 강조합니다.,풀그레인 가죽,스웨이드 마감의 극세사 안감,약 6 x 19 x 12 센티미터,이탈리아,lotus,미니,품절,"탈부착이 가능하며 길이 조절이 가능한 가죽 스트랩 | 가죽 탑 핸들 | 엠보싱 처리된 맥시 비세토스 모노그램 모티프 | 로고가 엠보싱 처리된 탈부착 가능한 바바리안 다이아몬드 가죽 참 | 양방향 지퍼 클로저 | 내부 카드 슬롯 | 바디:풀그레인 가죽 | 16K 골드 도금 메탈 하드웨어 | 스웨이드 마감의 극세사 안감 | 약 6 x 19 x 12 센티미터 | 스트랩 길이: 103 cm - 135 cm, 핸들 드롭: 4 cm | 제조국: 이탈리아",https://images.mcmworldwide.com/i/mcmworldwide/MWRGSTA01QA001_01 | https://images.mcmworldwide.com/i/mcmworldwide/MWRGSTA01QA001_09 | https://images.mcmworldwide.com/i/mcmworldwide/MWRGSTA01QA001_02 | https://images.mcmworldwide.com/i/mcmworldwide/MWRGSTA01QA001_03 | https://images.mcmworldwide.com/i/mcmworldwide/MWRGSTA01QA001_04 | https://images.mcmworldwide.com/i/mcmworldwide/MWRGSTA01QA001_05 | https://images.mcmworldwide.com/i/mcmworldwide/MWRGSTA01QA001_10 | https://images.mcmworldwide.com/i/mcmworldwide/MWRGSTA01QA001_01 | https://images.mcmworldwide.com/i/mcmworldwide/MWRGSTA01QA001_09 | https://images.mcmworldwide.com/i/mcmworldwide/MWRGSTA01QA001_02 | https://images.mcmworldwide.com/i/mcmworldwide/MWRGSTA01QA001_03 | https://images.mcmworldwide.com/i/mcmworldwide/MWRGSTA01QA001_04 | https://images.mcmworldwide.com/i/mcmworldwide/MWRGSTA01QA001_05 | https://images.mcmworldwide.com/i/mcmworldwide/MWRGSTA01QA001_10 | https://images.mcmworldwide.com/i/mcmworldwide/MWRGSTA01QA001_01,https://kr.mcmworldwide.com/ko_KR/%EA%B0%80%EB%B0%A9/%EC%88%84%EB%8D%94%EB%B0%B1-%ED%81%AC%EB%A1%9C%EC%8A%A4%EB%B0%B1/aren-%EB%A7%A5%EC%8B%9C-%EB%AA%A8%EB%85%B8%EA%B7%B8%EB%9E%A8-%EB%A0%88%EB%8D%94-%EB%B2%A0%EB%8B%88%ED%8B%B0-%EC%BC%80%EC%9D%B4%EC%8A%A4/MWRGSTA01QA001.html?cgid=bags-shoulder-crossbody-bags
MWSGSTA02CO001,Aren 비세토스 E/W 숄더백,,Aren,바이에른 다이아몬드 가죽 참과 천연 가죽 트림이 더해진 비세토스 모노그램 캔버스 숄더백,"하우스의 시그니처 레터, 월계수, 다이아몬드 패턴으로 장식된 숄더백. 천연 가죽 디테일로 마감하였으며 뮌헨의 바이에른 다이아몬드에서 영감을 받은 로고가 양각 처리된 가죽참으로 포인트를 더하였습니다.",비세토스 모노그램 캔버스,스웨이드 마감의 극세사 안감,약 9 x 29 x 12 센티미터,대한민국,cognac,S,품절,가죽 탑 핸들 | 탈착 가능한 로고가 새겨진 바바리안 다이아몬드 레더 참 | 양방향 지퍼 클로저 | 내부 카드 슬롯 | 바디:비세토스 모노그램 캔버스 | 트림:천연 가죽 | 24K 골드 도금 브라스 하드웨어 | 스웨이드 마감의 극세사 안감 | 약 9 x 29 x 12 센티미터 | 핸들 드롭: 27 cm | 제조국: 대한민국,https://images.mcmworldwide.com/i/mcmworldwide/MWSGSTA02CO001_01 | https://images.mcmworldwide.com/i/mcmworldwide/MWSGSTA02CO001_09 | https://images.mcmworldwide.com/i/mcmworldwide/MWSGSTA02CO001_02 | https://images.mcmworldwide.com/i/mcmworldwide/MWSGSTA02CO001_03 | https://images.mcmworldwide.com/i/mcmworldwide/MWSGSTA02CO001_04 | https://images.mcmworldwide.com/i/mcmworldwide/MWSGSTA02CO001_05 | https://images.mcmworldwide.com/i/mcmworldwide/MWSGSTA02CO001_06 | https://images.mcmworldwide.com/i/mcmworldwide/MWSGSTA02CO001_10 | https://images.mcmworldwide.com/i/mcmworldwide/MWSGSTA02CO001_01 | https://images.mcmworldwide.com/i/mcmworldwide/MWSGSTA02CO001_09 | https://images.mcmworldwide.com/i/mcmworldwide/MWSGSTA02CO001_02 | https://images.mcmworldwide.com/i/mcmworldwide/MWSGSTA02CO001_03 | https://images.mcmworldwide.com/i/mcmworldwide/MWSGSTA02CO001_04 | https://images.mcmworldwide.com/i/mcmworldwide/MWSGSTA02CO001_05 | https://images.mcmworldwide.com/i/mcmworldwide/MWSGSTA02CO001_06 | https://images.mcmworldwide.com/i/mcmworldwide/MWSGSTA02CO001_10 | https://images.mcmworldwide.com/i/mcmworldwide/MWSGSTA02CO001_01,https://kr.mcmworldwide.com/ko_KR/%EA%B0%80%EB%B0%A9/%EC%88%84%EB%8D%94%EB%B0%B1-%ED%81%AC%EB%A1%9C%EC%8A%A4%EB%B0%B1/aren-%EB%B9%84%EC%84%B8%ED%86%A0%EC%8A%A4-e%2Fw-%EC%88%84%EB%8D%94%EB%B0%B1/MWSGSTA02CO001.html?cgid=bags-shoulder-crossbody-bags
MWSGATA01BK001,Aren 비세토스 E/W 숄더백,,Aren,바이에른 다이아몬드 레더 참과 가죽 트림이 더해진 비세토스 모노그램 캔버스 숄더백,"하우스의 시그니처 레터, 월계수, 다이아몬드 패턴으로 장식된 숄더백. 천연 가죽 디테일로 마감하였으며 뮌헨의 바이에른 다이아몬드에서 영감을 받은 로고가 양각 처리된 가죽참으로 포인트를 더하였습니다.",비세토스 모노그램 캔버스,스웨이드 마감의 극세사 안감,약 9 x 29 x 12 센티미터,대한민국,black,S,품절,가죽 탑 핸들 | 로고가 엠보싱 처리된 탈부착 가능한 바바리안 다이아몬드 가죽 참 | 양방향 지퍼 클로저 | 내부 카드 슬롯 | 바디:비세토스 모노그램 캔버스 | 레더 트림 | 실버톤 코발트 브라스 하드웨어 | 스웨이드 마감의 극세사 안감 | 약 9 x 29 x 12 센티미터 | 핸들 드롭: 27 cm | 제조국: 대한민국,https://images.mcmworldwide.com/i/mcmworldwide/MWSGATA01BK001_01 | https://images.mcmworldwide.com/i/mcmworldwide/MWSGATA01BK001_09 | https://images.mcmworldwide.com/i/mcmworldwide/MWSGATA01BK001_02 | https://images.mcmworldwide.com/i/mcmworldwide/MWSGATA01BK001_03 | https://images.mcmworldwide.com/i/mcmworldwide/MWSGATA01BK001_04 | https://images.mcmworldwide.com/i/mcmworldwide/MWSGATA01BK001_05 | https://images.mcmworldwide.com/i/mcmworldwide/MWSGATA01BK001_06 | https://images.mcmworldwide.com/i/mcmworldwide/MWSGATA01BK001_10 | https://images.mcmworldwide.com/i/mcmworldwide/MWSGATA01BK001_01 | https://images.mcmworldwide.com/i/mcmworldwide/MWSGATA01BK001_09 | https://images.mcmworldwide.com/i/mcmworldwide/MWSGATA01BK001_02 | https://images.mcmworldwide.com/i/mcmworldwide/MWSGATA01BK001_03 | https://images.mcmworldwide.com/i/mcmworldwide/MWSGATA01BK001_04 | https://images.mcmworldwide.com/i/mcmworldwide/MWSGATA01BK001_05 | https://images.mcmworldwide.com/i/mcmworldwide/MWSGATA01BK001_06 | https://images.mcmworldwide.com/i/mcmworldwide/MWSGATA01BK001_10 | https://images.mcmworldwide.com/i/mcmworldwide/MWSGATA01BK001_01,https://kr.mcmworldwide.com/ko_KR/%EA%B0%80%EB%B0%A9/%EC%88%84%EB%8D%94%EB%B0%B1-%ED%81%AC%EB%A1%9C%EC%8A%A4%EB%B0%B1/aren-%EB%B9%84%EC%84%B8%ED%86%A0%EC%8A%A4-e%2Fw-%EC%88%84%EB%8D%94%EB%B0%B1/MWSGATA01BK001.html?cgid=bags-shoulder-crossbody-bags
MWSGATA01PZ001,Aren 비세토스 E/W 숄더백,,Aren,바이에른 다이아몬드 레더 참과 가죽 트림이 더해진 비세토스 모노그램 캔버스 숄더백,"하우스의 시그니처 레터, 월계수, 다이아몬드 패턴으로 장식된 숄더백. 천연 가죽 디테일로 마감하였으며 뮌헨의 바이에른 다이아몬드에서 영감을 받은 로고가 양각 처리된 가죽참으로 포인트를 더하였습니다.",비세토스 모노그램 캔버스,스웨이드 마감의 극세사 안감,약 9 x 29 x 12 센티미터,대한민국,soft pink,S,품절,가죽 탑 핸들 | 로고가 엠보싱 처리된 탈부착 가능한 바바리안 다이아몬드 가죽 참 | 양방향 지퍼 클로저 | 내부 카드 슬롯 | 바디:비세토스 모노그램 캔버스 | 레더 트림 | 16K 골드 도금 메탈 하드웨어 | 스웨이드 마감의 극세사 안감 | 약 9 x 29 x 12 센티미터 | 핸들 드롭: 27 cm | 제조국: 대한민국,https://images.mcmworldwide.com/i/mcmworldwide/MWSGATA01PZ001_01 | https://images.mcmworldwide.com/i/mcmworldwide/MWSGATA01PZ001_09 | https://images.mcmworldwide.com/i/mcmworldwide/MWSGATA01PZ001_02 | https://images.mcmworldwide.com/i/mcmworldwide/MWSGATA01PZ001_03 | https://images.mcmworldwide.com/i/mcmworldwide/MWSGATA01PZ001_04 | https://images.mcmworldwide.com/i/mcmworldwide/MWSGATA01PZ001_05 | https://images.mcmworldwide.com/i/mcmworldwide/MWSGATA01PZ001_06 | https://images.mcmworldwide.com/i/mcmworldwide/MWSGATA01PZ001_10 | https://images.mcmworldwide.com/i/mcmworldwide/MWSGATA01PZ001_01 | https://images.mcmworldwide.com/i/mcmworldwide/MWSGATA01PZ001_09 | https://images.mcmworldwide.com/i/mcmworldwide/MWSGATA01PZ001_02 | https://images.mcmworldwide.com/i/mcmworldwide/MWSGATA01PZ001_03 | https://images.mcmworldwide.com/i/mcmworldwide/MWSGATA01PZ001_04 | https://images.mcmworldwide.com/i/mcmworldwide/MWSGATA01PZ001_05 | https://images.mcmworldwide.com/i/mcmworldwide/MWSGATA01PZ001_06 | https://images.mcmworldwide.com/i/mcmworldwide/MWSGATA01PZ001_10 | https://images.mcmworldwide.com/i/mcmworldwide/MWSGATA01PZ001_01,https://kr.mcmworldwide.com/ko_KR/%EA%B0%80%EB%B0%A9/%EC%88%84%EB%8D%94%EB%B0%B1-%ED%81%AC%EB%A1%9C%EC%8A%A4%EB%B0%B1/aren-%EB%B9%84%EC%84%B8%ED%86%A0%EC%8A%A4-e%2Fw-%EC%88%84%EB%8D%94%EB%B0%B1/MWSGATA01PZ001.html?cgid=bags-shoulder-crossbody-bags
MWSGATA01I8001,Aren 비세토스 E/W 숄더백,,Aren,바이에른 다이아몬드 레더 참과 가죽 트림이 더해진 비세토스 모노그램 캔버스 숄더백,"하우스의 시그니처 레터, 월계수, 다이아몬드 패턴으로 장식된 숄더백. 천연 가죽 디테일로 마감하였으며 뮌헨의 바이에른 다이아몬드에서 영감을 받은 로고가 양각 처리된 가죽참으로 포인트를 더하였습니다.",비세토스 모노그램 캔버스,스웨이드 마감의 극세사 안감,약 9 x 29 x 12 센티미터,대한민국,beige + black,S,품절,가죽 탑 핸들 | 로고가 엠보싱 처리된 탈부착 가능한 바바리안 다이아몬드 가죽 참 | 양방향 지퍼 클로저 | 내부 카드 슬롯 | 바디:비세토스 모노그램 캔버스 | 레더 트림 | 16K 골드 도금 메탈 하드웨어 | 스웨이드 마감의 극세사 안감 | 약 9 x 29 x 12 센티미터 | 핸들 드롭: 27 cm | 제조국: 대한민국,https://images.mcmworldwide.com/i/mcmworldwide/MWSGATA01I8001_01 | https://images.mcmworldwide.com/i/mcmworldwide/MWSGATA01I8001_09 | https://images.mcmworldwide.com/i/mcmworldwide/MWSGATA01I8001_02 | https://images.mcmworldwide.com/i/mcmworldwide/MWSGATA01I8001_03 | https://images.mcmworldwide.com/i/mcmworldwide/MWSGATA01I8001_04 | https://images.mcmworldwide.com/i/mcmworldwide/MWSGATA01I8001_05 | https://images.mcmworldwide.com/i/mcmworldwide/MWSGATA01I8001_06 | https://images.mcmworldwide.com/i/mcmworldwide/MWSGATA01I8001_10 | https://images.mcmworldwide.com/i/mcmworldwide/MWSGATA01I8001_01 | https://images.mcmworldwide.com/i/mcmworldwide/MWSGATA01I8001_09 | https://images.mcmworldwide.com/i/mcmworldwide/MWSGATA01I8001_02 | https://images.mcmworldwide.com/i/mcmworldwide/MWSGATA01I8001_03 | https://images.mcmworldwide.com/i/mcmworldwide/MWSGATA01I8001_04 | https://images.mcmworldwide.com/i/mcmworldwide/MWSGATA01I8001_05 | https://images.mcmworldwide.com/i/mcmworldwide/MWSGATA01I8001_06 | https://images.mcmworldwide.com/i/mcmworldwide/MWSGATA01I8001_10 | https://images.mcmworldwide.com/i/mcmworldwide/MWSGATA01I8001_01,https://kr.mcmworldwide.com/ko_KR/%EA%B0%80%EB%B0%A9/%EC%88%84%EB%8D%94%EB%B0%B1-%ED%81%AC%EB%A1%9C%EC%8A%A4%EB%B0%B1/aren-%EB%B9%84%EC%84%B8%ED%86%A0%EC%8A%A4-e%2Fw-%EC%88%84%EB%8D%94%EB%B0%B1/MWSGATA01I8001.html?cgid=bags-shoulder-crossbody-bags
MWSGSTA01OQ001,Aren 맥시 모노그램 레더 E/W 숄더백,,Aren,엠보싱 처리된 맥시 비세토스 모노그램과 바이에른 다이아몬드 가죽 참이 더해진 천연 풀그레인 가죽 숄더백,"하우스의 맥시멀한 모노그램이 돋보이는 조형적인 실루엣의 아렌 숄더백은 이탈리아산 천연 풀그레인 가죽으로 제작되었습니다. 뮌헨의 바이에른 다이아몬드에서 영감을 받은 로고 엠보싱 가죽 참이 더해져, 조형미와 헤리티지를 동시에 담아냅니다.",천연 풀 그레인 레더,스웨이드 마감의 극세사 안감,약 9 x 29 x 12 센티미터,이탈리아,orangeade,S,품절,가죽 탑 핸들 | 엠보싱 처리된 맥시 비세토스 모노그램 모티프 | 로고가 엠보싱 처리된 탈부착 가능한 바바리안 다이아몬드 가죽 참 | 양방향 지퍼 클로저 | 내부 카드 슬롯 | 바디: 천연 풀 그레인 레더 | 24K 골드 도금 브라스 하드웨어 | 스웨이드 마감의 극세사 안감 | 약 9 x 29 x 12 센티미터 | 핸들 드롭: 27 cm | 제조국: 이탈리아,https://images.mcmworldwide.com/i/mcmworldwide/MWSGSTA01OQ001_01 | https://images.mcmworldwide.com/i/mcmworldwide/MWSGSTA01OQ001_09 | https://images.mcmworldwide.com/i/mcmworldwide/MWSGSTA01OQ001_02 | https://images.mcmworldwide.com/i/mcmworldwide/MWSGSTA01OQ001_03 | https://images.mcmworldwide.com/i/mcmworldwide/MWSGSTA01OQ001_04 | https://images.mcmworldwide.com/i/mcmworldwide/MWSGSTA01OQ001_05 | https://images.mcmworldwide.com/i/mcmworldwide/MWSGSTA01OQ001_06 | https://images.mcmworldwide.com/i/mcmworldwide/MWSGSTA01OQ001_10 | https://images.mcmworldwide.com/i/mcmworldwide/MWSGSTA01OQ001_01 | https://images.mcmworldwide.com/i/mcmworldwide/MWSGSTA01OQ001_09 | https://images.mcmworldwide.com/i/mcmworldwide/MWSGSTA01OQ001_02 | https://images.mcmworldwide.com/i/mcmworldwide/MWSGSTA01OQ001_03 | https://images.mcmworldwide.com/i/mcmworldwide/MWSGSTA01OQ001_04 | https://images.mcmworldwide.com/i/mcmworldwide/MWSGSTA01OQ001_05 | https://images.mcmworldwide.com/i/mcmworldwide/MWSGSTA01OQ001_06 | https://images.mcmworldwide.com/i/mcmworldwide/MWSGSTA01OQ001_10 | https://images.mcmworldwide.com/i/mcmworldwide/MWSGSTA01OQ001_01,https://kr.mcmworldwide.com/ko_KR/%EA%B0%80%EB%B0%A9/%EC%88%84%EB%8D%94%EB%B0%B1-%ED%81%AC%EB%A1%9C%EC%8A%A4%EB%B0%B1/aren-%EB%A7%A5%EC%8B%9C-%EB%AA%A8%EB%85%B8%EA%B7%B8%EB%9E%A8-%EB%A0%88%EB%8D%94-e%2Fw-%EC%88%84%EB%8D%94%EB%B0%B1/MWSGSTA01OQ001.html?cgid=bags-shoulder-crossbody-bags
MWSGSTA01QA001,Aren 맥시 모노그램 레더 E/W 숄더백,,Aren,엠보싱 맥시 비세토스 모노그램과 바이에른 다이아몬드 레더 참이 더해진 풀그레인 레더 숄더백,"이탈리아산 풀그레인 레더로 정교하게 제작된 Aren 숄더 백. 조각적인 실루엣과 하우스의 맥시 모노그램이 돋보이며, 뮌헨 바이에른 다이아몬드에서 영감을 받은 로고 엠보싱 레더 참 디테일이 더해져 고급스러움을 한층 강조합니다.",풀그레인 가죽,스웨이드 마감의 극세사 안감,약 9 x 29 x 12 센티미터,이탈리아,lotus,S,품절,가죽 탑 핸들 | 엠보싱 처리된 맥시 비세토스 모노그램 모티프 | 로고가 엠보싱 처리된 탈부착 가능한 바바리안 다이아몬드 가죽 참 | 양방향 지퍼 클로저 | 내부 카드 슬롯 | 바디:풀그레인 가죽 | 16K 골드 도금 메탈 하드웨어 | 스웨이드 마감의 극세사 안감 | 약 9 x 29 x 12 센티미터 | 핸들 드롭: 27 cm | 제조국: 이탈리아,https://images.mcmworldwide.com/i/mcmworldwide/MWSGSTA01QA001_01 | https://images.mcmworldwide.com/i/mcmworldwide/MWSGSTA01QA001_09 | https://images.mcmworldwide.com/i/mcmworldwide/MWSGSTA01QA001_02 | https://images.mcmworldwide.com/i/mcmworldwide/MWSGSTA01QA001_03 | https://images.mcmworldwide.com/i/mcmworldwide/MWSGSTA01QA001_04 | https://images.mcmworldwide.com/i/mcmworldwide/MWSGSTA01QA001_05 | https://images.mcmworldwide.com/i/mcmworldwide/MWSGSTA01QA001_06 | https://images.mcmworldwide.com/i/mcmworldwide/MWSGSTA01QA001_10 | https://images.mcmworldwide.com/i/mcmworldwide/MWSGSTA01QA001_01 | https://images.mcmworldwide.com/i/mcmworldwide/MWSGSTA01QA001_09 | https://images.mcmworldwide.com/i/mcmworldwide/MWSGSTA01QA001_02 | https://images.mcmworldwide.com/i/mcmworldwide/MWSGSTA01QA001_03 | https://images.mcmworldwide.com/i/mcmworldwide/MWSGSTA01QA001_04 | https://images.mcmworldwide.com/i/mcmworldwide/MWSGSTA01QA001_05 | https://images.mcmworldwide.com/i/mcmworldwide/MWSGSTA01QA001_06 | https://images.mcmworldwide.com/i/mcmworldwide/MWSGSTA01QA001_10 | https://images.mcmworldwide.com/i/mcmworldwide/MWSGSTA01QA001_01,https://kr.mcmworldwide.com/ko_KR/%EA%B0%80%EB%B0%A9/%EC%88%84%EB%8D%94%EB%B0%B1-%ED%81%AC%EB%A1%9C%EC%8A%A4%EB%B0%B1/aren-%EB%A7%A5%EC%8B%9C-%EB%AA%A8%EB%85%B8%EA%B7%B8%EB%9E%A8-%EB%A0%88%EB%8D%94-e%2Fw-%EC%88%84%EB%8D%94%EB%B0%B1/MWSGSTA01QA001.html?cgid=bags-shoulder-crossbody-bags
MWBFAEA01CO001,Ella 비세토스 보스턴 백,,Ella,로고 엠보싱 다이아몬드 가죽 참과 천연 가죽 트림이 더해진 비세토스 모노그램 캔버스 보스턴 백,뮌헨의 황금기에서 탄생한 고급스러운 캐리올 아이템. 그 시대를 대표하던 여행용 트렁크에서 영감을 받은 미디엄 엘라 보스턴 백은 바이에른 다이아몬드를 모티프로 한 로고 엠보싱 가죽 참을 포함해 내추럴 가죽 디테일로 우아하게 완성되었습니다.,비세토스 모노그램 캔버스,스웨이드 마감의 극세사 안감,약 17 x 32 x 21 센티미터,대한민국,cognac,M,품절,"탈부착이 가능하며 길이 조절이 가능한 가죽 스트랩 | 가죽 탑 핸들 | 탈착 가능한 바이에른 다이아몬드 가죽 참 | 양방향 지퍼 클로저 | 내부 포켓과 지퍼 수납 공간 | 바디:비세토스 모노그램 캔버스 | 트림:천연 가죽 | 24K 골드 도금 브라스 하드웨어 | 스웨이드 마감의 극세사 안감 | 약 17 x 32 x 21 센티미터 | 스트랩 길이: 93cm - 109cm, 핸들 드롭: 10cm | 제조국: 대한민국",https://images.mcmworldwide.com/i/mcmworldwide/MWBFAEA01CO001_01 | https://images.mcmworldwide.com/i/mcmworldwide/MWBFAEA01CO001_09 | https://images.mcmworldwide.com/i/mcmworldwide/MWBFAEA01CO001_02 | https://images.mcmworldwide.com/i/mcmworldwide/MWBFAEA01CO001_03 | https://images.mcmworldwide.com/i/mcmworldwide/MWBFAEA01CO001_04 | https://images.mcmworldwide.com/i/mcmworldwide/MWBFAEA01CO001_10 | https://images.mcmworldwide.com/i/mcmworldwide/MWBFAEA01CO001_01 | https://images.mcmworldwide.com/i/mcmworldwide/MWBFAEA01CO001_09 | https://images.mcmworldwide.com/i/mcmworldwide/MWBFAEA01CO001_02 | https://images.mcmworldwide.com/i/mcmworldwide/MWBFAEA01CO001_03 | https://images.mcmworldwide.com/i/mcmworldwide/MWBFAEA01CO001_04 | https://images.mcmworldwide.com/i/mcmworldwide/MWBFAEA01CO001_10,https://kr.mcmworldwide.com/ko_KR/%EA%B0%80%EB%B0%A9/%EC%88%84%EB%8D%94%EB%B0%B1-%ED%81%AC%EB%A1%9C%EC%8A%A4%EB%B0%B1/ella-%EB%B9%84%EC%84%B8%ED%86%A0%EC%8A%A4-%EB%B3%B4%EC%8A%A4%ED%84%B4-%EB%B0%B1/MWBFAEA01CO001.html?cgid=bags-shoulder-crossbody-bags
MWBFAEA03CO001,Ella 비세토스 보스턴 백,,Ella,천연 가죽 트림과 로고 엠보싱 가죽 참이 더해진 비세토스 모노그램 캔버스 보스턴 백,뮌헨의 황금기에서 영감을 받아 탄생한 엘라 보스턴 백은 독일을 대표하던 클래식 여행용 트렁크의 우아함을 현대적으로 재해석한 디자인입니다. 바이에른 다이아몬드를 모티프로 한 로고 엠보싱 가죽 참이 더해져 하우스의 기원을 섬세하게 담아냅니다.,탈착 가능하며 길이 조절이 가능한 가죽 크로스바디 스트랩,스웨이드 마감의 극세사 안감,약 12 x 22 x 15 센티미터,대한민국,cognac,S,품절,"탈착 가능하며 길이 조절이 가능한 가죽 크로스바디 스트랩 | 가죽 탑 핸들 | 탈착 가능한 로고가 새겨진 바바리안 다이아몬드 레더 참 | 양방향 지퍼 클로저 | 내부 포켓 | 바디:비세토스 모노그램 캔버스 | 트림:천연 가죽 | 24K 골드 도금 브라스 하드웨어 | 스웨이드 마감의 극세사 안감 | 약 12 x 22 x 15 센티미터 | 스트랩 길이: 115 cm - 134 cm, 핸들 드롭: 8 cm | 제조국: 대한민국",https://images.mcmworldwide.com/i/mcmworldwide/MWBFAEA03CO001_01 | https://images.mcmworldwide.com/i/mcmworldwide/MWBFAEA03CO001_09 | https://images.mcmworldwide.com/i/mcmworldwide/MWBFAEA03CO001_02 | https://images.mcmworldwide.com/i/mcmworldwide/MWBFAEA03CO001_03 | https://images.mcmworldwide.com/i/mcmworldwide/MWBFAEA03CO001_04 | https://images.mcmworldwide.com/i/mcmworldwide/MWBFAEA03CO001_05 | https://images.mcmworldwide.com/i/mcmworldwide/MWBFAEA03CO001_10 | https://images.mcmworldwide.com/i/mcmworldwide/MWBFAEA03CO001_01 | https://images.mcmworldwide.com/i/mcmworldwide/MWBFAEA03CO001_09 | https://images.mcmworldwide.com/i/mcmworldwide/MWBFAEA03CO001_02 | https://images.mcmworldwide.com/i/mcmworldwide/MWBFAEA03CO001_03 | https://images.mcmworldwide.com/i/mcmworldwide/MWBFAEA03CO001_04 | https://images.mcmworldwide.com/i/mcmworldwide/MWBFAEA03CO001_05 | https://images.mcmworldwide.com/i/mcmworldwide/MWBFAEA03CO001_10 | https://images.mcmworldwide.com/i/mcmworldwide/MWBFAEA03CO001_01,https://kr.mcmworldwide.com/ko_KR/%EA%B0%80%EB%B0%A9/%EC%88%84%EB%8D%94%EB%B0%B1-%ED%81%AC%EB%A1%9C%EC%8A%A4%EB%B0%B1/ella-%EB%B9%84%EC%84%B8%ED%86%A0%EC%8A%A4-%EB%B3%B4%EC%8A%A4%ED%84%B4-%EB%B0%B1/MWBFAEA03CO001.html?cgid=bags-shoulder-crossbody-bags
MWBFAEA03BK001,Ella 비세토스 보스턴 백,,Ella,천연 가죽 트림과 로고 엠보싱 가죽 참이 더해진 비세토스 모노그램 캔버스 보스턴 백,"뮌헨의 황금기에서 영감을 받아 탄생한 엘라 보스턴 백은, 독일 역사 속 그 시대를 대표하는 여행용 트렁크의 우아함을 현대적으로 재해석한 아이템입니다. 바이에른 다이아몬드를 모티프로 한 로고 엠보싱 가죽 참을 더해 하우스의 탄생지에 대한 헌사를 완성합니다.",탈착 가능하며 길이 조절이 가능한 가죽 크로스바디 스트랩,스웨이드 마감의 극세사 안감,약 12 x 22 x 15 센티미터,대한민국,black,S,품절,"탈착 가능하며 길이 조절이 가능한 가죽 크로스바디 스트랩 | 가죽 탑 핸들 | 탈착 가능한 로고가 새겨진 바바리안 다이아몬드 레더 참 | 양방향 지퍼 클로저 | 내부 포켓 | 바디:비세토스 모노그램 캔버스 | 트림:천연 가죽 | 18K 골드 도금 메탈 하드웨어 | 스웨이드 마감의 극세사 안감 | 약 12 x 22 x 15 센티미터 | 스트랩 길이: 115 cm - 134 cm, 핸들 드롭: 8 cm | 제조국: 대한민국",https://images.mcmworldwide.com/i/mcmworldwide/MWBFAEA03BK001_01 | https://images.mcmworldwide.com/i/mcmworldwide/MWBFAEA03BK001_09 | https://images.mcmworldwide.com/i/mcmworldwide/MWBFAEA03BK001_02 | https://images.mcmworldwide.com/i/mcmworldwide/MWBFAEA03BK001_03 | https://images.mcmworldwide.com/i/mcmworldwide/MWBFAEA03BK001_04 | https://images.mcmworldwide.com/i/mcmworldwide/MWBFAEA03BK001_05 | https://images.mcmworldwide.com/i/mcmworldwide/MWBFAEA03BK001_10 | https://images.mcmworldwide.com/i/mcmworldwide/MWBFAEA03BK001_01 | https://images.mcmworldwide.com/i/mcmworldwide/MWBFAEA03BK001_09 | https://images.mcmworldwide.com/i/mcmworldwide/MWBFAEA03BK001_02 | https://images.mcmworldwide.com/i/mcmworldwide/MWBFAEA03BK001_03 | https://images.mcmworldwide.com/i/mcmworldwide/MWBFAEA03BK001_04 | https://images.mcmworldwide.com/i/mcmworldwide/MWBFAEA03BK001_05 | https://images.mcmworldwide.com/i/mcmworldwide/MWBFAEA03BK001_10 | https://images.mcmworldwide.com/i/mcmworldwide/MWBFAEA03BK001_01,https://kr.mcmworldwide.com/ko_KR/%EA%B0%80%EB%B0%A9/%EC%88%84%EB%8D%94%EB%B0%B1-%ED%81%AC%EB%A1%9C%EC%8A%A4%EB%B0%B1/ella-%EB%B9%84%EC%84%B8%ED%86%A0%EC%8A%A4-%EB%B3%B4%EC%8A%A4%ED%84%B4-%EB%B0%B1/MWBFAEA03BK001.html?cgid=bags-shoulder-crossbody-bags
MWBESEA02PZ001,Ella 비세토스 보스턴 백,,Ella,천연 나파 가죽 트림과 가죽 행택 및 금속 자물쇠가 돋보이는 비세토스 보스턴 백,"뮌헨의 황금기에서 영감을 받은 엘라 보스턴 백은, 그 시대의 여행 트렁크에 대한 우아한 오마주입니다. 동봉된 가죽 행 태그와 로고가 각인된 메탈 패들락은 제품의 여행 스타일 유산을 상징합니다.",비세토스 모노그램 캔버스,스웨이드 마감 마이크로파이버 안감,약 14 x 25 x 16 센티미터,대한민국,soft pink,S,품절,"탈부착 및 조절 가능한 가죽 스트랩 | 가죽 손잡이 부분 | 탈부착 가능한 가죽 행택 및 금속 자물쇠 | 양방향 지퍼 클로저 | 내부 포켓 | 바디: 비세토스 모노그램 캔버스 | 트림: 천연 나파 가죽 | 18K 금 도금 메탈 하드웨어 | 스웨이드 마감 마이크로파이버 안감 | 약 14 x 25 x 16 센티미터 | 스트랩 길이: 93cm ~ 109cm, 핸들 드롭: 10cm | 제조국: 대한민국",https://images.mcmworldwide.com/i/mcmworldwide/MWBESEA02PZ001_01 | https://images.mcmworldwide.com/i/mcmworldwide/MWBESEA02PZ001_09 | https://images.mcmworldwide.com/i/mcmworldwide/MWBESEA02PZ001_02 | https://images.mcmworldwide.com/i/mcmworldwide/MWBESEA02PZ001_03 | https://images.mcmworldwide.com/i/mcmworldwide/MWBESEA02PZ001_04 | https://images.mcmworldwide.com/i/mcmworldwide/MWBESEA02PZ001_10 | https://images.mcmworldwide.com/i/mcmworldwide/MWBESEA02PZ001_01 | https://images.mcmworldwide.com/i/mcmworldwide/MWBESEA02PZ001_09 | https://images.mcmworldwide.com/i/mcmworldwide/MWBESEA02PZ001_02 | https://images.mcmworldwide.com/i/mcmworldwide/MWBESEA02PZ001_03 | https://images.mcmworldwide.com/i/mcmworldwide/MWBESEA02PZ001_04 | https://images.mcmworldwide.com/i/mcmworldwide/MWBESEA02PZ001_10,https://kr.mcmworldwide.com/ko_KR/%EA%B0%80%EB%B0%A9/%EC%88%84%EB%8D%94%EB%B0%B1-%ED%81%AC%EB%A1%9C%EC%8A%A4%EB%B0%B1/ella-%EB%B9%84%EC%84%B8%ED%86%A0%EC%8A%A4-%EB%B3%B4%EC%8A%A4%ED%84%B4-%EB%B0%B1/MWBESEA02PZ001.html?cgid=bags-shoulder-crossbody-bags
MWBGSEA024B001,Ella 맥시 비세토스 보스턴 백,,Ella,바이에른 다이아몬드 레더 참과 가죽 트림이 돋보이는 맥시 비세토스 모노그램 캔버스 보스턴 백,뮌헨의 황금기에서 영감을 받은 Ella 보스턴 백은 그 시대 여행 트렁크에 오마주를 바치는 세련된 캐리올 디자인입니다. 바이에른 다이아몬드에서 영감을 받은 로고 엠보싱 가죽 참이 하우스의 기원을 기립니다.,탈착 가능하며 길이 조절이 가능한 가죽 크로스바디 스트랩,스웨이드 마감의 극세사 안감,약 12 x 22 x 15 센티미터,대한민국,cinnamon,S,품절,"탈착 가능하며 길이 조절이 가능한 가죽 크로스바디 스트랩 | 가죽 탑 핸들 | 탈착 가능한 로고가 새겨진 바바리안 다이아몬드 레더 참 | 양방향 지퍼 클로저 | Interior pocket | 바디: 맥시 비세토스 모노그램 캔버스 | 레더 트림 | 24K 골드 도금 브라스 하드웨어 | 스웨이드 마감의 극세사 안감 | 약 12 x 22 x 15 센티미터 | 스트랩 길이: 115cm - 139cm, 핸들 드롭: 8cm | 제조국: 대한민국",https://images.mcmworldwide.com/i/mcmworldwide/MWBGSEA024B001_01 | https://images.mcmworldwide.com/i/mcmworldwide/MWBGSEA024B001_09 | https://images.mcmworldwide.com/i/mcmworldwide/MWBGSEA024B001_02 | https://images.mcmworldwide.com/i/mcmworldwide/MWBGSEA024B001_03 | https://images.mcmworldwide.com/i/mcmworldwide/MWBGSEA024B001_04 | https://images.mcmworldwide.com/i/mcmworldwide/MWBGSEA024B001_05 | https://images.mcmworldwide.com/i/mcmworldwide/MWBGSEA024B001_10 | https://images.mcmworldwide.com/i/mcmworldwide/MWBGSEA024B001_01 | https://images.mcmworldwide.com/i/mcmworldwide/MWBGSEA024B001_09 | https://images.mcmworldwide.com/i/mcmworldwide/MWBGSEA024B001_02 | https://images.mcmworldwide.com/i/mcmworldwide/MWBGSEA024B001_03 | https://images.mcmworldwide.com/i/mcmworldwide/MWBGSEA024B001_04 | https://images.mcmworldwide.com/i/mcmworldwide/MWBGSEA024B001_05 | https://images.mcmworldwide.com/i/mcmworldwide/MWBGSEA024B001_10 | https://images.mcmworldwide.com/i/mcmworldwide/MWBGSEA024B001_01,https://kr.mcmworldwide.com/ko_KR/%EA%B0%80%EB%B0%A9/%EC%88%84%EB%8D%94%EB%B0%B1-%ED%81%AC%EB%A1%9C%EC%8A%A4%EB%B0%B1/ella-%EB%A7%A5%EC%8B%9C-%EB%B9%84%EC%84%B8%ED%86%A0%EC%8A%A4-%EB%B3%B4%EC%8A%A4%ED%84%B4-%EB%B0%B1/MWBGSEA024B001.html?cgid=bags-shoulder-crossbody-bags
MWBGAUP02CO001,MCM X ATEEZ with MINGI Ella 비세토스 보스턴,,Ella,‘FIX ON’ 그래픽과 ATEEZ 로고로 완성한 헤리티지 보스턴 백,민기의 시그니처 트레이드마크 ‘FIX ON’ 디테일이 더해진 엘라 보스턴 백은 ATEEZ 특유의 대담한 감성을 담아냅니다. 뮌헨 황금기의 여행용 트렁크에서 영감을 받은 구조적인 실루엣에 워드마크 엠블럼과 로고 엠보싱 레더 참 디테일을 더해 헤리티지 무드를 완성했습니다.,비세토스 모노그램 캔버스,스웨이드 마감의 극세사 안감,약 12 x 24 x 15 센티미터,대한민국,cognac,S,품절,"탈부착 및 길이 조절 가능한 가죽 스트랩 | 가죽 탑 핸들 | 앞면의 ‘FIX ON’ 그래픽 디테일 | 뒷면의 ATEEZ 로고 디테일 | 탈부착 가능한 로고 엠보싱 바바리안 다이아몬드 레더 참 | 양방향 지퍼 클로저 | 내부 포켓 | 바디:비세토스 모노그램 캔버스 | 레더 트림 | 24K 골드 도금 브라스 하드웨어 | 스웨이드 마감의 극세사 안감 | 약 12 x 24 x 15 센티미터 | 스트랩 길이: 115 cm - 134 cm, 핸들 드롭: 8 cm | 제조국: 대한민국",https://images.mcmworldwide.com/i/mcmworldwide/MWBGAUP02CO001_01 | https://images.mcmworldwide.com/i/mcmworldwide/MWBGAUP02CO001_02 | https://images.mcmworldwide.com/i/mcmworldwide/MWBGAUP02CO001_03 | https://images.mcmworldwide.com/i/mcmworldwide/MWBGAUP02CO001_04 | https://images.mcmworldwide.com/i/mcmworldwide/MWBGAUP02CO001_05 | https://images.mcmworldwide.com/i/mcmworldwide/MWBGAUP02CO001_01 | https://images.mcmworldwide.com/i/mcmworldwide/MWBGAUP02CO001_02 | https://images.mcmworldwide.com/i/mcmworldwide/MWBGAUP02CO001_03 | https://images.mcmworldwide.com/i/mcmworldwide/MWBGAUP02CO001_04 | https://images.mcmworldwide.com/i/mcmworldwide/MWBGAUP02CO001_05,https://kr.mcmworldwide.com/ko_KR/%EA%B0%80%EB%B0%A9/%EC%88%84%EB%8D%94%EB%B0%B1-%ED%81%AC%EB%A1%9C%EC%8A%A4%EB%B0%B1/mcm-x-ateez-with-mingi-ella-%EB%B9%84%EC%84%B8%ED%86%A0%EC%8A%A4-%EB%B3%B4%EC%8A%A4%ED%84%B4/MWBGAUP02CO001.html?cgid=bags-shoulder-crossbody-bags
MWBGSEA03QA001,Ella 맥시 모노그램 레더 보스턴 백,,Ella,엠보싱 처리된 맥시 비세토스 모노그램과 바이에른 다이아몬드 가죽 참이 어우러진 천연 풀그레인 레더 보스턴 백,하우스의 맥시 모노그램이 각인된 풀 그레인 가죽 소재의 스몰 엘라 보스턴 백은 뮌헨 황금시대의 장인 정신에서 탄생한 아이코닉한 아이템입니다. 독일 헤리티지의 상징인 바이에른 다이아몬드 모티브가 기하학적으로 표현된 가죽 참 장식으로 포인트를 더하였습니다.,천연 풀 그레인 레더,스웨이드 마감의 극세사 안감,약 12 x 22 x 15 센티미터,이탈리아,lotus,S,품절,"탈착이 가능하며 길이 조절이 가능한 레더 스트랩 | 가죽 탑 핸들 | 엠보싱 처리된 맥시 모노그램 | 탈착 가능한 바바리안 다이아몬드 가죽 참 | 양방향 지퍼 클로저 | 가죽 패치가 더해진 내부 슬립 포켓 | 바디: 천연 풀 그레인 레더 | 16K 골드 도금 메탈 하드웨어 | 스웨이드 마감의 극세사 안감 | 약 12 x 22 x 15 센티미터 | 스트랩 길이: 115 cm - 134 cm, 핸들 드롭: 8 cm | 제조국: 이탈리아",https://images.mcmworldwide.com/i/mcmworldwide/MWBGSEA03QA001_01 | https://images.mcmworldwide.com/i/mcmworldwide/MWBGSEA03QA001_09 | https://images.mcmworldwide.com/i/mcmworldwide/MWBGSEA03QA001_02 | https://images.mcmworldwide.com/i/mcmworldwide/MWBGSEA03QA001_03 | https://images.mcmworldwide.com/i/mcmworldwide/MWBGSEA03QA001_04 | https://images.mcmworldwide.com/i/mcmworldwide/MWBGSEA03QA001_05 | https://images.mcmworldwide.com/i/mcmworldwide/MWBGSEA03QA001_10 | https://images.mcmworldwide.com/i/mcmworldwide/MWBGSEA03QA001_11 | https://images.mcmworldwide.com/i/mcmworldwide/MWBGSEA03QA001_01 | https://images.mcmworldwide.com/i/mcmworldwide/MWBGSEA03QA001_09 | https://images.mcmworldwide.com/i/mcmworldwide/MWBGSEA03QA001_02 | https://images.mcmworldwide.com/i/mcmworldwide/MWBGSEA03QA001_03 | https://images.mcmworldwide.com/i/mcmworldwide/MWBGSEA03QA001_04 | https://images.mcmworldwide.com/i/mcmworldwide/MWBGSEA03QA001_05 | https://images.mcmworldwide.com/i/mcmworldwide/MWBGSEA03QA001_10 | https://images.mcmworldwide.com/i/mcmworldwide/MWBGSEA03QA001_11,https://kr.mcmworldwide.com/ko_KR/%EA%B0%80%EB%B0%A9/%EC%88%84%EB%8D%94%EB%B0%B1-%ED%81%AC%EB%A1%9C%EC%8A%A4%EB%B0%B1/ella-%EB%A7%A5%EC%8B%9C-%EB%AA%A8%EB%85%B8%EA%B7%B8%EB%9E%A8-%EB%A0%88%EB%8D%94-%EB%B3%B4%EC%8A%A4%ED%84%B4-%EB%B0%B1/MWBGSEA03QA001.html?cgid=bags-shoulder-crossbody-bags
MWBGAUP01CO001,MCM X ATEEZ with MINGI Ella 비세토스 보스턴,,Ella,‘FIX ON’ 그래픽과 ATEEZ 로고로 완성한 헤리티지 보스턴 백,"민기의 시그니처 ‘FIX ON’ 그래픽이 더해진 엘라 보스턴 백은 ATEEZ 특유의 자유로운 무드를 현대적으로 풀어냈습니다. 아이코닉한 보스턴 실루엣에 워드마크 엠블럼, 가죽 행택, 로고 각인 메탈 패드락 디테일을 더해 제트세팅 헤리티지를 강조했습니다.",비세토스 모노그램 캔버스,스웨이드 마감의 극세사 안감,약 9 x 18 x 10 센티미터,대한민국,cognac,미니,품절,"탈부착 및 길이 조절 가능한 가죽 스트랩 | 가죽 탑 핸들 | 앞면의 ‘FIX ON’ 그래픽 디테일 | 뒷면의 ATEEZ 로고 디테일 | 탈부착 가능한 가죽 행택 및 자물쇠 디테일 | 양방향 지퍼 클로저 | 내부 포켓 및 카드 슬롯 | 바디:비세토스 모노그램 캔버스 | 트림: 나파 가죽 | 24K 골드 도금 브라스 하드웨어 | 스웨이드 마감의 극세사 안감 | 약 9 x 18 x 10 센티미터 | 스트랩 길이: 97 cm - 113cm, 핸들 드롭: 8cm | 제조국: 대한민국",https://images.mcmworldwide.com/i/mcmworldwide/MWBGAUP01CO001_01 | https://images.mcmworldwide.com/i/mcmworldwide/MWBGAUP01CO001_02 | https://images.mcmworldwide.com/i/mcmworldwide/MWBGAUP01CO001_03 | https://images.mcmworldwide.com/i/mcmworldwide/MWBGAUP01CO001_04 | https://images.mcmworldwide.com/i/mcmworldwide/MWBGAUP01CO001_05 | https://images.mcmworldwide.com/i/mcmworldwide/MWBGAUP01CO001_01 | https://images.mcmworldwide.com/i/mcmworldwide/MWBGAUP01CO001_02 | https://images.mcmworldwide.com/i/mcmworldwide/MWBGAUP01CO001_03 | https://images.mcmworldwide.com/i/mcmworldwide/MWBGAUP01CO001_04 | https://images.mcmworldwide.com/i/mcmworldwide/MWBGAUP01CO001_05,https://kr.mcmworldwide.com/ko_KR/%EA%B0%80%EB%B0%A9/%EC%88%84%EB%8D%94%EB%B0%B1-%ED%81%AC%EB%A1%9C%EC%8A%A4%EB%B0%B1/mcm-x-ateez-with-mingi-ella-%EB%B9%84%EC%84%B8%ED%86%A0%EC%8A%A4-%EB%B3%B4%EC%8A%A4%ED%84%B4/MWBGAUP01CO001.html?cgid=bags-shoulder-crossbody-bags
MWBESEA01CO001,Ella 비세토스 보스턴 백,,Ella,천연 나파 가죽 트림과 가죽 행택 및 금속 자물쇠가 돋보이는 비세토스 보스턴 백,Ella 미니 보스턴 백은 뮌헨의 황금기에서 탄생한 데일리 캐리올입니다. 당시의 여행용 트렁크에서 직접적으로 영감을 받아 가죽 행택과 로고 인그레이빙 금속 자물쇠로 제트 세터의 계보를 이은 실루엣입니다.,비세토스 모노그램 캔버스,스웨이드 마감 마이크로파이버 안감,약 9 x 18 x 10 센티미터,대한민국,cognac,미니,품절,"탈부착 및 조절 가능한 가죽 스트랩 | 가죽 손잡이 부분 | 탈부착 가능한 가죽 행택 및 금속 자물쇠 | 양방향 지퍼 클로저 | 내부 포켓 및 카드 슬롯 | 바디: 비세토스 모노그램 캔버스 | 트림: 나파 가죽 | 24K 도금 브라스 금속 장식 | 스웨이드 마감 마이크로파이버 안감 | 약 9 x 18 x 10 센티미터 | 스트랩 길이: 97cm ~ 113cm, 핸들 드롭: 8cm | 제조국: 대한민국",https://images.mcmworldwide.com/i/mcmworldwide/MWBESEA01CO001_01 | https://images.mcmworldwide.com/i/mcmworldwide/MWBESEA01CO001_09 | https://images.mcmworldwide.com/i/mcmworldwide/MWBESEA01CO001_02 | https://images.mcmworldwide.com/i/mcmworldwide/MWBESEA01CO001_03 | https://images.mcmworldwide.com/i/mcmworldwide/MWBESEA01CO001_04 | https://images.mcmworldwide.com/i/mcmworldwide/MWBESEA01CO001_10 | https://images.mcmworldwide.com/i/mcmworldwide/MWBESEA01CO001_11 | https://images.mcmworldwide.com/i/mcmworldwide/MWBESEA01CO001_01 | https://images.mcmworldwide.com/i/mcmworldwide/MWBESEA01CO001_09 | https://images.mcmworldwide.com/i/mcmworldwide/MWBESEA01CO001_02 | https://images.mcmworldwide.com/i/mcmworldwide/MWBESEA01CO001_03 | https://images.mcmworldwide.com/i/mcmworldwide/MWBESEA01CO001_04 | https://images.mcmworldwide.com/i/mcmworldwide/MWBESEA01CO001_10 | https://images.mcmworldwide.com/i/mcmworldwide/MWBESEA01CO001_11 | https://images.mcmworldwide.com/i/mcmworldwide/MWBESEA01CO001_01,https://kr.mcmworldwide.com/ko_KR/%EA%B0%80%EB%B0%A9/%EC%88%84%EB%8D%94%EB%B0%B1-%ED%81%AC%EB%A1%9C%EC%8A%A4%EB%B0%B1/ella-%EB%B9%84%EC%84%B8%ED%86%A0%EC%8A%A4-%EB%B3%B4%EC%8A%A4%ED%84%B4-%EB%B0%B1/MWBESEA01CO001.html?cgid=bags-shoulder-crossbody-bags
MWBESEA01BK001,Ella 비세토스 보스턴 백,,Ella,천연 나파 가죽 트림과 가죽 행택 및 금속 자물쇠가 돋보이는 비세토스 보스턴 백,Ella 미니 보스턴 백은 뮌헨의 황금기에서 탄생한 데일리 캐리올입니다. 당시의 여행용 트렁크에서 직접적으로 영감을 받아 가죽 행택과 로고 인그레이빙 금속 자물쇠로 제트 세터의 계보를 이은 실루엣입니다.,비세토스 모노그램 캔버스,스웨이드 마감 마이크로파이버 안감,약 9 x 18 x 10 센티미터,대한민국,black,미니,품절,"탈부착 및 조절 가능한 가죽 스트랩 | 가죽 손잡이 부분 | 탈부착 가능한 가죽 행택 및 금속 자물쇠 | 양방향 지퍼 클로저 | 내부 포켓 및 카드 슬롯 | 바디: 비세토스 모노그램 캔버스 | 트림: 나파 가죽 | 24K 도금 브라스 금속 장식 | 스웨이드 마감 마이크로파이버 안감 | 약 9 x 18 x 10 센티미터 | 스트랩 길이: 97cm ~ 113cm, 핸들 드롭: 8cm | 제조국: 대한민국",https://images.mcmworldwide.com/i/mcmworldwide/MWBESEA01BK001_01 | https://images.mcmworldwide.com/i/mcmworldwide/MWBESEA01BK001_09 | https://images.mcmworldwide.com/i/mcmworldwide/MWBESEA01BK001_02 | https://images.mcmworldwide.com/i/mcmworldwide/MWBESEA01BK001_03 | https://images.mcmworldwide.com/i/mcmworldwide/MWBESEA01BK001_04 | https://images.mcmworldwide.com/i/mcmworldwide/MWBESEA01BK001_10 | https://images.mcmworldwide.com/i/mcmworldwide/MWBESEA01BK001_01 | https://images.mcmworldwide.com/i/mcmworldwide/MWBESEA01BK001_09 | https://images.mcmworldwide.com/i/mcmworldwide/MWBESEA01BK001_02 | https://images.mcmworldwide.com/i/mcmworldwide/MWBESEA01BK001_03 | https://images.mcmworldwide.com/i/mcmworldwide/MWBESEA01BK001_04 | https://images.mcmworldwide.com/i/mcmworldwide/MWBESEA01BK001_10 | https://images.mcmworldwide.com/i/mcmworldwide/MWBESEA01BK001_01,https://kr.mcmworldwide.com/ko_KR/%EA%B0%80%EB%B0%A9/%EC%88%84%EB%8D%94%EB%B0%B1-%ED%81%AC%EB%A1%9C%EC%8A%A4%EB%B0%B1/ella-%EB%B9%84%EC%84%B8%ED%86%A0%EC%8A%A4-%EB%B3%B4%EC%8A%A4%ED%84%B4-%EB%B0%B1/MWBESEA01BK001.html?cgid=bags-shoulder-crossbody-bags
MWBESEA01PZ001,Ella 비세토스 보스턴 백,,Ella,천연 나파 가죽 트림과 가죽 행택 및 금속 자물쇠가 돋보이는 비세토스 보스턴 백,"뮌헨의 황금기에서 영감을 받은 엘라 보스턴 백은, 그 시대의 여행 트렁크에 대한 우아한 오마주입니다. 동봉된 가죽 행 태그와 로고가 각인된 메탈 패들락은 제품의 여행 스타일 유산을 상징합니다.",비세토스 모노그램 캔버스,스웨이드 마감 마이크로파이버 안감,약 9 x 18 x 10 센티미터,대한민국,soft pink,미니,품절,"탈부착 및 조절 가능한 가죽 스트랩 | 가죽 손잡이 부분 | 탈부착 가능한 가죽 행택 및 금속 자물쇠 | 양방향 지퍼 클로저 | 내부 포켓 및 카드 슬롯 | 바디: 비세토스 모노그램 캔버스 | 트림: 천연 나파 가죽 | 18K 금 도금 메탈 하드웨어 | 스웨이드 마감 마이크로파이버 안감 | 약 9 x 18 x 10 센티미터 | 스트랩 길이: 97cm ~ 113cm, 핸들 드롭: 8cm | 제조국: 대한민국",https://images.mcmworldwide.com/i/mcmworldwide/MWBESEA01PZ001_01 | https://images.mcmworldwide.com/i/mcmworldwide/MWBESEA01PZ001_09 | https://images.mcmworldwide.com/i/mcmworldwide/MWBESEA01PZ001_02 | https://images.mcmworldwide.com/i/mcmworldwide/MWBESEA01PZ001_03 | https://images.mcmworldwide.com/i/mcmworldwide/MWBESEA01PZ001_04 | https://images.mcmworldwide.com/i/mcmworldwide/MWBESEA01PZ001_10 | https://images.mcmworldwide.com/i/mcmworldwide/MWBESEA01PZ001_01 | https://images.mcmworldwide.com/i/mcmworldwide/MWBESEA01PZ001_09 | https://images.mcmworldwide.com/i/mcmworldwide/MWBESEA01PZ001_02 | https://images.mcmworldwide.com/i/mcmworldwide/MWBESEA01PZ001_03 | https://images.mcmworldwide.com/i/mcmworldwide/MWBESEA01PZ001_04 | https://images.mcmworldwide.com/i/mcmworldwide/MWBESEA01PZ001_10 | https://images.mcmworldwide.com/i/mcmworldwide/MWBESEA01PZ001_01,https://kr.mcmworldwide.com/ko_KR/%EA%B0%80%EB%B0%A9/%EC%88%84%EB%8D%94%EB%B0%B1-%ED%81%AC%EB%A1%9C%EC%8A%A4%EB%B0%B1/ella-%EB%B9%84%EC%84%B8%ED%86%A0%EC%8A%A4-%EB%B3%B4%EC%8A%A4%ED%84%B4-%EB%B0%B1/MWBESEA01PZ001.html?cgid=bags-shoulder-crossbody-bags
MWBAASE03CO001,비세토스 오리지널 보스턴 백,,비세토스,클래식한 스타일에 신선한 감각을 더해주는 미니 보스턴 백입니다.,시그니처 비세토스 코티드 캔버스로 제작된 보스턴 백은 여행 문화에서 시작된 MCM의 역사를 보여줍니다. 위켄더를 떠올리게 하는 깔끔한 라인과 쉽게 열고 닫을 수 있도록 더욱 길어진 지퍼로 이루어진 실루엣입니다. 가장 작은 디테일마저도 섬세하게 제작했으며 손잡이 부분은 꼼꼼하게 수작업으로 감싸 스티칭하고 가장자리를 페인팅해 완성했습니다.,,,약 8 x 18 x 10 센티미터,대한민국,cognac,미니,품절,나파 가죽 트림 | 양방향 지퍼 클로저 | 가죽 손잡이 부분 | 24K 금 도금 하드웨어 | 내부 오픈 포켓 및 카드 슬롯 | MCM 로고 플레이트. | 약 8 x 18 x 10 센티미터 | 스트랩 길이: 102cm~118cm | 제조국: 대한민국 | 코티드 캔버스,https://images.mcmworldwide.com/i/mcmworldwide/MWBAASE03CO001_01 | https://images.mcmworldwide.com/i/mcmworldwide/MWBAASE03CO001_09 | https://images.mcmworldwide.com/i/mcmworldwide/MWBAASE03CO001_02 | https://images.mcmworldwide.com/i/mcmworldwide/MWBAASE03CO001_03 | https://images.mcmworldwide.com/i/mcmworldwide/MWBAASE03CO001_04 | https://images.mcmworldwide.com/i/mcmworldwide/MWBAASE03CO001_10 | https://images.mcmworldwide.com/i/mcmworldwide/MWBAASE03CO001_01 | https://images.mcmworldwide.com/i/mcmworldwide/MWBAASE03CO001_09 | https://images.mcmworldwide.com/i/mcmworldwide/MWBAASE03CO001_02 | https://images.mcmworldwide.com/i/mcmworldwide/MWBAASE03CO001_03 | https://images.mcmworldwide.com/i/mcmworldwide/MWBAASE03CO001_04 | https://images.mcmworldwide.com/i/mcmworldwide/MWBAASE03CO001_10,https://kr.mcmworldwide.com/ko_KR/%EA%B0%80%EB%B0%A9/%EC%88%84%EB%8D%94%EB%B0%B1-%ED%81%AC%EB%A1%9C%EC%8A%A4%EB%B0%B1/%EB%B9%84%EC%84%B8%ED%86%A0%EC%8A%A4-%EC%98%A4%EB%A6%AC%EC%A7%80%EB%84%90-%EB%B3%B4%EC%8A%A4%ED%84%B4-%EB%B0%B1/MWBAASE03CO001.html?cgid=bags-shoulder-crossbody-bags
MWDGSDU03CO001,Dessau 비세토스 드로우스트링 백,,Dessau,매칭 되는 지퍼 파우치와 천연 가죽 트림이 더해진 비세토스 모노그램 캔버스 버킷백,"바우하우스 디자인의 역사적 중심지에서 이름을 딴 Dessau 드로스트링 백은, 실용성과 디자인의 균형을 통해 이 독일 예술 운동의 정신을 되살립니다. 비세토스 캔버스와 천연 가죽으로 정교하게 제작된 클래식 코냑 실루엣에 뮌헨 하우스의 아이코닉 로고 브라스 플레이트로 품격을 더했습니다.모노그램 파우치가 더해져 이 드로우스트링 백의 완성도를 높입니다.",비세토스 모노그램 캔버스,스웨이드 마감의 극세사 안감,약 14 x 28 x 23 센티미터,대한민국,cognac,M,품절,"탈부착이 가능하며 길이 조절이 가능한 가죽 스트랩 | 탈부착 가능한 가죽 탑 핸들 | 로고 브라스 플레이트 | 가죽 드로스트링 잠금장치 | 비세토스 모노그램 지퍼 파우치 포함 | 바디:비세토스 모노그램 캔버스 | 트림:천연 가죽 | 24K 골드 도금 브라스 하드웨어 | 스웨이드 마감의 극세사 안감 | 약 14 x 28 x 23 센티미터 | 스트랩 길이:97 cm - 121 cm ,핸들 드롭: 20 cm | 제조국: 대한민국",https://images.mcmworldwide.com/i/mcmworldwide/MWDGSDU03CO001_01 | https://images.mcmworldwide.com/i/mcmworldwide/MWDGSDU03CO001_09 | https://images.mcmworldwide.com/i/mcmworldwide/MWDGSDU03CO001_02 | https://images.mcmworldwide.com/i/mcmworldwide/MWDGSDU03CO001_03 | https://images.mcmworldwide.com/i/mcmworldwide/MWDGSDU03CO001_04 | https://images.mcmworldwide.com/i/mcmworldwide/MWDGSDU03CO001_05 | https://images.mcmworldwide.com/i/mcmworldwide/MWDGSDU03CO001_10 | https://images.mcmworldwide.com/i/mcmworldwide/MWDGSDU03CO001_11 | https://images.mcmworldwide.com/i/mcmworldwide/MWDGSDU03CO001_01 | https://images.mcmworldwide.com/i/mcmworldwide/MWDGSDU03CO001_09 | https://images.mcmworldwide.com/i/mcmworldwide/MWDGSDU03CO001_02 | https://images.mcmworldwide.com/i/mcmworldwide/MWDGSDU03CO001_03 | https://images.mcmworldwide.com/i/mcmworldwide/MWDGSDU03CO001_04 | https://images.mcmworldwide.com/i/mcmworldwide/MWDGSDU03CO001_05 | https://images.mcmworldwide.com/i/mcmworldwide/MWDGSDU03CO001_10 | https://images.mcmworldwide.com/i/mcmworldwide/MWDGSDU03CO001_11 | https://images.mcmworldwide.com/i/mcmworldwide/MWDGSDU03CO001_01,https://kr.mcmworldwide.com/ko_KR/%EA%B0%80%EB%B0%A9/%EC%88%84%EB%8D%94%EB%B0%B1-%ED%81%AC%EB%A1%9C%EC%8A%A4%EB%B0%B1/dessau-%EB%B9%84%EC%84%B8%ED%86%A0%EC%8A%A4-%EB%93%9C%EB%A1%9C%EC%9A%B0%EC%8A%A4%ED%8A%B8%EB%A7%81-%EB%B0%B1/MWDGSDU03CO001.html?cgid=bags-shoulder-crossbody-bags
MWDGADU02WT001,Dessau 비세토스 드로우스트링 백,,Dessau,매칭 지퍼 파우치와 레더 트림이 더해진 비세토스 모노그램 캔버스 버킷백,바우하우스 디자인의 중심지에서 이름을 따온 Dessau 드로스트링 백. 비세토스 캔버스와 가죽으로 완성된 버킷 실루엣에 뮌헨 하우스의 아이코닉 로고 브라스 플레이트를 더했습니다. 매칭 모노그램 파우치가 함께 구성되어 실용성을 높였습니다.,비세토스 모노그램 캔버스,스웨이드 마감의 극세사 안감,약 14 x 22 x 28 센티미터,대한민국,white,M,품절,"탈부착이 가능하며 길이 조절이 가능한 가죽 스트랩 | 탈부착 가능한 가죽 탑 핸들 | 로고 브라스 플레이트 | 가죽 드로스트링 잠금장치 | 비세토스 모노그램 지퍼 파우치 포함 | 가방 바닥 보호에 도움을 주는 메탈 피트 | 바디:비세토스 모노그램 캔버스 | 레더 트림 | 실버톤 코발트 브라스 하드웨어 | 스웨이드 마감의 극세사 안감 | 약 14 x 22 x 28 센티미터 | 스트랩 길이: 97 cm - 121 cm, 핸들 드롭: 20 cm | 제조국: 대한민국",https://images.mcmworldwide.com/i/mcmworldwide/MWDGADU02WT001_01 | https://images.mcmworldwide.com/i/mcmworldwide/MWDGADU02WT001_09 | https://images.mcmworldwide.com/i/mcmworldwide/MWDGADU02WT001_02 | https://images.mcmworldwide.com/i/mcmworldwide/MWDGADU02WT001_03 | https://images.mcmworldwide.com/i/mcmworldwide/MWDGADU02WT001_04 | https://images.mcmworldwide.com/i/mcmworldwide/MWDGADU02WT001_05 | https://images.mcmworldwide.com/i/mcmworldwide/MWDGADU02WT001_10 | https://images.mcmworldwide.com/i/mcmworldwide/MWDGADU02WT001_11 | https://images.mcmworldwide.com/i/mcmworldwide/MWDGADU02WT001_01 | https://images.mcmworldwide.com/i/mcmworldwide/MWDGADU02WT001_09 | https://images.mcmworldwide.com/i/mcmworldwide/MWDGADU02WT001_02 | https://images.mcmworldwide.com/i/mcmworldwide/MWDGADU02WT001_03 | https://images.mcmworldwide.com/i/mcmworldwide/MWDGADU02WT001_04 | https://images.mcmworldwide.com/i/mcmworldwide/MWDGADU02WT001_05 | https://images.mcmworldwide.com/i/mcmworldwide/MWDGADU02WT001_10 | https://images.mcmworldwide.com/i/mcmworldwide/MWDGADU02WT001_11 | https://images.mcmworldwide.com/i/mcmworldwide/MWDGADU02WT001_01,https://kr.mcmworldwide.com/ko_KR/%EA%B0%80%EB%B0%A9/%EC%88%84%EB%8D%94%EB%B0%B1-%ED%81%AC%EB%A1%9C%EC%8A%A4%EB%B0%B1/dessau-%EB%B9%84%EC%84%B8%ED%86%A0%EC%8A%A4-%EB%93%9C%EB%A1%9C%EC%9A%B0%EC%8A%A4%ED%8A%B8%EB%A7%81-%EB%B0%B1/MWDGADU02WT001.html?cgid=bags-shoulder-crossbody-bags
MWDGADU02BK001,Dessau 비세토스 드로우스트링 백,,Dessau,매칭 지퍼 파우치와 레더 트림이 더해진 비세토스 모노그램 캔버스 버킷백,바우하우스 디자인의 중심지에서 이름을 따온 Dessau 드로스트링 백. 비세토스 캔버스와 가죽으로 완성된 버킷 실루엣에 뮌헨 하우스의 아이코닉 로고 브라스 플레이트를 더했습니다. 매칭 모노그램 파우치가 함께 구성되어 실용성을 높였습니다.,비세토스 모노그램 캔버스,스웨이드 마감의 극세사 안감,약 14 x 22 x 28 센티미터,대한민국,black,M,품절,"탈부착이 가능하며 길이 조절이 가능한 가죽 스트랩 | 탈부착 가능한 가죽 탑 핸들 | 로고 브라스 플레이트 | 가죽 드로스트링 잠금장치 | 비세토스 모노그램 지퍼 파우치 포함 | 가방 바닥 보호에 도움을 주는 메탈 피트 | 바디:비세토스 모노그램 캔버스 | 레더 트림 | 실버톤 코발트 브라스 하드웨어 | 스웨이드 마감의 극세사 안감 | 약 14 x 22 x 28 센티미터 | 스트랩 길이: 97 cm - 121 cm, 핸들 드롭: 20 cm | 제조국: 대한민국",https://images.mcmworldwide.com/i/mcmworldwide/MWDGADU02BK001_01 | https://images.mcmworldwide.com/i/mcmworldwide/MWDGADU02BK001_09 | https://images.mcmworldwide.com/i/mcmworldwide/MWDGADU02BK001_02 | https://images.mcmworldwide.com/i/mcmworldwide/MWDGADU02BK001_03 | https://images.mcmworldwide.com/i/mcmworldwide/MWDGADU02BK001_04 | https://images.mcmworldwide.com/i/mcmworldwide/MWDGADU02BK001_05 | https://images.mcmworldwide.com/i/mcmworldwide/MWDGADU02BK001_10 | https://images.mcmworldwide.com/i/mcmworldwide/MWDGADU02BK001_11 | https://images.mcmworldwide.com/i/mcmworldwide/MWDGADU02BK001_01 | https://images.mcmworldwide.com/i/mcmworldwide/MWDGADU02BK001_09 | https://images.mcmworldwide.com/i/mcmworldwide/MWDGADU02BK001_02 | https://images.mcmworldwide.com/i/mcmworldwide/MWDGADU02BK001_03 | https://images.mcmworldwide.com/i/mcmworldwide/MWDGADU02BK001_04 | https://images.mcmworldwide.com/i/mcmworldwide/MWDGADU02BK001_05 | https://images.mcmworldwide.com/i/mcmworldwide/MWDGADU02BK001_10 | https://images.mcmworldwide.com/i/mcmworldwide/MWDGADU02BK001_11 | https://images.mcmworldwide.com/i/mcmworldwide/MWDGADU02BK001_01,https://kr.mcmworldwide.com/ko_KR/%EA%B0%80%EB%B0%A9/%EC%88%84%EB%8D%94%EB%B0%B1-%ED%81%AC%EB%A1%9C%EC%8A%A4%EB%B0%B1/dessau-%EB%B9%84%EC%84%B8%ED%86%A0%EC%8A%A4-%EB%93%9C%EB%A1%9C%EC%9A%B0%EC%8A%A4%ED%8A%B8%EB%A7%81-%EB%B0%B1/MWDGADU02BK001.html?cgid=bags-shoulder-crossbody-bags
MWDGSDU01QA001,Dessau 맥시 모노그램 레더 드로우스트링 백,,Dessau,"엠보싱 처리된 맥시 비세토스 모노그램과 가죽 핸들, 가죽 스트랩이 어우러진 내추럴 풀그레인 레더 드로스트링 백","바우하우스 디자인의 역사적 중심지에서 이름을 딴 Dessau 드로우스트링 백은 독일 예술 운동에 경의를 표하며, 형태와 기능을 조화롭게 결합한 타임리스한 실루엣이 특징입니다. 이탈리아산 풀그레인 레더에 맥시 사이즈 비세토스 모노그램이 더해진 뮌헨 하우스의 장인정신이 돋보이는 백입니다.",천연 풀 그레인 레더,스웨이드 마감의 극세사 안감,약 14 x 28 x 23 센티미터,이탈리아,lotus,M,품절,"탈부착이 가능하며 길이 조절이 가능한 가죽 스트랩 | 탈착 가능한 가죽 핸들 | 엠보싱 처리된 맥시 비세토스 모노그램 모티프 | 앞면의 MCM 로고 | 가죽 드로스트링 잠금장치 | 로고 엠보싱 가죽 패치가 더해진 내부 슬립 포켓 | 바디: 천연 풀 그레인 레더 | 16K 골드 도금 메탈 하드웨어 | 스웨이드 마감의 극세사 안감 | 약 14 x 28 x 23 센티미터 | 스트랩 길이: 97 cm - 121 cm, 핸들 드롭: 20 cm | 제조국: 이탈리아",https://images.mcmworldwide.com/i/mcmworldwide/MWDGSDU01QA001_01 | https://images.mcmworldwide.com/i/mcmworldwide/MWDGSDU01QA001_09 | https://images.mcmworldwide.com/i/mcmworldwide/MWDGSDU01QA001_02 | https://images.mcmworldwide.com/i/mcmworldwide/MWDGSDU01QA001_03 | https://images.mcmworldwide.com/i/mcmworldwide/MWDGSDU01QA001_04 | https://images.mcmworldwide.com/i/mcmworldwide/MWDGSDU01QA001_05 | https://images.mcmworldwide.com/i/mcmworldwide/MWDGSDU01QA001_10 | https://images.mcmworldwide.com/i/mcmworldwide/MWDGSDU01QA001_01 | https://images.mcmworldwide.com/i/mcmworldwide/MWDGSDU01QA001_09 | https://images.mcmworldwide.com/i/mcmworldwide/MWDGSDU01QA001_02 | https://images.mcmworldwide.com/i/mcmworldwide/MWDGSDU01QA001_03 | https://images.mcmworldwide.com/i/mcmworldwide/MWDGSDU01QA001_04 | https://images.mcmworldwide.com/i/mcmworldwide/MWDGSDU01QA001_05 | https://images.mcmworldwide.com/i/mcmworldwide/MWDGSDU01QA001_10 | https://images.mcmworldwide.com/i/mcmworldwide/MWDGSDU01QA001_01,https://kr.mcmworldwide.com/ko_KR/%EA%B0%80%EB%B0%A9/%EC%88%84%EB%8D%94%EB%B0%B1-%ED%81%AC%EB%A1%9C%EC%8A%A4%EB%B0%B1/dessau-%EB%A7%A5%EC%8B%9C-%EB%AA%A8%EB%85%B8%EA%B7%B8%EB%9E%A8-%EB%A0%88%EB%8D%94-%EB%93%9C%EB%A1%9C%EC%9A%B0%EC%8A%A4%ED%8A%B8%EB%A7%81-%EB%B0%B1/MWDGSDU01QA001.html?cgid=bags-shoulder-crossbody-bags
MWDGSDU01BK001,Dessau 맥시 모노그램 레더 드로우스트링 백,,Dessau,레더 핸들과 레더 스트랩이 조화를 이루며 엠보싱된 맥시 비세토스 모노그램이 돋보이는 천연 풀그레인 레더 드로스트링 백,바우하우스 디자인의 중심지에서 이름을 얻은 데사우 드로스트링 백은 형태와 기능을 조화롭게 결합한 실루엣로 독일 예술 정신을 기립니다. 이탈리아 풀그레인 레더 위에 새겨진 시그니처 비세토스 모노그램을 보다 풍부하게 표현해 하우스의 정교한 장인정신을 담아냈습니다.,천연 풀 그레인 레더,스웨이드 마감의 극세사 안감,약 14 x 28 x 23 센티미터,이탈리아,black,M,품절,"탈부착이 가능하며 길이 조절이 가능한 가죽 스트랩 | 탈착 가능한 가죽 핸들 | 엠보싱 처리된 맥시 비세토스 모노그램 모티프 | 앞면의 MCM 로고 | 가죽 드로스트링 잠금장치 | 로고 엠보싱 가죽 패치가 더해진 내부 슬립 포켓 | 바디: 천연 풀 그레인 레더 | 실버톤 코발트 브라스 하드웨어 | 스웨이드 마감의 극세사 안감 | 약 14 x 28 x 23 센티미터 | 스트랩 길이: 97 cm - 121 cm, 핸들 드롭: 20 cm | 제조국: 이탈리아",https://images.mcmworldwide.com/i/mcmworldwide/MWDGSDU01BK001_01 | https://images.mcmworldwide.com/i/mcmworldwide/MWDGSDU01BK001_09 | https://images.mcmworldwide.com/i/mcmworldwide/MWDGSDU01BK001_02 | https://images.mcmworldwide.com/i/mcmworldwide/MWDGSDU01BK001_03 | https://images.mcmworldwide.com/i/mcmworldwide/MWDGSDU01BK001_04 | https://images.mcmworldwide.com/i/mcmworldwide/MWDGSDU01BK001_05 | https://images.mcmworldwide.com/i/mcmworldwide/MWDGSDU01BK001_10 | https://images.mcmworldwide.com/i/mcmworldwide/MWDGSDU01BK001_11 | https://images.mcmworldwide.com/i/mcmworldwide/MWDGSDU01BK001_12 | https://images.mcmworldwide.com/i/mcmworldwide/MWDGSDU01BK001_01 | https://images.mcmworldwide.com/i/mcmworldwide/MWDGSDU01BK001_09 | https://images.mcmworldwide.com/i/mcmworldwide/MWDGSDU01BK001_02 | https://images.mcmworldwide.com/i/mcmworldwide/MWDGSDU01BK001_03 | https://images.mcmworldwide.com/i/mcmworldwide/MWDGSDU01BK001_04 | https://images.mcmworldwide.com/i/mcmworldwide/MWDGSDU01BK001_05 | https://images.mcmworldwide.com/i/mcmworldwide/MWDGSDU01BK001_10 | https://images.mcmworldwide.com/i/mcmworldwide/MWDGSDU01BK001_11 | https://images.mcmworldwide.com/i/mcmworldwide/MWDGSDU01BK001_12 | https://images.mcmworldwide.com/i/mcmworldwide/MWDGSDU01BK001_01,https://kr.mcmworldwide.com/ko_KR/%EA%B0%80%EB%B0%A9/%EC%88%84%EB%8D%94%EB%B0%B1-%ED%81%AC%EB%A1%9C%EC%8A%A4%EB%B0%B1/dessau-%EB%A7%A5%EC%8B%9C-%EB%AA%A8%EB%85%B8%EA%B7%B8%EB%9E%A8-%EB%A0%88%EB%8D%94-%EB%93%9C%EB%A1%9C%EC%9A%B0%EC%8A%A4%ED%8A%B8%EB%A7%81-%EB%B0%B1/MWDGSDU01BK001.html?cgid=bags-shoulder-crossbody-bags
MWHGATA014B001,Aren 듀오 호보 맥시 비세토스와 카프스킨,,Aren,탈부착 가능한 카프스킨 파우치와 천연 나파 가죽 트림이 더해진 맥시 비세토스 모노그램 캔버스 호보백,모듈형 디자인과 정교한 장인정신이 결합된 투인원 스타일. 맥시 비세토스 캔버스와 카프스킨으로 각각 제작된 두 개의 호보 백은 함께 매치하거나 상황에 따라 개별적으로 연출할 수 있습니다.,맥시 비세토스 모노그램 캔버스,스웨이드 마감의 극세사 안감,약 6 x 26 x 22 센티미터,대한민국,cinnamon,S,품절,"길이 조절이 가능한 가죽 스트랩 | 탈부착 가능한 체인 핸들 스트랩 | 엠보싱 처리된 라우렐 로고 모티프 | 지퍼 클로저 | Large Maxi Visetos bag: Interior zip compartment | Small calfskin leather bag: Card slot | 바디: 맥시 비세토스 모노그램 캔버스 | 트림: 카프스킨 레더 | 24K 골드 도금 브라스 하드웨어 | 스웨이드 마감의 극세사 안감 | 약 6 x 26 x 22 센티미터 | 스트랩 길이:95 cm - 119 cm, 핸들 드롭: 25 cm | 제조국: 대한민국",https://images.mcmworldwide.com/i/mcmworldwide/MWHGATA014B001_01 | https://images.mcmworldwide.com/i/mcmworldwide/MWHGATA014B001_09 | https://images.mcmworldwide.com/i/mcmworldwide/MWHGATA014B001_02 | https://images.mcmworldwide.com/i/mcmworldwide/MWHGATA014B001_03 | https://images.mcmworldwide.com/i/mcmworldwide/MWHGATA014B001_04 | https://images.mcmworldwide.com/i/mcmworldwide/MWHGATA014B001_05 | https://images.mcmworldwide.com/i/mcmworldwide/MWHGATA014B001_06 | https://images.mcmworldwide.com/i/mcmworldwide/MWHGATA014B001_10 | https://images.mcmworldwide.com/i/mcmworldwide/MWHGATA014B001_11 | https://images.mcmworldwide.com/i/mcmworldwide/MWHGATA014B001_01 | https://images.mcmworldwide.com/i/mcmworldwide/MWHGATA014B001_09 | https://images.mcmworldwide.com/i/mcmworldwide/MWHGATA014B001_02 | https://images.mcmworldwide.com/i/mcmworldwide/MWHGATA014B001_03 | https://images.mcmworldwide.com/i/mcmworldwide/MWHGATA014B001_04 | https://images.mcmworldwide.com/i/mcmworldwide/MWHGATA014B001_05 | https://images.mcmworldwide.com/i/mcmworldwide/MWHGATA014B001_06 | https://images.mcmworldwide.com/i/mcmworldwide/MWHGATA014B001_10 | https://images.mcmworldwide.com/i/mcmworldwide/MWHGATA014B001_11,https://kr.mcmworldwide.com/ko_KR/%EA%B0%80%EB%B0%A9/%EC%88%84%EB%8D%94%EB%B0%B1-%ED%81%AC%EB%A1%9C%EC%8A%A4%EB%B0%B1/aren-%EB%93%80%EC%98%A4-%ED%98%B8%EB%B3%B4-%EB%A7%A5%EC%8B%9C-%EB%B9%84%EC%84%B8%ED%86%A0%EC%8A%A4%EC%99%80-%EC%B9%B4%ED%94%84%EC%8A%A4%ED%82%A8/MWHGATA014B001.html?cgid=bags-shoulder-crossbody-bags
MWHGSTA04BK001,Aren 비세토스 듀오 호보,,Aren,탈착 가능한 가죽 체인 백과 천연 나파 가죽 트림이 더해진 비세토스 모노그램 캔버스 호보백,형태와 기능이 시대를 초월한 결합을 보여주는 투인원 디자인의 백. 비세토스 캔버스와 천연 나파 가죽을 사용하여 제작된 이 분리 가능한 호보백은 함께 연결하여 우아함을 극대화 하거나 필요에 따라서 각각 독립적으로 연출하여 다양하게 활용 할 수 있습니다.,비세토스 모노그램 캔버스,스웨이드 마감의 극세사 안감,약 6 x 26 x 22 센티미터,대한민국,black,S,품절,"길이 조절이 가능한 가죽 스트랩 | 탈부착 가능한 체인 핸들 스트랩 | 엠보싱 처리된 라우렐 로고 모티프 | 지퍼 클로저 | 라지 비세토스 백: 내부 지퍼 수납공간 | 스몰 레더 백: 2개의 카드 슬롯 | 바디:비세토스 모노그램 캔버스 | 트림:천연 가죽 | 실버톤 코발트 브라스 하드웨어 | 스웨이드 마감의 극세사 안감 | 약 6 x 26 x 22 센티미터 | 스트랩 길이:95 cm - 119 cm, 핸들 드롭: 25 cm | 제조국: 대한민국",https://images.mcmworldwide.com/i/mcmworldwide/MWHGSTA04BK001_01 | https://images.mcmworldwide.com/i/mcmworldwide/MWHGSTA04BK001_09 | https://images.mcmworldwide.com/i/mcmworldwide/MWHGSTA04BK001_02 | https://images.mcmworldwide.com/i/mcmworldwide/MWHGSTA04BK001_03 | https://images.mcmworldwide.com/i/mcmworldwide/MWHGSTA04BK001_04 | https://images.mcmworldwide.com/i/mcmworldwide/MWHGSTA04BK001_05 | https://images.mcmworldwide.com/i/mcmworldwide/MWHGSTA04BK001_06 | https://images.mcmworldwide.com/i/mcmworldwide/MWHGSTA04BK001_10 | https://images.mcmworldwide.com/i/mcmworldwide/MWHGSTA04BK001_11 | https://images.mcmworldwide.com/i/mcmworldwide/MWHGSTA04BK001_01 | https://images.mcmworldwide.com/i/mcmworldwide/MWHGSTA04BK001_09 | https://images.mcmworldwide.com/i/mcmworldwide/MWHGSTA04BK001_02 | https://images.mcmworldwide.com/i/mcmworldwide/MWHGSTA04BK001_03 | https://images.mcmworldwide.com/i/mcmworldwide/MWHGSTA04BK001_04 | https://images.mcmworldwide.com/i/mcmworldwide/MWHGSTA04BK001_05 | https://images.mcmworldwide.com/i/mcmworldwide/MWHGSTA04BK001_06 | https://images.mcmworldwide.com/i/mcmworldwide/MWHGSTA04BK001_10 | https://images.mcmworldwide.com/i/mcmworldwide/MWHGSTA04BK001_11 | https://images.mcmworldwide.com/i/mcmworldwide/MWHGSTA04BK001_01,https://kr.mcmworldwide.com/ko_KR/%EA%B0%80%EB%B0%A9/%EC%88%84%EB%8D%94%EB%B0%B1-%ED%81%AC%EB%A1%9C%EC%8A%A4%EB%B0%B1/aren-%EB%B9%84%EC%84%B8%ED%86%A0%EC%8A%A4-%EB%93%80%EC%98%A4-%ED%98%B8%EB%B3%B4/MWHGSTA04BK001.html?cgid=bags-shoulder-crossbody-bags
MWHFSTA10BK001,재생 나일론 및 비세토스 소재의 Aren 듀오 호보,,Aren,탈부착 가능한 비세토스 체인 백과 천연 나파 가죽 트림이 돋보이는 재생 나일론 호보,시대를 초월한 형태와 기능의 결합이 돋보이는 투인원 디자인. 이탈리아산 재생 나일론과 비세토스 캔버스로 제작된 이 탈부착 가능한 호보 듀엣 백은 개인의 필요와 세팅에 맞게 두 개를 결합해서 우아하게 연출하거나 단독으로 사용하여 스타일링할 수 있습니다.,비세토스 모노그램 캔버스,스웨이드 마감 마이크로파이버 안감,약 6 x 26 x 22 센티미터,대한민국,black,S,품절,"탈부착 및 길이 조절 가능한 가죽 스트랩 및 체인 핸들 스트랩 | 지퍼 클로저 | 라지 나일론 백: 내부 포켓 및 지퍼 수납공간 | 스몰 비세토스 백: 내부 카드 슬롯 | 바디: 비세토스 모노그램 캔버스 | 트림: 천연 나파 가죽 | 24K 도금 브라스 금속 장식 | 스웨이드 마감 마이크로파이버 안감 | 약 6 x 26 x 22 센티미터 | 스트랩 길이: 95cm~119cm, 핸들 드롭: 25cm | 제조국: 대한민국",https://images.mcmworldwide.com/i/mcmworldwide/MWHFSTA10BK001_01 | https://images.mcmworldwide.com/i/mcmworldwide/MWHFSTA10BK001_09 | https://images.mcmworldwide.com/i/mcmworldwide/MWHFSTA10BK001_02 | https://images.mcmworldwide.com/i/mcmworldwide/MWHFSTA10BK001_03 | https://images.mcmworldwide.com/i/mcmworldwide/MWHFSTA10BK001_04 | https://images.mcmworldwide.com/i/mcmworldwide/MWHFSTA10BK001_10 | https://images.mcmworldwide.com/i/mcmworldwide/MWHFSTA10BK001_01 | https://images.mcmworldwide.com/i/mcmworldwide/MWHFSTA10BK001_09 | https://images.mcmworldwide.com/i/mcmworldwide/MWHFSTA10BK001_02 | https://images.mcmworldwide.com/i/mcmworldwide/MWHFSTA10BK001_03 | https://images.mcmworldwide.com/i/mcmworldwide/MWHFSTA10BK001_04 | https://images.mcmworldwide.com/i/mcmworldwide/MWHFSTA10BK001_10,https://kr.mcmworldwide.com/ko_KR/%EA%B0%80%EB%B0%A9/%EC%88%84%EB%8D%94%EB%B0%B1-%ED%81%AC%EB%A1%9C%EC%8A%A4%EB%B0%B1/%EC%9E%AC%EC%83%9D-%EB%82%98%EC%9D%BC%EB%A1%A0-%EB%B0%8F-%EB%B9%84%EC%84%B8%ED%86%A0%EC%8A%A4-%EC%86%8C%EC%9E%AC%EC%9D%98-aren-%EB%93%80%EC%98%A4-%ED%98%B8%EB%B3%B4/MWHFSTA10BK001.html?cgid=bags-shoulder-crossbody-bags
MWHFSTA03CO001,Aren 비세토스 듀오 호보,,Aren,두 개의 백을 체인으로 탈부착 가능한 천연 나파 가죽 트림 장식이 있는 비세토스 모노그램 호보,시대를 초월한 형태와 기능의 결합이 돋보이는 투인원 디자인. 비세토스 캔버스와 천연 나파 가죽을 사용하여 제작한 탈부착 가능한 호보 듀엣 백은 스타일에 맞게 두 개를 결합해서 우아하게 연출하거나 단독으로 사용하여 다양하게 스타일링할 수 있습니다.,비세토스 모노그램 캔버스,스웨이드 마감 마이크로파이버 안감,약 6 x 26 x 22 센티미터,대한민국,cognac,S,품절,"탈부착 및 길이 조절 가능한 가죽 스트랩 및 체인 핸들 스트랩 | 지퍼 클로저. | 라지 백: 내부 포켓 및 지퍼 수납공간 | 스몰 백: 내부 카드 슬롯. | 바디: 비세토스 모노그램 캔버스 | 트림: 천연 나파 가죽 | 24K 도금 브라스 금속 장식 | 스웨이드 마감 마이크로파이버 안감 | 약 6 x 26 x 22 센티미터 | 스트랩 길이: 95cm~119cm, 핸들 길이: 25cm | 제조국: 대한민국",https://images.mcmworldwide.com/i/mcmworldwide/MWHFSTA03CO001_01 | https://images.mcmworldwide.com/i/mcmworldwide/MWHFSTA03CO001_09 | https://images.mcmworldwide.com/i/mcmworldwide/MWHFSTA03CO001_02 | https://images.mcmworldwide.com/i/mcmworldwide/MWHFSTA03CO001_03 | https://images.mcmworldwide.com/i/mcmworldwide/MWHFSTA03CO001_04 | https://images.mcmworldwide.com/i/mcmworldwide/MWHFSTA03CO001_05 | https://images.mcmworldwide.com/i/mcmworldwide/MWHFSTA03CO001_10 | https://images.mcmworldwide.com/i/mcmworldwide/MWHFSTA03CO001_01 | https://images.mcmworldwide.com/i/mcmworldwide/MWHFSTA03CO001_09 | https://images.mcmworldwide.com/i/mcmworldwide/MWHFSTA03CO001_02 | https://images.mcmworldwide.com/i/mcmworldwide/MWHFSTA03CO001_03 | https://images.mcmworldwide.com/i/mcmworldwide/MWHFSTA03CO001_04 | https://images.mcmworldwide.com/i/mcmworldwide/MWHFSTA03CO001_05 | https://images.mcmworldwide.com/i/mcmworldwide/MWHFSTA03CO001_10 | https://images.mcmworldwide.com/i/mcmworldwide/MWHFSTA03CO001_01,https://kr.mcmworldwide.com/ko_KR/%EA%B0%80%EB%B0%A9/%EC%88%84%EB%8D%94%EB%B0%B1-%ED%81%AC%EB%A1%9C%EC%8A%A4%EB%B0%B1/aren-%EB%B9%84%EC%84%B8%ED%86%A0%EC%8A%A4-%EB%93%80%EC%98%A4-%ED%98%B8%EB%B3%B4/MWHFSTA03CO001.html?cgid=bags-shoulder-crossbody-bags
MWHGSTA04PZ001,Aren 비세토스 듀오 호보,,Aren,탈착 가능한 레더 체인백과 천연 나파 가죽 트림이 더해진 비세토스 모노그램 캔버스 호보백,"형태와 기능의 조화로운 균형을 담아낸 투인원 디자인의 호보백. 비세토스 캔버스와 천연 나파 가죽으로 완성된 두 개의 호보 백은 함께 연출하면 더욱 우아한 분위기를 선사하며, 상황과 취향에 따라 각각 단독으로도 활용할 수 있습니다.",비세토스 모노그램 캔버스,스웨이드 마감의 극세사 안감,약 6 x 26 x 22 센티미터,대한민국,soft pink,S,품절,"길이 조절이 가능한 가죽 스트랩 | 탈부착 가능한 체인 핸들 스트랩 | 엠보싱 처리된 라우렐 로고 모티프 | 지퍼 클로저 | 라지 비세토스 백: 내부 지퍼 수납공간 | 스몰 레더 백: 2개의 카드 슬롯 | 바디:비세토스 모노그램 캔버스 | 트림:천연 가죽 | 16K 골드 도금 메탈 하드웨어 | 스웨이드 마감의 극세사 안감 | 약 6 x 26 x 22 센티미터 | 스트랩 길이:95 cm - 119 cm, 핸들 드롭: 25 cm | 제조국: 대한민국",https://images.mcmworldwide.com/i/mcmworldwide/MWHGSTA04PZ001_01 | https://images.mcmworldwide.com/i/mcmworldwide/MWHGSTA04PZ001_09 | https://images.mcmworldwide.com/i/mcmworldwide/MWHGSTA04PZ001_02 | https://images.mcmworldwide.com/i/mcmworldwide/MWHGSTA04PZ001_03 | https://images.mcmworldwide.com/i/mcmworldwide/MWHGSTA04PZ001_04 | https://images.mcmworldwide.com/i/mcmworldwide/MWHGSTA04PZ001_05 | https://images.mcmworldwide.com/i/mcmworldwide/MWHGSTA04PZ001_06 | https://images.mcmworldwide.com/i/mcmworldwide/MWHGSTA04PZ001_10 | https://images.mcmworldwide.com/i/mcmworldwide/MWHGSTA04PZ001_11 | https://images.mcmworldwide.com/i/mcmworldwide/MWHGSTA04PZ001_12 | https://images.mcmworldwide.com/i/mcmworldwide/MWHGSTA04PZ001_01 | https://images.mcmworldwide.com/i/mcmworldwide/MWHGSTA04PZ001_09 | https://images.mcmworldwide.com/i/mcmworldwide/MWHGSTA04PZ001_02 | https://images.mcmworldwide.com/i/mcmworldwide/MWHGSTA04PZ001_03 | https://images.mcmworldwide.com/i/mcmworldwide/MWHGSTA04PZ001_04 | https://images.mcmworldwide.com/i/mcmworldwide/MWHGSTA04PZ001_05 | https://images.mcmworldwide.com/i/mcmworldwide/MWHGSTA04PZ001_06 | https://images.mcmworldwide.com/i/mcmworldwide/MWHGSTA04PZ001_10 | https://images.mcmworldwide.com/i/mcmworldwide/MWHGSTA04PZ001_11 | https://images.mcmworldwide.com/i/mcmworldwide/MWHGSTA04PZ001_12 | https://images.mcmworldwide.com/i/mcmworldwide/MWHGSTA04PZ001_01,https://kr.mcmworldwide.com/ko_KR/%EA%B0%80%EB%B0%A9/%EC%88%84%EB%8D%94%EB%B0%B1-%ED%81%AC%EB%A1%9C%EC%8A%A4%EB%B0%B1/aren-%EB%B9%84%EC%84%B8%ED%86%A0%EC%8A%A4-%EB%93%80%EC%98%A4-%ED%98%B8%EB%B3%B4/MWHGSTA04PZ001.html?cgid=bags-shoulder-crossbody-bags
MMHGATA01CO001,Aren Zip Hobo in Visetos,,Aren,"Visetos monogram canvas hobo bag with front zip compartment, adjustable leather strap, and nappa leather trim","Distinguished by a front zip compartment, this extra-large version of the Aren hobo bag represents softness and structure in equilibrium. The iconic logo brass plate enriches the Visetos monogram silhouette in a grand showcase of the House’s heritage codes and craftsmanship.",,,약 15 x 36 x 30 센티미터,대한민국,cognac,X라지,품절,Adjustable leather shoulder strap | Front zip compartment | Logo brass plate | Zip closure | Interior zip pocket | Body: Visetos monogram canvas | Trim: Nappa leather | 24k gold-plated brass hardware | Cotton twill lining | 약 15 x 36 x 30 센티미터 | 114.5 cm to 146.5 cm strap length | 제조국: 대한민국,https://images.mcmworldwide.com/i/mcmworldwide/MMHGATA01CO001_01 | https://images.mcmworldwide.com/i/mcmworldwide/MMHGATA01CO001_09 | https://images.mcmworldwide.com/i/mcmworldwide/MMHGATA01CO001_02 | https://images.mcmworldwide.com/i/mcmworldwide/MMHGATA01CO001_03 | https://images.mcmworldwide.com/i/mcmworldwide/MMHGATA01CO001_04 | https://images.mcmworldwide.com/i/mcmworldwide/MMHGATA01CO001_05 | https://images.mcmworldwide.com/i/mcmworldwide/MMHGATA01CO001_10 | https://images.mcmworldwide.com/i/mcmworldwide/MMHGATA01CO001_11 | https://images.mcmworldwide.com/i/mcmworldwide/MMHGATA01CO001_01 | https://images.mcmworldwide.com/i/mcmworldwide/MMHGATA01CO001_09 | https://images.mcmworldwide.com/i/mcmworldwide/MMHGATA01CO001_02 | https://images.mcmworldwide.com/i/mcmworldwide/MMHGATA01CO001_03 | https://images.mcmworldwide.com/i/mcmworldwide/MMHGATA01CO001_04 | https://images.mcmworldwide.com/i/mcmworldwide/MMHGATA01CO001_05 | https://images.mcmworldwide.com/i/mcmworldwide/MMHGATA01CO001_10 | https://images.mcmworldwide.com/i/mcmworldwide/MMHGATA01CO001_11,https://kr.mcmworldwide.com/ko_KR/%EA%B0%80%EB%B0%A9/%EC%88%84%EB%8D%94%EB%B0%B1-%ED%81%AC%EB%A1%9C%EC%8A%A4%EB%B0%B1/aren-zip-hobo-in-visetos/MMHGATA01CO001.html?cgid=bags-shoulder-crossbody-bags
MWHESTA02CO001,Aren 비세토스 호보,,Aren,조절 가능한 가죽 스트랩과 가죽 행택 및 금속 자물쇠가 돋보이는 비세토스 호보백,여유로운 클래식 실루엣을 모던하게 재해석하여 부드러움과 구조의 이상적인 균형이 돋보입니다. 탈부착 가능한 가죽 행택과 로고 인그레이빙 금속 자물쇠 등 헤리티지 MCM 캐리어에서 가져온 요소가 돋보이는 라지 Aren 호보백입니다.,비세토스 모노그램 캔버스,스웨이드 마감 마이크로파이버 안감,약 11 x 34 x 33 센티미터,대한민국,cognac,L,품절,조절 가능한 가죽 어깨 스트랩 | 탈부착 가능한 가죽 행택과 로고 인그레이빙 금속 자물쇠 | 지퍼 클로저 | 내부 슬립 포켓 및 지퍼 포켓 | 바디: 비세토스 모노그램 캔버스 | 트림: 나파 가죽 | 24K 도금 브라스 금속 장식 | 스웨이드 마감 마이크로파이버 안감 | 약 11 x 34 x 33 센티미터 | 스트랩 길이: 92.5cm ~ 116.5cm | 제조국: 대한민국,https://images.mcmworldwide.com/i/mcmworldwide/MWHESTA02CO001_01 | https://images.mcmworldwide.com/i/mcmworldwide/MWHESTA02CO001_09 | https://images.mcmworldwide.com/i/mcmworldwide/MWHESTA02CO001_02 | https://images.mcmworldwide.com/i/mcmworldwide/MWHESTA02CO001_03 | https://images.mcmworldwide.com/i/mcmworldwide/MWHESTA02CO001_04 | https://images.mcmworldwide.com/i/mcmworldwide/MWHESTA02CO001_10 | https://images.mcmworldwide.com/i/mcmworldwide/MWHESTA02CO001_01 | https://images.mcmworldwide.com/i/mcmworldwide/MWHESTA02CO001_09 | https://images.mcmworldwide.com/i/mcmworldwide/MWHESTA02CO001_02 | https://images.mcmworldwide.com/i/mcmworldwide/MWHESTA02CO001_03 | https://images.mcmworldwide.com/i/mcmworldwide/MWHESTA02CO001_04 | https://images.mcmworldwide.com/i/mcmworldwide/MWHESTA02CO001_10 | https://images.mcmworldwide.com/i/mcmworldwide/MWHESTA02CO001_01,https://kr.mcmworldwide.com/ko_KR/%EA%B0%80%EB%B0%A9/%EC%88%84%EB%8D%94%EB%B0%B1-%ED%81%AC%EB%A1%9C%EC%8A%A4%EB%B0%B1/aren-%EB%B9%84%EC%84%B8%ED%86%A0%EC%8A%A4-%ED%98%B8%EB%B3%B4/MWHESTA02CO001.html?cgid=bags-shoulder-crossbody-bags
MWHESTA02BK001,Aren 비세토스 호보,,Aren,조절 가능한 가죽 스트랩과 가죽 행택 및 금속 자물쇠가 돋보이는 비세토스 호보백,여유로운 클래식 실루엣을 모던하게 재해석하여 부드러움과 구조의 이상적인 균형이 돋보입니다. 탈부착 가능한 가죽 행택과 로고 인그레이빙 금속 자물쇠 등 헤리티지 MCM 캐리어에서 가져온 요소가 돋보이는 라지 Aren 호보백입니다.,비세토스 모노그램 캔버스,스웨이드 마감 마이크로파이버 안감,약 11 x 34 x 33 센티미터,대한민국,black,L,품절,조절 가능한 가죽 어깨 스트랩 | 탈부착 가능한 가죽 행택과 로고 인그레이빙 금속 자물쇠 | 지퍼 클로저 | 내부 슬립 포켓 및 지퍼 포켓 | 바디: 비세토스 모노그램 캔버스 | 트림: 나파 가죽 | 24K 도금 브라스 금속 장식 | 스웨이드 마감 마이크로파이버 안감 | 약 11 x 34 x 33 센티미터 | 스트랩 길이: 92.5cm ~ 116.5cm | 제조국: 대한민국,https://images.mcmworldwide.com/i/mcmworldwide/MWHESTA02BK001_01 | https://images.mcmworldwide.com/i/mcmworldwide/MWHESTA02BK001_09 | https://images.mcmworldwide.com/i/mcmworldwide/MWHESTA02BK001_02 | https://images.mcmworldwide.com/i/mcmworldwide/MWHESTA02BK001_03 | https://images.mcmworldwide.com/i/mcmworldwide/MWHESTA02BK001_04 | https://images.mcmworldwide.com/i/mcmworldwide/MWHESTA02BK001_10 | https://images.mcmworldwide.com/i/mcmworldwide/MWHESTA02BK001_01 | https://images.mcmworldwide.com/i/mcmworldwide/MWHESTA02BK001_09 | https://images.mcmworldwide.com/i/mcmworldwide/MWHESTA02BK001_02 | https://images.mcmworldwide.com/i/mcmworldwide/MWHESTA02BK001_03 | https://images.mcmworldwide.com/i/mcmworldwide/MWHESTA02BK001_04 | https://images.mcmworldwide.com/i/mcmworldwide/MWHESTA02BK001_10 | https://images.mcmworldwide.com/i/mcmworldwide/MWHESTA02BK001_01,https://kr.mcmworldwide.com/ko_KR/%EA%B0%80%EB%B0%A9/%EC%88%84%EB%8D%94%EB%B0%B1-%ED%81%AC%EB%A1%9C%EC%8A%A4%EB%B0%B1/aren-%EB%B9%84%EC%84%B8%ED%86%A0%EC%8A%A4-%ED%98%B8%EB%B3%B4/MWHESTA02BK001.html?cgid=bags-shoulder-crossbody-bags
MMRGATA05BK001,Aren 다이아몬드 퀼팅 레더 크로스바디,,Aren,다이아몬드 퀼팅과 로고 브라스 플레이트로 클래식함을 더한 나파 가죽 크로스바디 백,"MCM의 정교한 가죽 장인정신이 돋보이는 Aren(아렌) 크로스바디 백. 바이에른 다이아몬드에서 영감을 받은 기하학적 퀼팅이 고급 나파 가죽 바디를 장식하며, 하우스의 아이코닉한 로고 브라스 플레이트로 세련된 포인트를 더하였습니다.",나파 레더,리사이클 코튼 라이닝,약 15 x 21 x 10 센티미터,이탈리아,black,S,품절,탈부착이 가능하며 길이 조절이 가능한 헤링본 웨빙 스트랩 | 다이아몬드 퀼팅 모티프 | 로고 브라스 플레이트 | 바닥 부분의 “MCM” 로고 스티칭 | 양방향 지퍼 클로저 | 바디:나파 레더 | 알루미늄 하드웨어 | 리사이클 코튼 라이닝 | 약 15 x 21 x 10 센티미터 | 제조국: 이탈리아,https://images.mcmworldwide.com/i/mcmworldwide/MMRGATA05BK001_01 | https://images.mcmworldwide.com/i/mcmworldwide/MMRGATA05BK001_09 | https://images.mcmworldwide.com/i/mcmworldwide/MMRGATA05BK001_02 | https://images.mcmworldwide.com/i/mcmworldwide/MMRGATA05BK001_03 | https://images.mcmworldwide.com/i/mcmworldwide/MMRGATA05BK001_04 | https://images.mcmworldwide.com/i/mcmworldwide/MMRGATA05BK001_05 | https://images.mcmworldwide.com/i/mcmworldwide/MMRGATA05BK001_06 | https://images.mcmworldwide.com/i/mcmworldwide/MMRGATA05BK001_10 | https://images.mcmworldwide.com/i/mcmworldwide/MMRGATA05BK001_01 | https://images.mcmworldwide.com/i/mcmworldwide/MMRGATA05BK001_09 | https://images.mcmworldwide.com/i/mcmworldwide/MMRGATA05BK001_02 | https://images.mcmworldwide.com/i/mcmworldwide/MMRGATA05BK001_03 | https://images.mcmworldwide.com/i/mcmworldwide/MMRGATA05BK001_04 | https://images.mcmworldwide.com/i/mcmworldwide/MMRGATA05BK001_05 | https://images.mcmworldwide.com/i/mcmworldwide/MMRGATA05BK001_06 | https://images.mcmworldwide.com/i/mcmworldwide/MMRGATA05BK001_10,https://kr.mcmworldwide.com/ko_KR/%EA%B0%80%EB%B0%A9/%EC%88%84%EB%8D%94%EB%B0%B1-%ED%81%AC%EB%A1%9C%EC%8A%A4%EB%B0%B1/aren-%EB%8B%A4%EC%9D%B4%EC%95%84%EB%AA%AC%EB%93%9C-%ED%80%BC%ED%8C%85-%EB%A0%88%EB%8D%94-%ED%81%AC%EB%A1%9C%EC%8A%A4%EB%B0%94%EB%94%94/MMRGATA05BK001.html?cgid=bags-shoulder-crossbody-bags
MWSGSTA05BW001,Aren 양가죽 숄더백,,Aren,대비되는 컬러조합과 MCM 로고 모티프가 어우러진 램스킨 레더 숄더 백,"한국 문화에 헌정하는 스몰 사이즈 양가죽 숄더백. 부드러운 양가죽 소재로 완성되었으며, 투톤 컬러와 독특한 가죽 스트랩 디테일은 전통 태권도 도복에서 영감을 받았습니다. 특히 스트랩 디자인은 도복의 허리 벨트를 연상시키며 세련된 포인트를 더합니다.",양가죽,,약 17 x 33 x 30 센티미터,대한민국,black and white,S,품절,가죽 숄더 스트랩 | 대비되는 색조 | MCM 로고 모티프 | 지퍼 클로저 | 바디: 양가죽 | 실버톤 코발트 브라스 하드웨어 | 약 17 x 33 x 30 센티미터 | 제조국: 대한민국,https://images.mcmworldwide.com/i/mcmworldwide/MWSGSTA05BW001_01 | https://images.mcmworldwide.com/i/mcmworldwide/MWSGSTA05BW001_09 | https://images.mcmworldwide.com/i/mcmworldwide/MWSGSTA05BW001_02 | https://images.mcmworldwide.com/i/mcmworldwide/MWSGSTA05BW001_03 | https://images.mcmworldwide.com/i/mcmworldwide/MWSGSTA05BW001_04 | https://images.mcmworldwide.com/i/mcmworldwide/MWSGSTA05BW001_05 | https://images.mcmworldwide.com/i/mcmworldwide/MWSGSTA05BW001_10 | https://images.mcmworldwide.com/i/mcmworldwide/MWSGSTA05BW001_11 | https://images.mcmworldwide.com/i/mcmworldwide/MWSGSTA05BW001_12 | https://images.mcmworldwide.com/i/mcmworldwide/MWSGSTA05BW001_01 | https://images.mcmworldwide.com/i/mcmworldwide/MWSGSTA05BW001_09 | https://images.mcmworldwide.com/i/mcmworldwide/MWSGSTA05BW001_02 | https://images.mcmworldwide.com/i/mcmworldwide/MWSGSTA05BW001_03 | https://images.mcmworldwide.com/i/mcmworldwide/MWSGSTA05BW001_04 | https://images.mcmworldwide.com/i/mcmworldwide/MWSGSTA05BW001_05 | https://images.mcmworldwide.com/i/mcmworldwide/MWSGSTA05BW001_10 | https://images.mcmworldwide.com/i/mcmworldwide/MWSGSTA05BW001_11 | https://images.mcmworldwide.com/i/mcmworldwide/MWSGSTA05BW001_12,https://kr.mcmworldwide.com/ko_KR/%EA%B0%80%EB%B0%A9/%EC%88%84%EB%8D%94%EB%B0%B1-%ED%81%AC%EB%A1%9C%EC%8A%A4%EB%B0%B1/aren-%EC%96%91%EA%B0%80%EC%A3%BD-%EC%88%84%EB%8D%94%EB%B0%B1/MWSGSTA05BW001.html?cgid=bags-shoulder-crossbody-bags
MWSGSTA04BW001,Aren 양가죽 숄더백,,Aren,대비되는 컬러조합과 MCM 로고 모티프가 어우러진 램스킨 레더 숄더 백,"한국 문화에 헌정하는 라지 사이즈 양가죽 숄더백. 부드러운 양가죽 소재로 완성되었으며, 투톤 컬러와 독특한 가죽 스트랩 디테일은 전통 태권도 도복에서 영감을 받았습니다. 특히 스트랩 디자인은 도복의 허리 벨트를 연상시키며 세련된 포인트를 더합니다.",양가죽,,약 17 x 33 x 30 센티미터,대한민국,black and white,L,품절,가죽 숄더 스트랩 | 대비되는 색조 | MCM 로고 모티프 | 지퍼 클로저 | 바디: 양가죽 | 실버톤 코발트 브라스 하드웨어 | 약 17 x 33 x 30 센티미터 | 제조국: 대한민국,https://images.mcmworldwide.com/i/mcmworldwide/MWSGSTA04BW001_01 | https://images.mcmworldwide.com/i/mcmworldwide/MWSGSTA04BW001_09 | https://images.mcmworldwide.com/i/mcmworldwide/MWSGSTA04BW001_02 | https://images.mcmworldwide.com/i/mcmworldwide/MWSGSTA04BW001_03 | https://images.mcmworldwide.com/i/mcmworldwide/MWSGSTA04BW001_04 | https://images.mcmworldwide.com/i/mcmworldwide/MWSGSTA04BW001_05 | https://images.mcmworldwide.com/i/mcmworldwide/MWSGSTA04BW001_10 | https://images.mcmworldwide.com/i/mcmworldwide/MWSGSTA04BW001_01 | https://images.mcmworldwide.com/i/mcmworldwide/MWSGSTA04BW001_09 | https://images.mcmworldwide.com/i/mcmworldwide/MWSGSTA04BW001_02 | https://images.mcmworldwide.com/i/mcmworldwide/MWSGSTA04BW001_03 | https://images.mcmworldwide.com/i/mcmworldwide/MWSGSTA04BW001_04 | https://images.mcmworldwide.com/i/mcmworldwide/MWSGSTA04BW001_05 | https://images.mcmworldwide.com/i/mcmworldwide/MWSGSTA04BW001_10,https://kr.mcmworldwide.com/ko_KR/%EA%B0%80%EB%B0%A9/%EC%88%84%EB%8D%94%EB%B0%B1-%ED%81%AC%EB%A1%9C%EC%8A%A4%EB%B0%B1/aren-%EC%96%91%EA%B0%80%EC%A3%BD-%EC%88%84%EB%8D%94%EB%B0%B1/MWSGSTA04BW001.html?cgid=bags-shoulder-crossbody-bags
MWSGSAK01BK001,Diamant 3D 갤러틱 갈라 양가죽 숄더백,,,갤러틱 갈라 메탈 스터드 하드웨어가 더해진 양가죽 숄더백,"뮌헨 하우스의 클래식 인시그니아를 입체적으로 재해석한 조형적 숄더 백으로, 바이에른 다이아몬드에서 영감을 받아 각도를 따라 더블 지퍼 클로저를 적용했습니다. 풍부한 램스킨 레더로 완성된 실루엣은 둥근 메탈 스터드 장식으로 이번 시즌 인터갤럭틱 테마를 세련되게 표현합니다.",램스킨 100%,스웨이드 마감의 극세사 안감,약 11 x 24 x 16 센티미터,대한민국,black,S,품절,"길이 조절이 가능한 가죽 숄더 스트랩 | 갤럭틱 갈라 메탈 스터드 | 뒷면 외부 지퍼 포켓 | 앵글형 지퍼 클로저 | 측면의 MCM 로고 모티프 | 가죽 패치가 더해진 내부 지퍼 포켓 | 바디: 램스킨 100% | 실버톤 코발트 메탈 하드웨어 | 스웨이드 마감의 극세사 안감 | 약 11 x 24 x 16 센티미터 | 스트랩 길이: 110 cm - 133 cm, 핸들 드롭: 21 cm | 제조국: 대한민국",https://images.mcmworldwide.com/i/mcmworldwide/MWSGSAK01BK001_01 | https://images.mcmworldwide.com/i/mcmworldwide/MWSGSAK01BK001_09 | https://images.mcmworldwide.com/i/mcmworldwide/MWSGSAK01BK001_02 | https://images.mcmworldwide.com/i/mcmworldwide/MWSGSAK01BK001_03 | https://images.mcmworldwide.com/i/mcmworldwide/MWSGSAK01BK001_04 | https://images.mcmworldwide.com/i/mcmworldwide/MWSGSAK01BK001_05 | https://images.mcmworldwide.com/i/mcmworldwide/MWSGSAK01BK001_06 | https://images.mcmworldwide.com/i/mcmworldwide/MWSGSAK01BK001_10 | https://images.mcmworldwide.com/i/mcmworldwide/MWSGSAK01BK001_11 | https://images.mcmworldwide.com/i/mcmworldwide/MWSGSAK01BK001_12 | https://images.mcmworldwide.com/i/mcmworldwide/MWSGSAK01BK001_01 | https://images.mcmworldwide.com/i/mcmworldwide/MWSGSAK01BK001_09 | https://images.mcmworldwide.com/i/mcmworldwide/MWSGSAK01BK001_02 | https://images.mcmworldwide.com/i/mcmworldwide/MWSGSAK01BK001_03 | https://images.mcmworldwide.com/i/mcmworldwide/MWSGSAK01BK001_04 | https://images.mcmworldwide.com/i/mcmworldwide/MWSGSAK01BK001_05 | https://images.mcmworldwide.com/i/mcmworldwide/MWSGSAK01BK001_06 | https://images.mcmworldwide.com/i/mcmworldwide/MWSGSAK01BK001_10 | https://images.mcmworldwide.com/i/mcmworldwide/MWSGSAK01BK001_11 | https://images.mcmworldwide.com/i/mcmworldwide/MWSGSAK01BK001_12,https://kr.mcmworldwide.com/ko_KR/%EA%B0%80%EB%B0%A9/%EC%88%84%EB%8D%94%EB%B0%B1-%ED%81%AC%EB%A1%9C%EC%8A%A4%EB%B0%B1/diamant-3d-%EA%B0%A4%EB%9F%AC%ED%8B%B1-%EA%B0%88%EB%9D%BC-%EC%96%91%EA%B0%80%EC%A3%BD-%EC%88%84%EB%8D%94%EB%B0%B1/MWSGSAK01BK001.html?cgid=bags-shoulder-crossbody-bags
MWREATA01CO001,비세토스 아렌 숄더 백.,,비세토스,체인 스트랩과 나파 가죽 트림이 돋보이는 비세토스 모노그램 숄더백,클래식 코냑 비세토스와 천연 나파 가죽으로 제작하여 우아한 이동성을 간결하게 표현한 미니 체인 숄더백입니다. MCM만의 헤리티지 홀마크인 도금 브라스 로고 플레이트가 실루엣의 앞면을 장식합니다.,비세토스 모노그램 캔버스,스웨이드 마감 마이크로파이버 안감,약 6 x 21 x 11 센티미터,대한민국,cognac,미니,품절,골드톤 체인 스트랩 | 뒷면 외부 포켓 | MCM 로고 플레이트. | 자석 스냅 클로저. | 내부 지퍼 포켓 및 카드 슬롯. | 바디: 비세토스 모노그램 캔버스 | 트림: 천연 나파 가죽 | 24K 도금 브라스 금속 장식 | 스웨이드 마감 마이크로파이버 안감 | 약 6 x 21 x 11 센티미터 | 스트랩 드롭: 55cm. | 제조국: 대한민국,https://images.mcmworldwide.com/i/mcmworldwide/MWREATA01CO001_01 | https://images.mcmworldwide.com/i/mcmworldwide/MWREATA01CO001_09 | https://images.mcmworldwide.com/i/mcmworldwide/MWREATA01CO001_02 | https://images.mcmworldwide.com/i/mcmworldwide/MWREATA01CO001_03 | https://images.mcmworldwide.com/i/mcmworldwide/MWREATA01CO001_04 | https://images.mcmworldwide.com/i/mcmworldwide/MWREATA01CO001_01 | https://images.mcmworldwide.com/i/mcmworldwide/MWREATA01CO001_09 | https://images.mcmworldwide.com/i/mcmworldwide/MWREATA01CO001_02 | https://images.mcmworldwide.com/i/mcmworldwide/MWREATA01CO001_03 | https://images.mcmworldwide.com/i/mcmworldwide/MWREATA01CO001_04,https://kr.mcmworldwide.com/ko_KR/%EA%B0%80%EB%B0%A9/%EC%88%84%EB%8D%94%EB%B0%B1-%ED%81%AC%EB%A1%9C%EC%8A%A4%EB%B0%B1/%EB%B9%84%EC%84%B8%ED%86%A0%EC%8A%A4-%EC%95%84%EB%A0%8C-%EC%88%84%EB%8D%94-%EB%B0%B1./MWREATA01CO001.html?cgid=bags-shoulder-crossbody-bags
MWHFATA02CO001,Aren 비세토스 호보,,Aren,체인 핸들과 천연 가죽 트림이 더해진 비세토스 모노그램 캔버스 호보 숄더 백,"달의 곡선에서 영감을 받은 우아한 실루엣이 돋보이는 호보 백입니다. 시그니처 비세토스 캔버스와 천연 가죽의 클래식한 조합으로 완성되었으며, 체인 핸들로 세련된 연출은 물론, 가죽 숄더 스트랩을 활용해 핸즈프리 스타일로도 착용할 수 있습니다.",비세토스 모노그램 캔버스,스웨이드 마감의 극세사 안감,약 7 x 24 x 19 센티미터,대한민국,cognac,S,품절,"탈착이 가능하며 길이 조절이 가능한 레더 스트랩 | 체인 핸들 | 지퍼 클로저 | 내부 슬립 포켓 | 바디:비세토스 모노그램 캔버스 | 트림:천연 가죽 | 24K 골드 도금 브라스 하드웨어 | 스웨이드 마감의 극세사 안감 | 약 7 x 24 x 19 센티미터 | 스트랩 길이: 85 cm - 101 cm , 핸들 드롭: 25 cm | 제조국: 대한민국",https://images.mcmworldwide.com/i/mcmworldwide/MWHFATA02CO001_01 | https://images.mcmworldwide.com/i/mcmworldwide/MWHFATA02CO001_02 | https://images.mcmworldwide.com/i/mcmworldwide/MWHFATA02CO001_03 | https://images.mcmworldwide.com/i/mcmworldwide/MWHFATA02CO001_04 | https://images.mcmworldwide.com/i/mcmworldwide/MWHFATA02CO001_05 | https://images.mcmworldwide.com/i/mcmworldwide/MWHFATA02CO001_06 | https://images.mcmworldwide.com/i/mcmworldwide/MWHFATA02CO001_01 | https://images.mcmworldwide.com/i/mcmworldwide/MWHFATA02CO001_02 | https://images.mcmworldwide.com/i/mcmworldwide/MWHFATA02CO001_03 | https://images.mcmworldwide.com/i/mcmworldwide/MWHFATA02CO001_04 | https://images.mcmworldwide.com/i/mcmworldwide/MWHFATA02CO001_05 | https://images.mcmworldwide.com/i/mcmworldwide/MWHFATA02CO001_06 | https://images.mcmworldwide.com/i/mcmworldwide/MWHFATA02CO001_01,https://kr.mcmworldwide.com/ko_KR/%EA%B0%80%EB%B0%A9/%EC%88%84%EB%8D%94%EB%B0%B1-%ED%81%AC%EB%A1%9C%EC%8A%A4%EB%B0%B1/aren-%EB%B9%84%EC%84%B8%ED%86%A0%EC%8A%A4-%ED%98%B8%EB%B3%B4/MWHFATA02CO001.html?cgid=bags-shoulder-crossbody-bags
MWHFATA02I8001,Aren 비세토스 호보,,Aren,체인 핸들과 천연 가죽 트리밍이 더해진 비세토스 모노그램 캔버스 호보 숄더 백,"초승달에서 영감을 받은 곡선형 호보백은 은은한 핑크 컬러의 시그니처 비세토스와 천연 가죽으로 제작되었습니다. 체인 핸들을 활용하거나, 함께 제공되는 가죽 숄더 스트랩으로 핸즈프리 스타일링이 가능합니다.",비세토스 모노그램 캔버스,스웨이드 마감의 극세사 안감,약 7 x 24 x 19 센티미터,대한민국,beige + black,S,품절,"탈부착이 가능하며 길이 조절이 가능한 | 체인 핸들 | 지퍼 클로저 | 내부 슬립 포켓 | 바디:비세토스 모노그램 캔버스 | 트림: 천연 나파 가죽 | 18K 골드 도금 메탈 하드웨어 | 스웨이드 마감의 극세사 안감 | 약 7 x 24 x 19 센티미터 | 스트랩 길이:85 cm - 101 cm, 핸들 길이: 25 cm | 제조국: 대한민국",https://images.mcmworldwide.com/i/mcmworldwide/MWHFATA02I8001_01 | https://images.mcmworldwide.com/i/mcmworldwide/MWHFATA02I8001_02 | https://images.mcmworldwide.com/i/mcmworldwide/MWHFATA02I8001_03 | https://images.mcmworldwide.com/i/mcmworldwide/MWHFATA02I8001_04 | https://images.mcmworldwide.com/i/mcmworldwide/MWHFATA02I8001_05 | https://images.mcmworldwide.com/i/mcmworldwide/MWHFATA02I8001_01 | https://images.mcmworldwide.com/i/mcmworldwide/MWHFATA02I8001_02 | https://images.mcmworldwide.com/i/mcmworldwide/MWHFATA02I8001_03 | https://images.mcmworldwide.com/i/mcmworldwide/MWHFATA02I8001_04 | https://images.mcmworldwide.com/i/mcmworldwide/MWHFATA02I8001_05 | https://images.mcmworldwide.com/i/mcmworldwide/MWHFATA02I8001_01,https://kr.mcmworldwide.com/ko_KR/%EA%B0%80%EB%B0%A9/%EC%88%84%EB%8D%94%EB%B0%B1-%ED%81%AC%EB%A1%9C%EC%8A%A4%EB%B0%B1/aren-%EB%B9%84%EC%84%B8%ED%86%A0%EC%8A%A4-%ED%98%B8%EB%B3%B4/MWHFATA02I8001.html?cgid=bags-shoulder-crossbody-bags
MWHFATA02PZ001,Aren 비세토스 호보,,Aren,체인 핸들과 천연 가죽 트리밍이 더해진 비세토스 모노그램 캔버스 호보 숄더 백,"초승달에서 영감을 받은 곡선형 호보백은 은은한 핑크 컬러의 시그니처 비세토스와 천연 가죽으로 제작되었습니다. 체인 핸들을 활용하거나, 함께 제공되는 가죽 숄더 스트랩으로 핸즈프리 스타일링이 가능합니다.",비세토스 모노그램 캔버스,스웨이드 마감의 극세사 안감,약 7 x 24 x 19 센티미터,대한민국,soft pink,S,품절,"탈부착이 가능하며 길이 조절이 가능한 가죽 스트랩 | 체인 핸들 | 지퍼 클로저 | 내부 슬립 포켓 | 바디:비세토스 모노그램 캔버스 | 트림: 천연 나파 가죽 | 18K 골드 도금 메탈 하드웨어 | 스웨이드 마감의 극세사 안감 | 약 7 x 24 x 19 센티미터 | 스트랩 길이:85 cm - 101 cm, 핸들 길이: 25 cm | 제조국: 대한민국",https://images.mcmworldwide.com/i/mcmworldwide/MWHFATA02PZ001_01 | https://images.mcmworldwide.com/i/mcmworldwide/MWHFATA02PZ001_09 | https://images.mcmworldwide.com/i/mcmworldwide/MWHFATA02PZ001_02 | https://images.mcmworldwide.com/i/mcmworldwide/MWHFATA02PZ001_03 | https://images.mcmworldwide.com/i/mcmworldwide/MWHFATA02PZ001_04 | https://images.mcmworldwide.com/i/mcmworldwide/MWHFATA02PZ001_05 | https://images.mcmworldwide.com/i/mcmworldwide/MWHFATA02PZ001_10 | https://images.mcmworldwide.com/i/mcmworldwide/MWHFATA02PZ001_01 | https://images.mcmworldwide.com/i/mcmworldwide/MWHFATA02PZ001_09 | https://images.mcmworldwide.com/i/mcmworldwide/MWHFATA02PZ001_02 | https://images.mcmworldwide.com/i/mcmworldwide/MWHFATA02PZ001_03 | https://images.mcmworldwide.com/i/mcmworldwide/MWHFATA02PZ001_04 | https://images.mcmworldwide.com/i/mcmworldwide/MWHFATA02PZ001_05 | https://images.mcmworldwide.com/i/mcmworldwide/MWHFATA02PZ001_10 | https://images.mcmworldwide.com/i/mcmworldwide/MWHFATA02PZ001_01,https://kr.mcmworldwide.com/ko_KR/%EA%B0%80%EB%B0%A9/%EC%88%84%EB%8D%94%EB%B0%B1-%ED%81%AC%EB%A1%9C%EC%8A%A4%EB%B0%B1/aren-%EB%B9%84%EC%84%B8%ED%86%A0%EC%8A%A4-%ED%98%B8%EB%B3%B4/MWHFATA02PZ001.html?cgid=bags-shoulder-crossbody-bags
MWRFSXT01CO001,Tracy 비세토스 크로스바디,,Tracy,라우렐 잠금 장치와 천연 나파 가죽 트림이 돋보이는 비세토스 모노그램 크로스바디 백,유명한 Tracy 크로스바디 백을 더 부드러운 소재와 손쉽게 휴대할 수 있는 가죽 핸들로 업데이트했습니다. 아이코닉한 라우렐 잠금장치가 있는 세련된 디자인에 3개의 내부 및 외부 수납공간으로 우아함과 실용성을 결합했습니다.,비세토스 모노그램 캔버스,스웨이드 마감 마이크로파이버 안감,약 6 x 23 x 14 센티미터,대한민국,cognac,M,품절,"탈부착 및 조절 가능한 가죽 스트랩 | 가죽 손잡이 부분 | 후면 외부 포켓. | 라우렐 잠금 장치 | 전면 포켓. | 내부 지퍼 수납공간 | 바디: 비세토스 모노그램 캔버스 | 트림: 천연 나파 가죽 | 24K 금 도금 메탈 하드웨어 | 스웨이드 마감 마이크로파이버 안감 | 약 6 x 23 x 14 센티미터 | 스트랩 길이: 55cm, 핸들 길이: 3cm | 제조국: 대한민국",https://images.mcmworldwide.com/i/mcmworldwide/MWRFSXT01CO001_01 | https://images.mcmworldwide.com/i/mcmworldwide/MWRFSXT01CO001_09 | https://images.mcmworldwide.com/i/mcmworldwide/MWRFSXT01CO001_02 | https://images.mcmworldwide.com/i/mcmworldwide/MWRFSXT01CO001_03 | https://images.mcmworldwide.com/i/mcmworldwide/MWRFSXT01CO001_04 | https://images.mcmworldwide.com/i/mcmworldwide/MWRFSXT01CO001_05 | https://images.mcmworldwide.com/i/mcmworldwide/MWRFSXT01CO001_10 | https://images.mcmworldwide.com/i/mcmworldwide/MWRFSXT01CO001_01 | https://images.mcmworldwide.com/i/mcmworldwide/MWRFSXT01CO001_09 | https://images.mcmworldwide.com/i/mcmworldwide/MWRFSXT01CO001_02 | https://images.mcmworldwide.com/i/mcmworldwide/MWRFSXT01CO001_03 | https://images.mcmworldwide.com/i/mcmworldwide/MWRFSXT01CO001_04 | https://images.mcmworldwide.com/i/mcmworldwide/MWRFSXT01CO001_05 | https://images.mcmworldwide.com/i/mcmworldwide/MWRFSXT01CO001_10 | https://images.mcmworldwide.com/i/mcmworldwide/MWRFSXT01CO001_01,https://kr.mcmworldwide.com/ko_KR/%EA%B0%80%EB%B0%A9/%EC%88%84%EB%8D%94%EB%B0%B1-%ED%81%AC%EB%A1%9C%EC%8A%A4%EB%B0%B1/tracy-%EB%B9%84%EC%84%B8%ED%86%A0%EC%8A%A4-%ED%81%AC%EB%A1%9C%EC%8A%A4%EB%B0%94%EB%94%94/MWRFSXT01CO001.html?cgid=bags-shoulder-crossbody-bags
MWRFSXT01BK001,Tracy 비세토스 크로스바디,,Tracy,로렐 좌물쇠 잠금장치와 송아지 가죽 트림이 더해진 비세토스 모노그램 크로스바디 백,MCM을 대표하며 오랜 시간 사랑받아온 Tracy 크로스바디 백이 더욱 부드러운 소재와 가죽 핸들로 새롭게 선보입니다. 아이코닉한 라우렐 잠금장치와 세 개의 내외부 수납공간이 우아함과 실용성을 더합니다.,비세토스 모노그램 캔버스,스웨이드 마감의 극세사 안감,약 6 x 23 x 14 센티미터,대한민국,black,M,품절,"탈부착이 가능하며 길이 조절이 가능한 가죽 스트랩 | 가죽 탑 핸들 | 뒷면의 외부 포켓 | 라우렐 락 클로저 | 앞면 포켓 | 내부 지퍼 수납공간 | 바디:비세토스 모노그램 캔버스 | 트림: 천연 송아지 가죽 | 실버톤 코발트 메탈 하드웨어 | 스웨이드 마감의 극세사 안감 | 약 6 x 23 x 14 센티미터 | 스트랩 길이: 55 cm, 핸들 길이: 3 cm | 제조국: 대한민국",https://images.mcmworldwide.com/i/mcmworldwide/MWRFSXT01BK001_01 | https://images.mcmworldwide.com/i/mcmworldwide/MWRFSXT01BK001_09 | https://images.mcmworldwide.com/i/mcmworldwide/MWRFSXT01BK001_02 | https://images.mcmworldwide.com/i/mcmworldwide/MWRFSXT01BK001_03 | https://images.mcmworldwide.com/i/mcmworldwide/MWRFSXT01BK001_04 | https://images.mcmworldwide.com/i/mcmworldwide/MWRFSXT01BK001_10 | https://images.mcmworldwide.com/i/mcmworldwide/MWRFSXT01BK001_01 | https://images.mcmworldwide.com/i/mcmworldwide/MWRFSXT01BK001_09 | https://images.mcmworldwide.com/i/mcmworldwide/MWRFSXT01BK001_02 | https://images.mcmworldwide.com/i/mcmworldwide/MWRFSXT01BK001_03 | https://images.mcmworldwide.com/i/mcmworldwide/MWRFSXT01BK001_04 | https://images.mcmworldwide.com/i/mcmworldwide/MWRFSXT01BK001_10 | https://images.mcmworldwide.com/i/mcmworldwide/MWRFSXT01BK001_01,https://kr.mcmworldwide.com/ko_KR/%EA%B0%80%EB%B0%A9/%EC%88%84%EB%8D%94%EB%B0%B1-%ED%81%AC%EB%A1%9C%EC%8A%A4%EB%B0%B1/tracy-%EB%B9%84%EC%84%B8%ED%86%A0%EC%8A%A4-%ED%81%AC%EB%A1%9C%EC%8A%A4%EB%B0%94%EB%94%94/MWRFSXT01BK001.html?cgid=bags-shoulder-crossbody-bags
MWRFAXT01PZ001,Tracy 비세토스 크로스바디,,Tracy,"라우렐 잠금장치, 상단 가죽 핸들, 천연 가죽 트림이 더해진 비세토스 모노그램 캔버스 크로스바디 백","소프트 핑크 비세토스 캔버스와 천연 가죽으로 제작된 미디엄 사이즈의 트레이시 크로스바디 백은 세련 실루엣을 자아냅니다. 실용적인 구조를 갖춘 디자인으로, 시그니처인 라우렐 잠금장치와 여러 개의 수납 공간이 돋보입니다.",비세토스 모노그램 캔버스,스웨이드 마감의 극세사 안감,약 6 x 23 x 14 센티미터,대한민국,soft pink,M,품절,"탈부착이 가능하며 길이 조절이 가능한 가죽 스트랩 | 가죽 탑 핸들 | 뒷면의 외부 포켓 | 라우렐 잠금 장치 | 앞면 포켓 | 내부 지퍼 수납공간 | 바디:비세토스 모노그램 캔버스 | 트림: 천연 나파 가죽 | 18K 골드 도금 메탈 하드웨어 | 스웨이드 마감의 극세사 안감 | 약 6 x 23 x 14 센티미터 | 스트랩 길이: 55 cm, 핸들 길이: 3 cm | 제조국: 대한민국",https://images.mcmworldwide.com/i/mcmworldwide/MWRFAXT01PZ001_01 | https://images.mcmworldwide.com/i/mcmworldwide/MWRFAXT01PZ001_09 | https://images.mcmworldwide.com/i/mcmworldwide/MWRFAXT01PZ001_02 | https://images.mcmworldwide.com/i/mcmworldwide/MWRFAXT01PZ001_03 | https://images.mcmworldwide.com/i/mcmworldwide/MWRFAXT01PZ001_04 | https://images.mcmworldwide.com/i/mcmworldwide/MWRFAXT01PZ001_10 | https://images.mcmworldwide.com/i/mcmworldwide/MWRFAXT01PZ001_01 | https://images.mcmworldwide.com/i/mcmworldwide/MWRFAXT01PZ001_09 | https://images.mcmworldwide.com/i/mcmworldwide/MWRFAXT01PZ001_02 | https://images.mcmworldwide.com/i/mcmworldwide/MWRFAXT01PZ001_03 | https://images.mcmworldwide.com/i/mcmworldwide/MWRFAXT01PZ001_04 | https://images.mcmworldwide.com/i/mcmworldwide/MWRFAXT01PZ001_10 | https://images.mcmworldwide.com/i/mcmworldwide/MWRFAXT01PZ001_01,https://kr.mcmworldwide.com/ko_KR/%EA%B0%80%EB%B0%A9/%EC%88%84%EB%8D%94%EB%B0%B1-%ED%81%AC%EB%A1%9C%EC%8A%A4%EB%B0%B1/tracy-%EB%B9%84%EC%84%B8%ED%86%A0%EC%8A%A4-%ED%81%AC%EB%A1%9C%EC%8A%A4%EB%B0%94%EB%94%94/MWRFAXT01PZ001.html?cgid=bags-shoulder-crossbody-bags
MWEGSXT01CO001,Tracy 비세토스 레더 믹스 사첼,,Tracy,라우렐 락 잠금장치와 이탈리안 카프스킨 레더 트림이 더해진 비세토스 모노그램 캔버스 사첼 백,"MCM의 오리지널 아이콘, ‘트레이시’는 한눈에 시선을 사로잡는 우아함과 세련됨을 겸비한 디자인이 특징입니다. 24K 골드 도금 라우렐 락이 클래식한 실루엣에 화려한 포인트를 더하고, 비세토스 캔버스와 이탈리아산 카프스킨 디테일이 부드럽고 고급스러운 촉감을 선사합니다.",비세토스 모노그램 캔버스,스웨이드 마감의 극세사 안감,약 9 x 25 x 19 센티미터,대한민국,cognac,S,품절,"탈부착이 가능하며 길이 조절이 가능한 가죽 스트랩 | 가죽 탑 핸들 | 라우렐 락 클로저 | 앞면 포켓 | 내부 지퍼 수납공간 | 바디:비세토스 모노그램 캔버스 | 트림: 이탈리안 카프스킨 | 24K 골드 도금 브라스 하드웨어 | 스웨이드 마감의 극세사 안감 | 약 9 x 25 x 19 센티미터 | 스트랩 드롭: 55 cm, 핸들 드롭: 5 cm | 제조국: 대한민국",https://images.mcmworldwide.com/i/mcmworldwide/MWEGSXT01CO001_01 | https://images.mcmworldwide.com/i/mcmworldwide/MWEGSXT01CO001_09 | https://images.mcmworldwide.com/i/mcmworldwide/MWEGSXT01CO001_02 | https://images.mcmworldwide.com/i/mcmworldwide/MWEGSXT01CO001_03 | https://images.mcmworldwide.com/i/mcmworldwide/MWEGSXT01CO001_04 | https://images.mcmworldwide.com/i/mcmworldwide/MWEGSXT01CO001_05 | https://images.mcmworldwide.com/i/mcmworldwide/MWEGSXT01CO001_10 | https://images.mcmworldwide.com/i/mcmworldwide/MWEGSXT01CO001_11 | https://images.mcmworldwide.com/i/mcmworldwide/MWEGSXT01CO001_12 | https://images.mcmworldwide.com/i/mcmworldwide/MWEGSXT01CO001_01 | https://images.mcmworldwide.com/i/mcmworldwide/MWEGSXT01CO001_09 | https://images.mcmworldwide.com/i/mcmworldwide/MWEGSXT01CO001_02 | https://images.mcmworldwide.com/i/mcmworldwide/MWEGSXT01CO001_03 | https://images.mcmworldwide.com/i/mcmworldwide/MWEGSXT01CO001_04 | https://images.mcmworldwide.com/i/mcmworldwide/MWEGSXT01CO001_05 | https://images.mcmworldwide.com/i/mcmworldwide/MWEGSXT01CO001_10 | https://images.mcmworldwide.com/i/mcmworldwide/MWEGSXT01CO001_11 | https://images.mcmworldwide.com/i/mcmworldwide/MWEGSXT01CO001_12,https://kr.mcmworldwide.com/ko_KR/%EA%B0%80%EB%B0%A9/%EC%88%84%EB%8D%94%EB%B0%B1-%ED%81%AC%EB%A1%9C%EC%8A%A4%EB%B0%B1/tracy-%EB%B9%84%EC%84%B8%ED%86%A0%EC%8A%A4-%EB%A0%88%EB%8D%94-%EB%AF%B9%EC%8A%A4-%EC%82%AC%EC%B2%BC/MWEGSXT01CO001.html?cgid=bags-shoulder-crossbody-bags
MMRGSAK02CO001,Diamant 비세토스 레더 믹스 3D 크로스바디,,비세토스,천연 가죽 트림이 더해진 비세토스 모노그램 캔버스 크로스바디 백,"뮌헨의 바이에른 다이아몬드에서 영감을 받은 Diamant 3D 크로스바디 백은 독일 본고장의 전통적 상징에서 영감을 받은 조형적인 디자인이 특징입니다. 나파 가죽으로 마감된 부드러운 실루엣과, 기하학적 패턴의 정교한 라인에서 영감을 받은 양방향 지퍼 클로저가 특징입니다.",탈부착이 가능하며 길이 조절이 가능한 크로스바디 스트랩,스웨이드 마감의 극세사 안감,약 10 x 30 x 19 센티미터,대한민국,cognac,S,품절,탈부착이 가능하며 길이 조절이 가능한 크로스바디 스트랩 | 뒷변 외부 지퍼 포켓 | 앞면의 MCM 로고 | 양방향 지퍼 클로저 | 내부 지퍼 수납공간 | 바디:비세토스 모노그램 캔버스 | 트림:천연 가죽 | 24K 골드 도금 브라스 하드웨어 | 스웨이드 마감의 극세사 안감 | 약 10 x 30 x 19 센티미터 | 스트랩 길이:76 cm - 123 cm | 제조국: 대한민국,https://images.mcmworldwide.com/i/mcmworldwide/MMRGSAK02CO001_01 | https://images.mcmworldwide.com/i/mcmworldwide/MMRGSAK02CO001_09 | https://images.mcmworldwide.com/i/mcmworldwide/MMRGSAK02CO001_02 | https://images.mcmworldwide.com/i/mcmworldwide/MMRGSAK02CO001_03 | https://images.mcmworldwide.com/i/mcmworldwide/MMRGSAK02CO001_04 | https://images.mcmworldwide.com/i/mcmworldwide/MMRGSAK02CO001_05 | https://images.mcmworldwide.com/i/mcmworldwide/MMRGSAK02CO001_10 | https://images.mcmworldwide.com/i/mcmworldwide/MMRGSAK02CO001_11 | https://images.mcmworldwide.com/i/mcmworldwide/MMRGSAK02CO001_01 | https://images.mcmworldwide.com/i/mcmworldwide/MMRGSAK02CO001_09 | https://images.mcmworldwide.com/i/mcmworldwide/MMRGSAK02CO001_02 | https://images.mcmworldwide.com/i/mcmworldwide/MMRGSAK02CO001_03 | https://images.mcmworldwide.com/i/mcmworldwide/MMRGSAK02CO001_04 | https://images.mcmworldwide.com/i/mcmworldwide/MMRGSAK02CO001_05 | https://images.mcmworldwide.com/i/mcmworldwide/MMRGSAK02CO001_10 | https://images.mcmworldwide.com/i/mcmworldwide/MMRGSAK02CO001_11 | https://images.mcmworldwide.com/i/mcmworldwide/MMRGSAK02CO001_01,https://kr.mcmworldwide.com/ko_KR/%EA%B0%80%EB%B0%A9/%EC%88%84%EB%8D%94%EB%B0%B1-%ED%81%AC%EB%A1%9C%EC%8A%A4%EB%B0%B1/diamant-%EB%B9%84%EC%84%B8%ED%86%A0%EC%8A%A4-%EB%A0%88%EB%8D%94-%EB%AF%B9%EC%8A%A4-3d-%ED%81%AC%EB%A1%9C%EC%8A%A4%EB%B0%94%EB%94%94/MMRGSAK02CO001.html?cgid=bags-shoulder-crossbody-bags
MMRGSAK01CO001,Diamant 비세토스 레더 믹스 3D 크로스바디,,비세토스,천연 가죽 트림이 더해진 비세토스 모노그램 캔버스 크로스바디 백,"뮌헨의 바이에른 다이아몬드에서 영감을 받은 Diamant 3D 크로스바디 백은 독일 본고장의 전통적 상징에서 영감을 받은 조형적인 디자인이 특징입니다. 나파 가죽으로 마감된 부드러운 실루엣과, 기하학적 패턴의 정교한 라인에서 영감을 받은 양방향 지퍼 클로저가 특징입니다.",탈부착이 가능하며 길이 조절이 가능한 크로스바디 스트랩,스웨이드 마감의 극세사 안감,약 13 x 37 x 24 센티미터,대한민국,cognac,M,품절,탈부착이 가능하며 길이 조절이 가능한 크로스바디 스트랩 | 뒷변 외부 지퍼 포켓 | 앞면의 MCM 로고 | 양방향 지퍼 클로저 | 내부 지퍼 수납공간 | 바디:비세토스 모노그램 캔버스 | 트림:천연 가죽 | 24K 골드 도금 브라스 하드웨어 | 스웨이드 마감의 극세사 안감 | 약 13 x 37 x 24 센티미터 | 스트랩 길이:76 cm - 123 cm | 제조국: 대한민국,https://images.mcmworldwide.com/i/mcmworldwide/MMRGSAK01CO001_01 | https://images.mcmworldwide.com/i/mcmworldwide/MMRGSAK01CO001_09 | https://images.mcmworldwide.com/i/mcmworldwide/MMRGSAK01CO001_02 | https://images.mcmworldwide.com/i/mcmworldwide/MMRGSAK01CO001_03 | https://images.mcmworldwide.com/i/mcmworldwide/MMRGSAK01CO001_04 | https://images.mcmworldwide.com/i/mcmworldwide/MMRGSAK01CO001_05 | https://images.mcmworldwide.com/i/mcmworldwide/MMRGSAK01CO001_10 | https://images.mcmworldwide.com/i/mcmworldwide/MMRGSAK01CO001_11 | https://images.mcmworldwide.com/i/mcmworldwide/MMRGSAK01CO001_12 | https://images.mcmworldwide.com/i/mcmworldwide/MMRGSAK01CO001_01 | https://images.mcmworldwide.com/i/mcmworldwide/MMRGSAK01CO001_09 | https://images.mcmworldwide.com/i/mcmworldwide/MMRGSAK01CO001_02 | https://images.mcmworldwide.com/i/mcmworldwide/MMRGSAK01CO001_03 | https://images.mcmworldwide.com/i/mcmworldwide/MMRGSAK01CO001_04 | https://images.mcmworldwide.com/i/mcmworldwide/MMRGSAK01CO001_05 | https://images.mcmworldwide.com/i/mcmworldwide/MMRGSAK01CO001_10 | https://images.mcmworldwide.com/i/mcmworldwide/MMRGSAK01CO001_11 | https://images.mcmworldwide.com/i/mcmworldwide/MMRGSAK01CO001_12 | https://images.mcmworldwide.com/i/mcmworldwide/MMRGSAK01CO001_01,https://kr.mcmworldwide.com/ko_KR/%EA%B0%80%EB%B0%A9/%EC%88%84%EB%8D%94%EB%B0%B1-%ED%81%AC%EB%A1%9C%EC%8A%A4%EB%B0%B1/diamant-%EB%B9%84%EC%84%B8%ED%86%A0%EC%8A%A4-%EB%A0%88%EB%8D%94-%EB%AF%B9%EC%8A%A4-3d-%ED%81%AC%EB%A1%9C%EC%8A%A4%EB%B0%94%EB%94%94/MMRGSAK01CO001.html?cgid=bags-shoulder-crossbody-bags
MMRGSAK02BK001,Diamant 비세토스 레더 믹스 3D 크로스바디,,비세토스,천연 가죽 트림이 더해진 비세토스 모노그램 캔버스 크로스바디 백,"뮌헨의 바이에른 다이아몬드에서 영감을 받은 Diamant 3D 크로스바디 백은 독일 본고장의 전통적 상징에서 영감을 받은 조형적인 디자인이 특징입니다. 나파 가죽으로 마감된 부드러운 실루엣과, 기하학적 패턴의 정교한 라인에서 영감을 받은 양방향 지퍼 클로저가 특징입니다.",탈부착이 가능하며 길이 조절이 가능한 크로스바디 스트랩,스웨이드 마감의 극세사 안감,약 10 x 30 x 19 센티미터,대한민국,black,S,품절,탈부착이 가능하며 길이 조절이 가능한 크로스바디 스트랩 | 뒷변 외부 지퍼 포켓 | 앞면의 MCM 로고 | 양방향 지퍼 클로저 | 내부 지퍼 수납공간 | 바디:비세토스 모노그램 캔버스 | 트림:천연 가죽 | 실버톤 코발트 메탈 하드웨어 | 스웨이드 마감의 극세사 안감 | 약 10 x 30 x 19 센티미터 | 스트랩 길이:76 cm - 123 cm | 제조국: 대한민국,https://images.mcmworldwide.com/i/mcmworldwide/MMRGSAK02BK001_01 | https://images.mcmworldwide.com/i/mcmworldwide/MMRGSAK02BK001_09 | https://images.mcmworldwide.com/i/mcmworldwide/MMRGSAK02BK001_02 | https://images.mcmworldwide.com/i/mcmworldwide/MMRGSAK02BK001_03 | https://images.mcmworldwide.com/i/mcmworldwide/MMRGSAK02BK001_04 | https://images.mcmworldwide.com/i/mcmworldwide/MMRGSAK02BK001_05 | https://images.mcmworldwide.com/i/mcmworldwide/MMRGSAK02BK001_10 | https://images.mcmworldwide.com/i/mcmworldwide/MMRGSAK02BK001_11 | https://images.mcmworldwide.com/i/mcmworldwide/MMRGSAK02BK001_12 | https://images.mcmworldwide.com/i/mcmworldwide/MMRGSAK02BK001_01 | https://images.mcmworldwide.com/i/mcmworldwide/MMRGSAK02BK001_09 | https://images.mcmworldwide.com/i/mcmworldwide/MMRGSAK02BK001_02 | https://images.mcmworldwide.com/i/mcmworldwide/MMRGSAK02BK001_03 | https://images.mcmworldwide.com/i/mcmworldwide/MMRGSAK02BK001_04 | https://images.mcmworldwide.com/i/mcmworldwide/MMRGSAK02BK001_05 | https://images.mcmworldwide.com/i/mcmworldwide/MMRGSAK02BK001_10 | https://images.mcmworldwide.com/i/mcmworldwide/MMRGSAK02BK001_11 | https://images.mcmworldwide.com/i/mcmworldwide/MMRGSAK02BK001_12 | https://images.mcmworldwide.com/i/mcmworldwide/MMRGSAK02BK001_01,https://kr.mcmworldwide.com/ko_KR/%EA%B0%80%EB%B0%A9/%EC%88%84%EB%8D%94%EB%B0%B1-%ED%81%AC%EB%A1%9C%EC%8A%A4%EB%B0%B1/diamant-%EB%B9%84%EC%84%B8%ED%86%A0%EC%8A%A4-%EB%A0%88%EB%8D%94-%EB%AF%B9%EC%8A%A4-3d-%ED%81%AC%EB%A1%9C%EC%8A%A4%EB%B0%94%EB%94%94/MMRGSAK02BK001.html?cgid=bags-shoulder-crossbody-bags
MMRGSAK01BK001,Diamant 비세토스 레더 믹스 3D 크로스바디,,비세토스,천연 가죽 트림이 더해진 비세토스 모노그램 캔버스 크로스바디 백,"뮌헨의 바이에른 다이아몬드에서 영감을 받은 Diamant 3D 크로스바디 백은 독일 본고장의 전통적 상징에서 영감을 받은 조형적인 디자인이 특징입니다. 나파 가죽으로 마감된 부드러운 실루엣과, 기하학적 패턴의 정교한 라인에서 영감을 받은 양방향 지퍼 클로저가 특징입니다.",탈부착이 가능하며 길이 조절이 가능한 크로스바디 스트랩,스웨이드 마감의 극세사 안감,약 13 x 37 x 24 센티미터,대한민국,black,M,품절,탈부착이 가능하며 길이 조절이 가능한 크로스바디 스트랩 | 뒷변 외부 지퍼 포켓 | 앞면의 MCM 로고 | 양방향 지퍼 클로저 | 내부 지퍼 수납공간 | 바디:비세토스 모노그램 캔버스 | 트림:천연 가죽 | 실버톤 코발트 브라스 하드웨어 | 스웨이드 마감의 극세사 안감 | 약 13 x 37 x 24 센티미터 | 스트랩 길이:76 cm - 123 cm | 제조국: 대한민국,https://images.mcmworldwide.com/i/mcmworldwide/MMRGSAK01BK001_01 | https://images.mcmworldwide.com/i/mcmworldwide/MMRGSAK01BK001_09 | https://images.mcmworldwide.com/i/mcmworldwide/MMRGSAK01BK001_02 | https://images.mcmworldwide.com/i/mcmworldwide/MMRGSAK01BK001_03 | https://images.mcmworldwide.com/i/mcmworldwide/MMRGSAK01BK001_04 | https://images.mcmworldwide.com/i/mcmworldwide/MMRGSAK01BK001_05 | https://images.mcmworldwide.com/i/mcmworldwide/MMRGSAK01BK001_10 | https://images.mcmworldwide.com/i/mcmworldwide/MMRGSAK01BK001_11 | https://images.mcmworldwide.com/i/mcmworldwide/MMRGSAK01BK001_12 | https://images.mcmworldwide.com/i/mcmworldwide/MMRGSAK01BK001_01 | https://images.mcmworldwide.com/i/mcmworldwide/MMRGSAK01BK001_09 | https://images.mcmworldwide.com/i/mcmworldwide/MMRGSAK01BK001_02 | https://images.mcmworldwide.com/i/mcmworldwide/MMRGSAK01BK001_03 | https://images.mcmworldwide.com/i/mcmworldwide/MMRGSAK01BK001_04 | https://images.mcmworldwide.com/i/mcmworldwide/MMRGSAK01BK001_05 | https://images.mcmworldwide.com/i/mcmworldwide/MMRGSAK01BK001_10 | https://images.mcmworldwide.com/i/mcmworldwide/MMRGSAK01BK001_11 | https://images.mcmworldwide.com/i/mcmworldwide/MMRGSAK01BK001_12 | https://images.mcmworldwide.com/i/mcmworldwide/MMRGSAK01BK001_01,https://kr.mcmworldwide.com/ko_KR/%EA%B0%80%EB%B0%A9/%EC%88%84%EB%8D%94%EB%B0%B1-%ED%81%AC%EB%A1%9C%EC%8A%A4%EB%B0%B1/diamant-%EB%B9%84%EC%84%B8%ED%86%A0%EC%8A%A4-%EB%A0%88%EB%8D%94-%EB%AF%B9%EC%8A%A4-3d-%ED%81%AC%EB%A1%9C%EC%8A%A4%EB%B0%94%EB%94%94/MMRGSAK01BK001.html?cgid=bags-shoulder-crossbody-bags
MWHGATA024B001,Aren 맥시 비세토스 호보,,Aren,"가죽 트림과 길이 조절 가능한 레더 스트랩, 바이에른 다이아몬드 레더 참이 더해진 맥시 비세토스 모노그램 캔버스 호보백",시나몬 컬러로 완성된 스몰 Aren 호보 백은 클래식 비세토스 모노그램을 맥시멀한 감각으로 재해석해 존재감을 더했습니다. 바이에른 다이아몬드에서 영감을 받은 탈착식 가죽 참이 뮌헨에서 시작된 하우스의 헤리티지를 상징합니다.,맥시 비세토스 모노그램 캔버스,스웨이드 마감의 극세사 안감,약 10 x 26 x 19 센티미터,대한민국,cinnamon,S,품절,길이 조절이 가능한 가죽 숄더 스트랩 | 탈착 가능한 바바리안 다이아몬드 가죽 참 | 지퍼 클로저 | 내부 포켓 | 바디: 맥시 비세토스 모노그램 캔버스 | 레더 트림 | 24K 골드 도금 브라스 하드웨어 | 스웨이드 마감의 극세사 안감 | 약 10 x 26 x 19 센티미터 | 스트랩 길이: 125cm - 133cm | 제조국: 대한민국,https://images.mcmworldwide.com/i/mcmworldwide/MWHGATA024B001_01 | https://images.mcmworldwide.com/i/mcmworldwide/MWHGATA024B001_09 | https://images.mcmworldwide.com/i/mcmworldwide/MWHGATA024B001_02 | https://images.mcmworldwide.com/i/mcmworldwide/MWHGATA024B001_03 | https://images.mcmworldwide.com/i/mcmworldwide/MWHGATA024B001_04 | https://images.mcmworldwide.com/i/mcmworldwide/MWHGATA024B001_05 | https://images.mcmworldwide.com/i/mcmworldwide/MWHGATA024B001_06 | https://images.mcmworldwide.com/i/mcmworldwide/MWHGATA024B001_10 | https://images.mcmworldwide.com/i/mcmworldwide/MWHGATA024B001_11 | https://images.mcmworldwide.com/i/mcmworldwide/MWHGATA024B001_01 | https://images.mcmworldwide.com/i/mcmworldwide/MWHGATA024B001_09 | https://images.mcmworldwide.com/i/mcmworldwide/MWHGATA024B001_02 | https://images.mcmworldwide.com/i/mcmworldwide/MWHGATA024B001_03 | https://images.mcmworldwide.com/i/mcmworldwide/MWHGATA024B001_04 | https://images.mcmworldwide.com/i/mcmworldwide/MWHGATA024B001_05 | https://images.mcmworldwide.com/i/mcmworldwide/MWHGATA024B001_06 | https://images.mcmworldwide.com/i/mcmworldwide/MWHGATA024B001_10 | https://images.mcmworldwide.com/i/mcmworldwide/MWHGATA024B001_11,https://kr.mcmworldwide.com/ko_KR/%EA%B0%80%EB%B0%A9/%EC%88%84%EB%8D%94%EB%B0%B1-%ED%81%AC%EB%A1%9C%EC%8A%A4%EB%B0%B1/aren-%EB%A7%A5%EC%8B%9C-%EB%B9%84%EC%84%B8%ED%86%A0%EC%8A%A4-%ED%98%B8%EB%B3%B4/MWHGATA024B001.html?cgid=bags-shoulder-crossbody-bags
MWHESTA01CO001,Aren 비세토스 호보,,Aren,조절 가능한 가죽 스트랩과 가죽 행택 및 금속 자물쇠가 돋보이는 비세토스 호보백,여유로운 클래식 실루엣을 모던하게 재해석하여 부드러움과 구조의 이상적인 균형이 돋보입니다. 탈부착 가능한 가죽 행택과 로고 인그레이빙 금속 자물쇠 등 헤리티지 MCM 캐리어에서 가져온 요소가 돋보이는 스몰 Aren 호보백입니다.,비세토스 모노그램 캔버스,스웨이드 마감 마이크로파이버 안감,약 10 x 26 x 19 센티미터,대한민국,cognac,S,품절,조절 가능한 가죽 어깨 스트랩 | 탈부착 가능한 가죽 행택과 로고 인그레이빙 금속 자물쇠 | 지퍼 클로저 | 내부 슬립 포켓 | 내부의 로고 엠보스드 다이아몬드 가죽 패치 | 바디: 비세토스 모노그램 캔버스 | 트림: 나파 가죽 | 24K 도금 브라스 금속 장식 | 스웨이드 마감 마이크로파이버 안감 | 약 10 x 26 x 19 센티미터 | 스트랩 길이: 125cm ~ 133cm | 제조국: 대한민국,https://images.mcmworldwide.com/i/mcmworldwide/MWHESTA01CO001_01 | https://images.mcmworldwide.com/i/mcmworldwide/MWHESTA01CO001_09 | https://images.mcmworldwide.com/i/mcmworldwide/MWHESTA01CO001_02 | https://images.mcmworldwide.com/i/mcmworldwide/MWHESTA01CO001_03 | https://images.mcmworldwide.com/i/mcmworldwide/MWHESTA01CO001_04 | https://images.mcmworldwide.com/i/mcmworldwide/MWHESTA01CO001_10 | https://images.mcmworldwide.com/i/mcmworldwide/MWHESTA01CO001_11 | https://images.mcmworldwide.com/i/mcmworldwide/MWHESTA01CO001_01 | https://images.mcmworldwide.com/i/mcmworldwide/MWHESTA01CO001_09 | https://images.mcmworldwide.com/i/mcmworldwide/MWHESTA01CO001_02 | https://images.mcmworldwide.com/i/mcmworldwide/MWHESTA01CO001_03 | https://images.mcmworldwide.com/i/mcmworldwide/MWHESTA01CO001_04 | https://images.mcmworldwide.com/i/mcmworldwide/MWHESTA01CO001_10 | https://images.mcmworldwide.com/i/mcmworldwide/MWHESTA01CO001_11 | https://images.mcmworldwide.com/i/mcmworldwide/MWHESTA01CO001_01,https://kr.mcmworldwide.com/ko_KR/%EA%B0%80%EB%B0%A9/%EC%88%84%EB%8D%94%EB%B0%B1-%ED%81%AC%EB%A1%9C%EC%8A%A4%EB%B0%B1/aren-%EB%B9%84%EC%84%B8%ED%86%A0%EC%8A%A4-%ED%98%B8%EB%B3%B4/MWHESTA01CO001.html?cgid=bags-shoulder-crossbody-bags
MWHESTA01BK001,Aren 비세토스 호보,,Aren,조절 가능한 가죽 스트랩과 가죽 행택 및 금속 자물쇠가 돋보이는 비세토스 호보백,여유로운 클래식 실루엣을 모던하게 재해석하여 부드러움과 구조의 이상적인 균형이 돋보입니다. 탈부착 가능한 가죽 행택과 로고 인그레이빙 금속 자물쇠 등 헤리티지 MCM 캐리어에서 가져온 요소가 돋보이는 스몰 Aren 호보백입니다.,비세토스 모노그램 캔버스,스웨이드 마감 마이크로파이버 안감,약 10 x 26 x 19 센티미터,대한민국,black,S,품절,조절 가능한 가죽 어깨 스트랩 | 탈부착 가능한 가죽 행택과 로고 인그레이빙 금속 자물쇠 | 지퍼 클로저 | 내부 슬립 포켓 | 내부의 로고 엠보스드 다이아몬드 가죽 패치 | 바디: 비세토스 모노그램 캔버스 | 트림: 나파 가죽 | 24K 도금 브라스 금속 장식 | 스웨이드 마감 마이크로파이버 안감 | 약 10 x 26 x 19 센티미터 | 스트랩 길이: 125cm ~ 133cm | 제조국: 대한민국,https://images.mcmworldwide.com/i/mcmworldwide/MWHESTA01BK001_01 | https://images.mcmworldwide.com/i/mcmworldwide/MWHESTA01BK001_09 | https://images.mcmworldwide.com/i/mcmworldwide/MWHESTA01BK001_02 | https://images.mcmworldwide.com/i/mcmworldwide/MWHESTA01BK001_03 | https://images.mcmworldwide.com/i/mcmworldwide/MWHESTA01BK001_04 | https://images.mcmworldwide.com/i/mcmworldwide/MWHESTA01BK001_10 | https://images.mcmworldwide.com/i/mcmworldwide/MWHESTA01BK001_11 | https://images.mcmworldwide.com/i/mcmworldwide/MWHESTA01BK001_01 | https://images.mcmworldwide.com/i/mcmworldwide/MWHESTA01BK001_09 | https://images.mcmworldwide.com/i/mcmworldwide/MWHESTA01BK001_02 | https://images.mcmworldwide.com/i/mcmworldwide/MWHESTA01BK001_03 | https://images.mcmworldwide.com/i/mcmworldwide/MWHESTA01BK001_04 | https://images.mcmworldwide.com/i/mcmworldwide/MWHESTA01BK001_10 | https://images.mcmworldwide.com/i/mcmworldwide/MWHESTA01BK001_11 | https://images.mcmworldwide.com/i/mcmworldwide/MWHESTA01BK001_01,https://kr.mcmworldwide.com/ko_KR/%EA%B0%80%EB%B0%A9/%EC%88%84%EB%8D%94%EB%B0%B1-%ED%81%AC%EB%A1%9C%EC%8A%A4%EB%B0%B1/aren-%EB%B9%84%EC%84%B8%ED%86%A0%EC%8A%A4-%ED%98%B8%EB%B3%B4/MWHESTA01BK001.html?cgid=bags-shoulder-crossbody-bags
MWHESTA01PZ001,Aren 비세토스 호보,,Aren,조절 가능한 가죽 스트랩과 가죽 행택 및 금속 자물쇠가 돋보이는 비세토스 호보백,여유로운 클래식 실루엣을 은은한 핑크 컬러로 재현하여 부드러움과 구조의 이상적인 균형이 돋보입니다. 탈부착 가능한 가죽 행택과 로고 인그레이빙 금속 자물쇠 등 헤리티지 MCM 캐리어에서 가져온 요소가 돋보이는 스몰 Aren 호보백입니다.,비세토스 모노그램 캔버스,스웨이드 마감 마이크로파이버 안감,약 10 x 26 x 19 센티미터,대한민국,soft pink,S,품절,조절 가능한 가죽 어깨 스트랩과 익스텐션 | 탈부착 가능한 가죽 행택과 로고 인그레이빙 금속 자물쇠 | 지퍼 클로저 | 내부 포켓 | 바디: 비세토스 모노그램 캔버스 | 트림: 천연 나파 가죽 | 18K 금 도금 메탈 금속 장식 | 스웨이드 마감 마이크로파이버 안감 | 약 10 x 26 x 19 센티미터 | 스트랩 길이: 125cm ~ 133cm | 제조국: 대한민국,https://images.mcmworldwide.com/i/mcmworldwide/MWHESTA01PZ001_01 | https://images.mcmworldwide.com/i/mcmworldwide/MWHESTA01PZ001_09 | https://images.mcmworldwide.com/i/mcmworldwide/MWHESTA01PZ001_02 | https://images.mcmworldwide.com/i/mcmworldwide/MWHESTA01PZ001_03 | https://images.mcmworldwide.com/i/mcmworldwide/MWHESTA01PZ001_04 | https://images.mcmworldwide.com/i/mcmworldwide/MWHESTA01PZ001_10 | https://images.mcmworldwide.com/i/mcmworldwide/MWHESTA01PZ001_01 | https://images.mcmworldwide.com/i/mcmworldwide/MWHESTA01PZ001_09 | https://images.mcmworldwide.com/i/mcmworldwide/MWHESTA01PZ001_02 | https://images.mcmworldwide.com/i/mcmworldwide/MWHESTA01PZ001_03 | https://images.mcmworldwide.com/i/mcmworldwide/MWHESTA01PZ001_04 | https://images.mcmworldwide.com/i/mcmworldwide/MWHESTA01PZ001_10 | https://images.mcmworldwide.com/i/mcmworldwide/MWHESTA01PZ001_01,https://kr.mcmworldwide.com/ko_KR/%EA%B0%80%EB%B0%A9/%EC%88%84%EB%8D%94%EB%B0%B1-%ED%81%AC%EB%A1%9C%EC%8A%A4%EB%B0%B1/aren-%EB%B9%84%EC%84%B8%ED%86%A0%EC%8A%A4-%ED%98%B8%EB%B3%B4/MWHESTA01PZ001.html?cgid=bags-shoulder-crossbody-bags
MWHFSTA01BK001,Aren 시퀸 양가죽 호보,,Aren,시퀸 장식과 탈부착 가능한 가죽 참 및 MCM 로고 모티프가 돋보이는 양가죽 소재의 호보백,뮌헨의 황금기를 매혹적으로 기념하는 이번 시즌의 Aren 호보백으로 디스코 전성기에서 영감을 받은 반짝이는 시퀸이 돋보입니다. 탈부착 가능한 가죽 참과 골드톤 메탈 스트랩 버클 디자인에서 시그니처 바이에른 다이아몬드를 찾아볼 수 있습니다. 이 우아한 아이템에는 크로스바디 연장 스트랩이 포함되어 있습니다.,길이 조절 가능한 가죽 스트랩과 크로스바디 스트랩 익스텐션,스웨이드 마감 마이크로파이버 안감,약 10 x 26 x 19 센티미터,대한민국,black,S,품절,길이 조절 가능한 가죽 스트랩과 크로스바디 스트랩 익스텐션 | 시퀸 장식 | 탈부착 가능한 바이에른 다이아몬드 로고 가죽 참 | MCM 로고 모티프 | 지퍼 클로저 | 내부 포켓 | 바디: 양가죽 | 트림: 천연 나파 가죽 | 24K 도금 브라스 금속 장식 | 스웨이드 마감 마이크로파이버 안감 | 약 10 x 26 x 19 센티미터 | 스트랩 길이: 125cm~133cm | 제조국: 대한민국,https://images.mcmworldwide.com/i/mcmworldwide/MWHFSTA01BK001_01 | https://images.mcmworldwide.com/i/mcmworldwide/MWHFSTA01BK001_09 | https://images.mcmworldwide.com/i/mcmworldwide/MWHFSTA01BK001_02 | https://images.mcmworldwide.com/i/mcmworldwide/MWHFSTA01BK001_03 | https://images.mcmworldwide.com/i/mcmworldwide/MWHFSTA01BK001_04 | https://images.mcmworldwide.com/i/mcmworldwide/MWHFSTA01BK001_10 | https://images.mcmworldwide.com/i/mcmworldwide/MWHFSTA01BK001_01 | https://images.mcmworldwide.com/i/mcmworldwide/MWHFSTA01BK001_09 | https://images.mcmworldwide.com/i/mcmworldwide/MWHFSTA01BK001_02 | https://images.mcmworldwide.com/i/mcmworldwide/MWHFSTA01BK001_03 | https://images.mcmworldwide.com/i/mcmworldwide/MWHFSTA01BK001_04 | https://images.mcmworldwide.com/i/mcmworldwide/MWHFSTA01BK001_10,https://kr.mcmworldwide.com/ko_KR/%EA%B0%80%EB%B0%A9/%EC%88%84%EB%8D%94%EB%B0%B1-%ED%81%AC%EB%A1%9C%EC%8A%A4%EB%B0%B1/aren-%EC%8B%9C%ED%80%B8-%EC%96%91%EA%B0%80%EC%A3%BD-%ED%98%B8%EB%B3%B4/MWHFSTA01BK001.html?cgid=bags-shoulder-crossbody-bags
MWHESTA03BK001,Aren 맥시 모노그램 레더 호보,,Aren,클래식 호보백을 모던하게 재해석하여 부드러움과 구조의 이상적인 균형이 돋보입니다.,시그니처 비세토스 모노그램의 맥시멀리스트 버전이 새겨진 천연 나파 가죽 소재의 스몰 Aren 호보백입니다. 아카이브 MCM 캐리어의 요소에서 영감을 받은 탈착식 다이아몬드 가죽 택이 여유로운 실루엣을 완성합니다. 가죽 연장 스트랩으로 완성되어 크로스바디로 착용할 수 있습니다.,조절 가능한 가죽 스트랩과 크로스바디 스트랩 익스텐션,스웨이드 마감 마이크로파이버 안감,약 10 x 26 x 19 센티미터,이탈리아,black,S,품절,조절 가능한 가죽 스트랩과 크로스바디 스트랩 익스텐션 | 엠보스드 맥시 모노그램 | 탈부착 가능한 가죽 로고 다이아몬드 행택 | 지퍼 클로저 | 내부 슬립 포켓 | 내부의 로고 엠보스드 다이아몬드 가죽 패치 | 바디: 천연 나파 가죽 | 24K 도금 브라스 금속 장식 | 스웨이드 마감 마이크로파이버 안감 | 약 10 x 26 x 19 센티미터 | 스트랩 길이: 125cm ~ 133cm | 제조국: 이탈리아,https://images.mcmworldwide.com/i/mcmworldwide/MWHESTA03BK001_01 | https://images.mcmworldwide.com/i/mcmworldwide/MWHESTA03BK001_09 | https://images.mcmworldwide.com/i/mcmworldwide/MWHESTA03BK001_02 | https://images.mcmworldwide.com/i/mcmworldwide/MWHESTA03BK001_03 | https://images.mcmworldwide.com/i/mcmworldwide/MWHESTA03BK001_04 | https://images.mcmworldwide.com/i/mcmworldwide/MWHESTA03BK001_10 | https://images.mcmworldwide.com/i/mcmworldwide/MWHESTA03BK001_01 | https://images.mcmworldwide.com/i/mcmworldwide/MWHESTA03BK001_09 | https://images.mcmworldwide.com/i/mcmworldwide/MWHESTA03BK001_02 | https://images.mcmworldwide.com/i/mcmworldwide/MWHESTA03BK001_03 | https://images.mcmworldwide.com/i/mcmworldwide/MWHESTA03BK001_04 | https://images.mcmworldwide.com/i/mcmworldwide/MWHESTA03BK001_10,https://kr.mcmworldwide.com/ko_KR/%EA%B0%80%EB%B0%A9/%EC%88%84%EB%8D%94%EB%B0%B1-%ED%81%AC%EB%A1%9C%EC%8A%A4%EB%B0%B1/aren-%EB%A7%A5%EC%8B%9C-%EB%AA%A8%EB%85%B8%EA%B7%B8%EB%9E%A8-%EB%A0%88%EB%8D%94-%ED%98%B8%EB%B3%B4/MWHESTA03BK001.html?cgid=bags-shoulder-crossbody-bags
MWHFATA01BK001,AREN ECONYL®과 모노그램 프린트 가죽 지퍼 호보,,Aren,"외부 지퍼 수납공간과 라우렐 로고 하드웨어, 비세토스 모노그램 프린트 가죽 트림이 돋보이는 ECONYL® 호보백",폐어망을 재활용한 친환경 소재 ECONYL® 리사이클드 나일론을 사용하여 제작된 이 아렌 호보백은 지속가능한 미래를 위한 MCM의 노력을 잘 보여줍니다. 앞면에는 라우렐 로고 하드웨어가 돋보이는 지퍼 수납칸과 비세토스 모노그램 프린트 가죽으로 완성된 2개의 지퍼 수납공간이 있으며 스마트폰 등 자주 사용하는 소지품을 안전하게 보관 할 수 있는 사이드 포켓이 있습니다.,ECONYL® 재생 나일론,패브릭 안감,약 13 x 38 x 28 센티미터,대한민국,black,M,품절,"길이 조절이 가능한 가죽 스트랩 | 앞 포켓 라우렐 로고 하드웨어 | 앞면 2개의 지퍼 수납공간 | 사이드 지퍼 포켓 | 지퍼 클로저 | 내부 포켓과 지퍼 포켓 | 바디:ECONYL® 재생 나일론 | 트림: 비세토스 모노그램 프린트가 더해진 그레인 레더 | 실버톤 코발트 메탈 하드웨어 | 패브릭 안감 | 약 13 x 38 x 28 센티미터 | 스트랩 길이: 72cm - 92cm, 스트랩 드롭: 45cm | 제조국: 대한민국",https://images.mcmworldwide.com/i/mcmworldwide/MWHFATA01BK001_01 | https://images.mcmworldwide.com/i/mcmworldwide/MWHFATA01BK001_09 | https://images.mcmworldwide.com/i/mcmworldwide/MWHFATA01BK001_02 | https://images.mcmworldwide.com/i/mcmworldwide/MWHFATA01BK001_03 | https://images.mcmworldwide.com/i/mcmworldwide/MWHFATA01BK001_04 | https://images.mcmworldwide.com/i/mcmworldwide/MWHFATA01BK001_10 | https://images.mcmworldwide.com/i/mcmworldwide/MWHFATA01BK001_11 | https://images.mcmworldwide.com/i/mcmworldwide/MWHFATA01BK001_01 | https://images.mcmworldwide.com/i/mcmworldwide/MWHFATA01BK001_09 | https://images.mcmworldwide.com/i/mcmworldwide/MWHFATA01BK001_02 | https://images.mcmworldwide.com/i/mcmworldwide/MWHFATA01BK001_03 | https://images.mcmworldwide.com/i/mcmworldwide/MWHFATA01BK001_04 | https://images.mcmworldwide.com/i/mcmworldwide/MWHFATA01BK001_10 | https://images.mcmworldwide.com/i/mcmworldwide/MWHFATA01BK001_11,https://kr.mcmworldwide.com/ko_KR/%EA%B0%80%EB%B0%A9/%EC%88%84%EB%8D%94%EB%B0%B1-%ED%81%AC%EB%A1%9C%EC%8A%A4%EB%B0%B1/aren-econyl%C2%AE%EA%B3%BC-%EB%AA%A8%EB%85%B8%EA%B7%B8%EB%9E%A8-%ED%94%84%EB%A6%B0%ED%8A%B8-%EA%B0%80%EC%A3%BD-%EC%A7%80%ED%8D%BC-%ED%98%B8%EB%B3%B4/MWHFATA01BK001.html?cgid=bags-shoulder-crossbody-bags
MMRFSTA05CO001,Aren 비세토스 크로스바디,,Aren,천연 나파 가죽 트림이 돋보이는 비세토스 모노그램 캔버스 소재의 크로스바디 백,"뮌헨 하우스에서 이 새로운 크로스바디 백의 유연한 구조를 통해 더욱 부드러운 면을 선보입니다. 외부 수납공간에 필수 아이템을 빠르게 넣고 꺼낼 수 있으며, 고급스러운 코튼 트윌 소재의 내부에는 귀중품을 안전하게 보관할 수 있습니다.",비세토스 모노그램 캔버스,코튼 트윌 안감.,약 7 x 20 x 16 센티미터,대한민국,cognac,S,품절,탈착 및 조절 가능한 헤링본 웨빙 스트랩 | 전면 지퍼 수납공간 | 뒷면 외부 포켓 | 지퍼 클로저. | 내부 포켓. | 바디: 비세토스 모노그램 캔버스 | 트림: 천연 나파 가죽 | 24K 도금 브라스 금속 장식 | 코튼 트윌 안감. | 약 7 x 20 x 16 센티미터 | 스트랩 길이: 86cm~136cm | 제조국: 대한민국,https://images.mcmworldwide.com/i/mcmworldwide/MMRFSTA05CO001_01 | https://images.mcmworldwide.com/i/mcmworldwide/MMRFSTA05CO001_09 | https://images.mcmworldwide.com/i/mcmworldwide/MMRFSTA05CO001_02 | https://images.mcmworldwide.com/i/mcmworldwide/MMRFSTA05CO001_03 | https://images.mcmworldwide.com/i/mcmworldwide/MMRFSTA05CO001_04 | https://images.mcmworldwide.com/i/mcmworldwide/MMRFSTA05CO001_10 | https://images.mcmworldwide.com/i/mcmworldwide/MMRFSTA05CO001_01 | https://images.mcmworldwide.com/i/mcmworldwide/MMRFSTA05CO001_09 | https://images.mcmworldwide.com/i/mcmworldwide/MMRFSTA05CO001_02 | https://images.mcmworldwide.com/i/mcmworldwide/MMRFSTA05CO001_03 | https://images.mcmworldwide.com/i/mcmworldwide/MMRFSTA05CO001_04 | https://images.mcmworldwide.com/i/mcmworldwide/MMRFSTA05CO001_10 | https://images.mcmworldwide.com/i/mcmworldwide/MMRFSTA05CO001_01,https://kr.mcmworldwide.com/ko_KR/%EA%B0%80%EB%B0%A9/%EC%88%84%EB%8D%94%EB%B0%B1-%ED%81%AC%EB%A1%9C%EC%8A%A4%EB%B0%B1/aren-%EB%B9%84%EC%84%B8%ED%86%A0%EC%8A%A4-%ED%81%AC%EB%A1%9C%EC%8A%A4%EB%B0%94%EB%94%94/MMRFSTA05CO001.html?cgid=bags-shoulder-crossbody-bags
MMRFSTA05BK001,Aren 비세토스 크로스바디,,Aren,천연 나파 가죽 트림이 돋보이는 비세토스 모노그램 캔버스 소재의 크로스바디 백,"뮌헨 하우스에서 이 새로운 크로스바디 백의 유연한 구조를 통해 더욱 부드러운 면을 선보입니다. 외부 수납공간에 필수 아이템을 빠르게 넣고 꺼낼 수 있으며, 고급스러운 코튼 트윌 소재의 내부에는 귀중품을 안전하게 보관할 수 있습니다.",비세토스 모노그램 캔버스,코튼 트윌 안감.,약 7 x 20 x 16 센티미터,대한민국,black,S,품절,탈착 및 조절 가능한 헤링본 웨빙 스트랩 | 전면 지퍼 수납공간 | 뒷면 외부 포켓 | 지퍼 클로저 | 내부 포켓. | 바디: 비세토스 모노그램 캔버스 | 트림: 천연 나파 가죽 | 앤틱 실버톤 금속 장식 | 코튼 트윌 안감. | 약 7 x 20 x 16 센티미터 | 스트랩 길이: 86cm~136cm | 제조국: 대한민국,https://images.mcmworldwide.com/i/mcmworldwide/MMRFSTA05BK001_01 | https://images.mcmworldwide.com/i/mcmworldwide/MMRFSTA05BK001_09 | https://images.mcmworldwide.com/i/mcmworldwide/MMRFSTA05BK001_02 | https://images.mcmworldwide.com/i/mcmworldwide/MMRFSTA05BK001_03 | https://images.mcmworldwide.com/i/mcmworldwide/MMRFSTA05BK001_04 | https://images.mcmworldwide.com/i/mcmworldwide/MMRFSTA05BK001_10 | https://images.mcmworldwide.com/i/mcmworldwide/MMRFSTA05BK001_01 | https://images.mcmworldwide.com/i/mcmworldwide/MMRFSTA05BK001_09 | https://images.mcmworldwide.com/i/mcmworldwide/MMRFSTA05BK001_02 | https://images.mcmworldwide.com/i/mcmworldwide/MMRFSTA05BK001_03 | https://images.mcmworldwide.com/i/mcmworldwide/MMRFSTA05BK001_04 | https://images.mcmworldwide.com/i/mcmworldwide/MMRFSTA05BK001_10 | https://images.mcmworldwide.com/i/mcmworldwide/MMRFSTA05BK001_01,https://kr.mcmworldwide.com/ko_KR/%EA%B0%80%EB%B0%A9/%EC%88%84%EB%8D%94%EB%B0%B1-%ED%81%AC%EB%A1%9C%EC%8A%A4%EB%B0%B1/aren-%EB%B9%84%EC%84%B8%ED%86%A0%EC%8A%A4-%ED%81%AC%EB%A1%9C%EC%8A%A4%EB%B0%94%EB%94%94/MMRFSTA05BK001.html?cgid=bags-shoulder-crossbody-bags
MMRGSTA07PZ001,Aren 비세토스 크로스바디,,Aren,천연 나파 가죽 트리밍이 더해진 비세토스 모노그램 캔버스 크로스바디 백,"부드러운 소재로 하우스의 섬세한 면모를 보여주는 이 모노그램 크로스바디 백은 실용성과 세련미를 겸비했습니다. 외부 포켓은 수납을 더욱 간편하게 도와주며, 부드러운 코튼 트윌 안감이 소지품을 안전하게 보관합니다.",비세토스 모노그램 캔버스,코튼 트윌 안감,약 7 x 20 x 16 센티미터,대한민국,soft pink,S,품절,탈부착이 가능하며 길이 조절이 가능한 헤링본 웨빙 스트랩 | 앞면 지퍼 포켓 | 뒷면의 외부 포켓 | 지퍼 클로저 | 가죽 패치가 더해진 내부 포켓 | 바디:비세토스 모노그램 캔버스 | 트림: 천연 나파 가죽 | 16K 골드 도금 메탈 하드웨어 | 코튼 트윌 안감 | 약 7 x 20 x 16 센티미터 | 스트랩 길이: 86 cm to 136 cm | 제조국: 대한민국,https://images.mcmworldwide.com/i/mcmworldwide/MMRGSTA07PZ001_01 | https://images.mcmworldwide.com/i/mcmworldwide/MMRGSTA07PZ001_09 | https://images.mcmworldwide.com/i/mcmworldwide/MMRGSTA07PZ001_02 | https://images.mcmworldwide.com/i/mcmworldwide/MMRGSTA07PZ001_03 | https://images.mcmworldwide.com/i/mcmworldwide/MMRGSTA07PZ001_04 | https://images.mcmworldwide.com/i/mcmworldwide/MMRGSTA07PZ001_05 | https://images.mcmworldwide.com/i/mcmworldwide/MMRGSTA07PZ001_10 | https://images.mcmworldwide.com/i/mcmworldwide/MMRGSTA07PZ001_11 | https://images.mcmworldwide.com/i/mcmworldwide/MMRGSTA07PZ001_01 | https://images.mcmworldwide.com/i/mcmworldwide/MMRGSTA07PZ001_09 | https://images.mcmworldwide.com/i/mcmworldwide/MMRGSTA07PZ001_02 | https://images.mcmworldwide.com/i/mcmworldwide/MMRGSTA07PZ001_03 | https://images.mcmworldwide.com/i/mcmworldwide/MMRGSTA07PZ001_04 | https://images.mcmworldwide.com/i/mcmworldwide/MMRGSTA07PZ001_05 | https://images.mcmworldwide.com/i/mcmworldwide/MMRGSTA07PZ001_10 | https://images.mcmworldwide.com/i/mcmworldwide/MMRGSTA07PZ001_11 | https://images.mcmworldwide.com/i/mcmworldwide/MMRGSTA07PZ001_01,https://kr.mcmworldwide.com/ko_KR/%EA%B0%80%EB%B0%A9/%EC%88%84%EB%8D%94%EB%B0%B1-%ED%81%AC%EB%A1%9C%EC%8A%A4%EB%B0%B1/aren-%EB%B9%84%EC%84%B8%ED%86%A0%EC%8A%A4-%ED%81%AC%EB%A1%9C%EC%8A%A4%EB%B0%94%EB%94%94/MMRGSTA07PZ001.html?cgid=bags-shoulder-crossbody-bags
MMRFSTA06BK001,Aren 리사이클 나일론 크로스바,,Aren,비세토스 모노그램 프린트 메시 수납공간과 천연 나파 가죽 트리밍이 돋보이는 리사이클 나일론 크로스바디 백,클래식한 코드가 돋보이는 세련된 이탈리안 리사이클 나일론 소재의 아렌 크로스바디 백은 독특한 비세토스 모노그램 프린트 메시 포켓이 특징입니다. 유연한 가죽 디테일이 더해져 뮌헨 하우스의 완벽한 장인 정신이 돋보입니다.,이탈리아산 재생 나일론,나일론 라이닝,약 7 x 20 x 16 센티미터,대한민국,black,S,품절,탈부착 및 길이 조절 가능한 헤링본 웨빙 스트랩 | 비세토스 모노그램 프린트의 전면 메쉬 지퍼 수납 공간 | 뒷면 외부 포켓 | 지퍼 클로저 | 내부 포켓 | D링 디테일 | 바디: 이탈리아산 재생 나일론 | 트림: 이탈리아산 카프 레더 | 실버 톤 코발트 메탈 하드웨어 | 나일론 라이닝 | 약 7 x 20 x 16 센티미터 | 스트랩 길이: 86 cm ~ 136 cm | 제조국: 대한민국,https://images.mcmworldwide.com/i/mcmworldwide/MMRFSTA06BK001_01 | https://images.mcmworldwide.com/i/mcmworldwide/MMRFSTA06BK001_09 | https://images.mcmworldwide.com/i/mcmworldwide/MMRFSTA06BK001_02 | https://images.mcmworldwide.com/i/mcmworldwide/MMRFSTA06BK001_03 | https://images.mcmworldwide.com/i/mcmworldwide/MMRFSTA06BK001_04 | https://images.mcmworldwide.com/i/mcmworldwide/MMRFSTA06BK001_10 | https://images.mcmworldwide.com/i/mcmworldwide/MMRFSTA06BK001_01 | https://images.mcmworldwide.com/i/mcmworldwide/MMRFSTA06BK001_09 | https://images.mcmworldwide.com/i/mcmworldwide/MMRFSTA06BK001_02 | https://images.mcmworldwide.com/i/mcmworldwide/MMRFSTA06BK001_03 | https://images.mcmworldwide.com/i/mcmworldwide/MMRFSTA06BK001_04 | https://images.mcmworldwide.com/i/mcmworldwide/MMRFSTA06BK001_10,https://kr.mcmworldwide.com/ko_KR/%EA%B0%80%EB%B0%A9/%EC%88%84%EB%8D%94%EB%B0%B1-%ED%81%AC%EB%A1%9C%EC%8A%A4%EB%B0%B1/aren-%EB%A6%AC%EC%82%AC%EC%9D%B4%ED%81%B4-%EB%82%98%EC%9D%BC%EB%A1%A0-%ED%81%AC%EB%A1%9C%EC%8A%A4%EB%B0%94/MMRFSTA06BK001.html?cgid=bags-shoulder-crossbody-bags
MMRFATA02K8001,Aren ECONYL®과 가죽을 사용한 크로스바디,,Aren,비세토스 모노그램 프린트 가죽 트림이 더해진 ECONYL® 크로스바디 백,"전통과 혁신의 결합이 돋보이는 이 스몰 Aren 크로스바디 백은 재활용 나일론 ECONYL®과 비세토스 모노그램 프린트 가죽을 사용하여 정교하게 제작되었습니다. 외부 수납공간을 통해 필수품을 손쉽게 꺼낼 수 있으며, D링 디테일로 참 장식을 달아 나만의 개성을 더할 수 있습니다.",ECONYL® 재생 나일론,,약 7 x 20 x 16 센티미터,대한민국,khaki moss,S,품절,탈부착이 가능하며 길이 조절이 가능한 헤링본 웨빙 스트랩 | 앞면 지퍼 포켓 | 뒷면 외부 포켓 | 지퍼 클로저 | 내부 포켓 | 바디:ECONYL® 재생 나일론 | 트림: 비세토스 모노그램 프린트가 더해진 천연가죽 | 실버톤 코발트 메탈 하드웨어 | 약 7 x 20 x 16 센티미터 | 스트랩 길이: 86cm - 136cm | 제조국: 대한민국,https://images.mcmworldwide.com/i/mcmworldwide/MMRFATA02K8001_01 | https://images.mcmworldwide.com/i/mcmworldwide/MMRFATA02K8001_09 | https://images.mcmworldwide.com/i/mcmworldwide/MMRFATA02K8001_02 | https://images.mcmworldwide.com/i/mcmworldwide/MMRFATA02K8001_03 | https://images.mcmworldwide.com/i/mcmworldwide/MMRFATA02K8001_04 | https://images.mcmworldwide.com/i/mcmworldwide/MMRFATA02K8001_10 | https://images.mcmworldwide.com/i/mcmworldwide/MMRFATA02K8001_01 | https://images.mcmworldwide.com/i/mcmworldwide/MMRFATA02K8001_09 | https://images.mcmworldwide.com/i/mcmworldwide/MMRFATA02K8001_02 | https://images.mcmworldwide.com/i/mcmworldwide/MMRFATA02K8001_03 | https://images.mcmworldwide.com/i/mcmworldwide/MMRFATA02K8001_04 | https://images.mcmworldwide.com/i/mcmworldwide/MMRFATA02K8001_10,https://kr.mcmworldwide.com/ko_KR/%EA%B0%80%EB%B0%A9/%EC%88%84%EB%8D%94%EB%B0%B1-%ED%81%AC%EB%A1%9C%EC%8A%A4%EB%B0%B1/aren-econyl%C2%AE%EA%B3%BC-%EA%B0%80%EC%A3%BD%EC%9D%84-%EC%82%AC%EC%9A%A9%ED%95%9C-%ED%81%AC%EB%A1%9C%EC%8A%A4%EB%B0%94%EB%94%94/MMRFATA02K8001.html?cgid=bags-shoulder-crossbody-bags
MMMFSTA06CO001,Aren 비세토스 메신저,,Aren,천연 나파 가죽 트림이 돋보이는 비세토스 모노그램 캔버스 소재의 메신저 백,기능에 집중한 디자인과 뮌헨 하우스의 이동성 철학을 결합하여 일상 생활과 업무에서 더욱 효율적으로 활용할 수 있습니다. 시그니처 비세토스와 천연 나파 가죽으로 디자인된 미디엄 Aren 메신저 백은 클래식 수공예에 뿌리를 둔 세련된 아이템입니다.,비세토스 모노그램 캔버스,스웨이드 마감 마이크로파이버 안감,약 10 x 32 x 25 센티미터,대한민국,cognac,M,품절,길이 조절 가능한 패브릭 웨빙 스트랩 | 뒷면 외부 지퍼 포켓 | 자석 탭 클로저 | 내부 지퍼 수납공간 | 바디: 비세토스 모노그램 캔버스 | 트림: 천연 나파 가죽 | 24K 도금 브라스 금속 장식 | 스웨이드 마감 마이크로파이버 안감 | 약 10 x 32 x 25 센티미터 | 스트랩 길이: 79cm~146cm | 제조국: 대한민국,https://images.mcmworldwide.com/i/mcmworldwide/MMMFSTA06CO001_01 | https://images.mcmworldwide.com/i/mcmworldwide/MMMFSTA06CO001_09 | https://images.mcmworldwide.com/i/mcmworldwide/MMMFSTA06CO001_02 | https://images.mcmworldwide.com/i/mcmworldwide/MMMFSTA06CO001_03 | https://images.mcmworldwide.com/i/mcmworldwide/MMMFSTA06CO001_04 | https://images.mcmworldwide.com/i/mcmworldwide/MMMFSTA06CO001_10 | https://images.mcmworldwide.com/i/mcmworldwide/MMMFSTA06CO001_01 | https://images.mcmworldwide.com/i/mcmworldwide/MMMFSTA06CO001_09 | https://images.mcmworldwide.com/i/mcmworldwide/MMMFSTA06CO001_02 | https://images.mcmworldwide.com/i/mcmworldwide/MMMFSTA06CO001_03 | https://images.mcmworldwide.com/i/mcmworldwide/MMMFSTA06CO001_04 | https://images.mcmworldwide.com/i/mcmworldwide/MMMFSTA06CO001_10 | https://images.mcmworldwide.com/i/mcmworldwide/MMMFSTA06CO001_01,https://kr.mcmworldwide.com/ko_KR/%EA%B0%80%EB%B0%A9/%EC%88%84%EB%8D%94%EB%B0%B1-%ED%81%AC%EB%A1%9C%EC%8A%A4%EB%B0%B1/aren-%EB%B9%84%EC%84%B8%ED%86%A0%EC%8A%A4-%EB%A9%94%EC%8B%A0%EC%A0%80/MMMFSTA06CO001.html?cgid=bags-shoulder-crossbody-bags
MMMFSTA06BK001,Aren 비세토스 메신저,,Aren,천연 나파 가죽 트림이 돋보이는 비세토스 모노그램 캔버스 소재의 메신저 백,기능에 집중한 디자인과 뮌헨 하우스의 이동성 철학을 결합하여 일상 생활과 업무에서 더욱 효율적으로 활용할 수 있습니다. 시그니처 비세토스와 천연 나파 가죽으로 디자인된 미디엄 Aren 메신저 백은 클래식 수공예에 뿌리를 둔 세련된 아이템입니다.,비세토스 모노그램 캔버스,스웨이드 마감 마이크로파이버 안감,약 10 x 32 x 25 센티미터,대한민국,black,M,품절,길이 조절 가능한 패브릭 웨빙 스트랩 | 뒷면 외부 지퍼 포켓 | 자석 탭 클로저 | 내부 지퍼 수납공간 | 바디: 비세토스 모노그램 캔버스 | 트림: 천연 나파 가죽 | 앤틱 실버톤 금속 장식 | 스웨이드 마감 마이크로파이버 안감 | 약 10 x 32 x 25 센티미터 | 스트랩 길이: 79cm~146cm | 제조국: 대한민국,https://images.mcmworldwide.com/i/mcmworldwide/MMMFSTA06BK001_01 | https://images.mcmworldwide.com/i/mcmworldwide/MMMFSTA06BK001_09 | https://images.mcmworldwide.com/i/mcmworldwide/MMMFSTA06BK001_02 | https://images.mcmworldwide.com/i/mcmworldwide/MMMFSTA06BK001_03 | https://images.mcmworldwide.com/i/mcmworldwide/MMMFSTA06BK001_04 | https://images.mcmworldwide.com/i/mcmworldwide/MMMFSTA06BK001_10 | https://images.mcmworldwide.com/i/mcmworldwide/MMMFSTA06BK001_01 | https://images.mcmworldwide.com/i/mcmworldwide/MMMFSTA06BK001_09 | https://images.mcmworldwide.com/i/mcmworldwide/MMMFSTA06BK001_02 | https://images.mcmworldwide.com/i/mcmworldwide/MMMFSTA06BK001_03 | https://images.mcmworldwide.com/i/mcmworldwide/MMMFSTA06BK001_04 | https://images.mcmworldwide.com/i/mcmworldwide/MMMFSTA06BK001_10 | https://images.mcmworldwide.com/i/mcmworldwide/MMMFSTA06BK001_01,https://kr.mcmworldwide.com/ko_KR/%EA%B0%80%EB%B0%A9/%EC%88%84%EB%8D%94%EB%B0%B1-%ED%81%AC%EB%A1%9C%EC%8A%A4%EB%B0%B1/aren-%EB%B9%84%EC%84%B8%ED%86%A0%EC%8A%A4-%EB%A9%94%EC%8B%A0%EC%A0%80/MMMFSTA06BK001.html?cgid=bags-shoulder-crossbody-bags
MMMFSTA06K8001,Aren 비세토스 메신저,,Aren,천연 가죽 트림이 더해진 비세토스 모노그램 캔버스 메신저백,"뮌헨 하우스의 시대를 초월한 디자인 철학과 이동성에 대한 가치를 담아낸 미디엄 사이즈 Aren 메신저 백은 일상부터 업무까지 폭넓게 활용할 수 있습니다. 시그니처 비세토스 캔버스와 천연 가죽으로 제작되었으며, 장인정신이 돋보이는 세련된 아이템입니다.",비세토스 모노그램 캔버스,스웨이드 마감의 극세사 안감,약 10 x 32 x 25 센티미터,대한민국,khaki moss,M,품절,길이 조절이 가능한 패브릭 웨빙 스트랩 | 뒷변 외부 지퍼 포켓 | 마그네틱 스냅 클로저 | 내부 지퍼 수납공간 | 바디:비세토스 모노그램 캔버스 | 트림: 천연 나파 가죽 | 실버톤 코발트 메탈 하드웨어 | 스웨이드 마감의 극세사 안감 | 약 10 x 32 x 25 센티미터 | 스트랩 길이: 79cm - 146cm | 제조국: 대한민국,https://images.mcmworldwide.com/i/mcmworldwide/MMMFSTA06K8001_01 | https://images.mcmworldwide.com/i/mcmworldwide/MMMFSTA06K8001_09 | https://images.mcmworldwide.com/i/mcmworldwide/MMMFSTA06K8001_02 | https://images.mcmworldwide.com/i/mcmworldwide/MMMFSTA06K8001_03 | https://images.mcmworldwide.com/i/mcmworldwide/MMMFSTA06K8001_04 | https://images.mcmworldwide.com/i/mcmworldwide/MMMFSTA06K8001_01 | https://images.mcmworldwide.com/i/mcmworldwide/MMMFSTA06K8001_09 | https://images.mcmworldwide.com/i/mcmworldwide/MMMFSTA06K8001_02 | https://images.mcmworldwide.com/i/mcmworldwide/MMMFSTA06K8001_03 | https://images.mcmworldwide.com/i/mcmworldwide/MMMFSTA06K8001_04 | https://images.mcmworldwide.com/i/mcmworldwide/MMMFSTA06K8001_01,https://kr.mcmworldwide.com/ko_KR/%EA%B0%80%EB%B0%A9/%EC%88%84%EB%8D%94%EB%B0%B1-%ED%81%AC%EB%A1%9C%EC%8A%A4%EB%B0%B1/aren-%EB%B9%84%EC%84%B8%ED%86%A0%EC%8A%A4-%EB%A9%94%EC%8B%A0%EC%A0%80/MMMFSTA06K8001.html?cgid=bags-shoulder-crossbody-bags
MMMEATA02CO001,Aren 비세토스 메신저 백,,Aren,천연 나파 가죽 트림이 돋보이는 비세토스 모노그램 캔버스 소재의 메신저 벨트 백,시그니처 비세토스와 나파 가죽 디테일로 제작되었으며 독특한 곡선형 디자인이 특징인 미니 Aren 메신저 백입니다. 가죽 버클형 스트랩 장식이 실루엣의 앞면에 클래식한 터치를 더하고 뒷면의 벨트 고리를 활용해서 컴팩트한 웨이스트 백으로 연출할 수 있습니다.,비세토스 모노그램 캔버스,스웨이드 마감 마이크로파이버 안감,약 5 x 18 x 14 센티미터,대한민국,cognac,미니,품절,탈부착 및 길이 조절 가능한 패브릭 웨빙 스트랩 | 벨트백 착용을 위한 뒷면의 가죽 벨트 고리 | 자석 탭 클로저 | 내부 지퍼 수납공간 및 카드 슬롯 | 바디: 비세토스 모노그램 캔버스 | 트림: 천연 나파 가죽 | 24K 도금 브라스 금속 장식 | 스웨이드 마감 마이크로파이버 안감 | 약 5 x 18 x 14 센티미터 | 스트랩 길이: 85cm~134cm | 제조국: 대한민국,https://images.mcmworldwide.com/i/mcmworldwide/MMMEATA02CO001_01 | https://images.mcmworldwide.com/i/mcmworldwide/MMMEATA02CO001_09 | https://images.mcmworldwide.com/i/mcmworldwide/MMMEATA02CO001_02 | https://images.mcmworldwide.com/i/mcmworldwide/MMMEATA02CO001_03 | https://images.mcmworldwide.com/i/mcmworldwide/MMMEATA02CO001_04 | https://images.mcmworldwide.com/i/mcmworldwide/MMMEATA02CO001_10 | https://images.mcmworldwide.com/i/mcmworldwide/MMMEATA02CO001_11 | https://images.mcmworldwide.com/i/mcmworldwide/MMMEATA02CO001_01 | https://images.mcmworldwide.com/i/mcmworldwide/MMMEATA02CO001_09 | https://images.mcmworldwide.com/i/mcmworldwide/MMMEATA02CO001_02 | https://images.mcmworldwide.com/i/mcmworldwide/MMMEATA02CO001_03 | https://images.mcmworldwide.com/i/mcmworldwide/MMMEATA02CO001_04 | https://images.mcmworldwide.com/i/mcmworldwide/MMMEATA02CO001_10 | https://images.mcmworldwide.com/i/mcmworldwide/MMMEATA02CO001_11 | https://images.mcmworldwide.com/i/mcmworldwide/MMMEATA02CO001_01,https://kr.mcmworldwide.com/ko_KR/%EA%B0%80%EB%B0%A9/%EC%88%84%EB%8D%94%EB%B0%B1-%ED%81%AC%EB%A1%9C%EC%8A%A4%EB%B0%B1/aren-%EB%B9%84%EC%84%B8%ED%86%A0%EC%8A%A4-%EB%A9%94%EC%8B%A0%EC%A0%80-%EB%B0%B1/MMMEATA02CO001.html?cgid=bags-shoulder-crossbody-bags
MMMEATA02K8001,Aren 비세토스 메신저,,Aren,천연 가죽 트림이 더해진 비세토스 모노그램 캔버스 메신저백,"시그니처 비세토스와 독특한 나파 가죽 디테일이 어우러진 미니 Aren 메신저 백은 클래식한 실루엣에 부드러운 곡선을 더해 세련된 변주를 선사합니다. 앞면 가죽 버클 스트랩이 클래식한 감성을 더하며, 뒷면 가죽 벨트 고리를 이용해 크로스바디 백을 벨트 백으로도 연출할 수 있습니다.",비세토스 모노그램 캔버스,스웨이드 마감의 극세사 안감,약 5 x 18 x 14 센티미터,대한민국,khaki moss,미니,품절,탈부착이 가능하며 길이 조절이 가능한 위빙 스트랩 | 뒷면 가죽 벨트 루프 | 마그네틱 탭 클로저 | 내부 지퍼 수납공간과 카드 슬롯 | 바디:비세토스 모노그램 캔버스 | 트림: 천연 나파 가죽 | 실버톤 코발트 메탈 하드웨어 | 스웨이드 마감의 극세사 안감 | 약 5 x 18 x 14 센티미터 | 스트랩 길이: 83cm - 134cm | 제조국: 대한민국,https://images.mcmworldwide.com/i/mcmworldwide/MMMEATA02K8001_01 | https://images.mcmworldwide.com/i/mcmworldwide/MMMEATA02K8001_09 | https://images.mcmworldwide.com/i/mcmworldwide/MMMEATA02K8001_02 | https://images.mcmworldwide.com/i/mcmworldwide/MMMEATA02K8001_03 | https://images.mcmworldwide.com/i/mcmworldwide/MMMEATA02K8001_04 | https://images.mcmworldwide.com/i/mcmworldwide/MMMEATA02K8001_01 | https://images.mcmworldwide.com/i/mcmworldwide/MMMEATA02K8001_09 | https://images.mcmworldwide.com/i/mcmworldwide/MMMEATA02K8001_02 | https://images.mcmworldwide.com/i/mcmworldwide/MMMEATA02K8001_03 | https://images.mcmworldwide.com/i/mcmworldwide/MMMEATA02K8001_04 | https://images.mcmworldwide.com/i/mcmworldwide/MMMEATA02K8001_01,https://kr.mcmworldwide.com/ko_KR/%EA%B0%80%EB%B0%A9/%EC%88%84%EB%8D%94%EB%B0%B1-%ED%81%AC%EB%A1%9C%EC%8A%A4%EB%B0%B1/aren-%EB%B9%84%EC%84%B8%ED%86%A0%EC%8A%A4-%EB%A9%94%EC%8B%A0%EC%A0%80/MMMEATA02K8001.html?cgid=bags-shoulder-crossbody-bags
MMMEATA02BK001,Aren 비세토스 메신저 백,,Aren,천연 나파 가죽 트림이 돋보이는 비세토스 모노그램 캔버스 소재의 메신저 백,시그니처 비세토스와 독특한 나파 가죽 디테일로 제작되었으며 뛰어난 휴대성을 자랑하는 실루엣에 곡선형 엣지를 더한 Aren 메신저 백입니다. 가죽 버클형 스트랩 장식이 실루엣의 앞면에 클래식한 터치를 더하고 뒷면의 가죽 벨트를 활용해서 벨트백으로 연출할 수 있습니다.,비세토스 모노그램 캔버스,스웨이드 마감 마이크로파이버 안감,약 5 x 18 x 14 센티미터,대한민국,black,미니,품절,탈부착 및 길이 조절 가능한 패브릭 웨빙 스트랩 | 뒷면의 가죽 벨트 루프 | 자석 탭 클로저 | 내부 지퍼 수납공간 및 카드 슬롯 | 바디: 비세토스 모노그램 캔버스 | 트림: 천연 나파 가죽 | 앤틱 실버톤 금속 장식 | 스웨이드 마감 마이크로파이버 안감 | 약 5 x 18 x 14 센티미터 | 스트랩 길이: 85cm~134cm | 제조국: 대한민국,https://images.mcmworldwide.com/i/mcmworldwide/MMMEATA02BK001_01 | https://images.mcmworldwide.com/i/mcmworldwide/MMMEATA02BK001_09 | https://images.mcmworldwide.com/i/mcmworldwide/MMMEATA02BK001_02 | https://images.mcmworldwide.com/i/mcmworldwide/MMMEATA02BK001_03 | https://images.mcmworldwide.com/i/mcmworldwide/MMMEATA02BK001_04 | https://images.mcmworldwide.com/i/mcmworldwide/MMMEATA02BK001_10 | https://images.mcmworldwide.com/i/mcmworldwide/MMMEATA02BK001_11 | https://images.mcmworldwide.com/i/mcmworldwide/MMMEATA02BK001_12 | https://images.mcmworldwide.com/i/mcmworldwide/MMMEATA02BK001_01 | https://images.mcmworldwide.com/i/mcmworldwide/MMMEATA02BK001_09 | https://images.mcmworldwide.com/i/mcmworldwide/MMMEATA02BK001_02 | https://images.mcmworldwide.com/i/mcmworldwide/MMMEATA02BK001_03 | https://images.mcmworldwide.com/i/mcmworldwide/MMMEATA02BK001_04 | https://images.mcmworldwide.com/i/mcmworldwide/MMMEATA02BK001_10 | https://images.mcmworldwide.com/i/mcmworldwide/MMMEATA02BK001_11 | https://images.mcmworldwide.com/i/mcmworldwide/MMMEATA02BK001_12 | https://images.mcmworldwide.com/i/mcmworldwide/MMMEATA02BK001_01,https://kr.mcmworldwide.com/ko_KR/%EA%B0%80%EB%B0%A9/%EC%88%84%EB%8D%94%EB%B0%B1-%ED%81%AC%EB%A1%9C%EC%8A%A4%EB%B0%B1/aren-%EB%B9%84%EC%84%B8%ED%86%A0%EC%8A%A4-%EB%A9%94%EC%8B%A0%EC%A0%80-%EB%B0%B1/MMMEATA02BK001.html?cgid=bags-shoulder-crossbody-bags
MMRFAAK01BK001,Diamond 맥시 모노그램 레더 카메라 백,,,맥시 모노그램이 엠보싱 처리된 천연 그레인 가죽 크로스바디백,"정교한 마감과 디테일이 돋보이는 이 스몰 크로스바디 백은 시그니처 비세토스 모노그램을 대담하게 표현한 디자인이 특징입니다. 천연 그레인 가죽 바디에 뮌헨의 바이에른 다이아몬드에서 영감을 받은 기하학적 패턴을 더해 완성도를 높였으며, 세 개의 지퍼 수납 공간은 ‘형태는 기능을 따른다’는 바우하우스의 원칙을 반영해 실용성을 높였습니다.",풀그레인 가죽,코튼 트윌 안감,약 7 x 24 x 17 센티미터,이탈리아,black,S,품절,탈부착이 가능하며 길이 조절이 가능한 위빙 스트랩 | 엠보싱 처리된 맥시 모노그램 | 앞면 지퍼 포켓 | 라우렐 로고 모티프 | 두개의 메인 지퍼 수납공간 | 내부 포켓 | 바디:풀그레인 가죽 | 매트 블랙 & 다크 실버톤 메탈 하드웨어 | 코튼 트윌 안감 | 약 7 x 24 x 17 센티미터 | 스트랩 길이: 81.5 cm - 144 cm | 제조국: 이탈리아,https://images.mcmworldwide.com/i/mcmworldwide/MMRFAAK01BK001_01 | https://images.mcmworldwide.com/i/mcmworldwide/MMRFAAK01BK001_09 | https://images.mcmworldwide.com/i/mcmworldwide/MMRFAAK01BK001_02 | https://images.mcmworldwide.com/i/mcmworldwide/MMRFAAK01BK001_03 | https://images.mcmworldwide.com/i/mcmworldwide/MMRFAAK01BK001_04 | https://images.mcmworldwide.com/i/mcmworldwide/MMRFAAK01BK001_10 | https://images.mcmworldwide.com/i/mcmworldwide/MMRFAAK01BK001_11 | https://images.mcmworldwide.com/i/mcmworldwide/MMRFAAK01BK001_01 | https://images.mcmworldwide.com/i/mcmworldwide/MMRFAAK01BK001_09 | https://images.mcmworldwide.com/i/mcmworldwide/MMRFAAK01BK001_02 | https://images.mcmworldwide.com/i/mcmworldwide/MMRFAAK01BK001_03 | https://images.mcmworldwide.com/i/mcmworldwide/MMRFAAK01BK001_04 | https://images.mcmworldwide.com/i/mcmworldwide/MMRFAAK01BK001_10 | https://images.mcmworldwide.com/i/mcmworldwide/MMRFAAK01BK001_11,https://kr.mcmworldwide.com/ko_KR/%EA%B0%80%EB%B0%A9/%EC%88%84%EB%8D%94%EB%B0%B1-%ED%81%AC%EB%A1%9C%EC%8A%A4%EB%B0%B1/diamond-%EB%A7%A5%EC%8B%9C-%EB%AA%A8%EB%85%B8%EA%B7%B8%EB%9E%A8-%EB%A0%88%EB%8D%94-%EC%B9%B4%EB%A9%94%EB%9D%BC-%EB%B0%B1/MMRFAAK01BK001.html?cgid=bags-shoulder-crossbody-bags
MMRFAAK02CO001,다이아몬드 비세토스 카메라 백,,비세토스,라우렐 로고 모티프와 천연 가죽 트림이 더해진 비세토스 모노그램 캔버스 크로스바디 백,클래식 카메라 백의 현대적인 부활. 이 작은 크로스바디 백은 뮌헨의 바이에른 다이아몬드에서 영감을 받은 기하학적인 가죽 디자인으로 한층 돋보입니다. 세 개의 지퍼 수납공간은 하우스의 실용적인 디자인 철학을 잘 보여줍니다.,비세토스 모노그램 캔버스,코튼 트윌 안감,약 7 x 24 x 17 센티미터,대한민국,cognac,S,품절,탈부착이 가능하며 길이 조절이 가능한 위빙 스트랩 | 뒷면 지퍼 포켓 | 라우렐 로고 모티프 | 앞면 지퍼 포켓 | 메인 지퍼 수납공간과 내부 포켓으로 구성 | 바디:비세토스 모노그램 캔버스 | 트림:천연 가죽 | 24K 골드 도금 브라스 하드웨어 | 코튼 트윌 안감 | 약 7 x 24 x 17 센티미터 | 스트랩 길이: 60 cm | 제조국: 대한민국,https://images.mcmworldwide.com/i/mcmworldwide/MMRFAAK02CO001_01 | https://images.mcmworldwide.com/i/mcmworldwide/MMRFAAK02CO001_09 | https://images.mcmworldwide.com/i/mcmworldwide/MMRFAAK02CO001_02 | https://images.mcmworldwide.com/i/mcmworldwide/MMRFAAK02CO001_03 | https://images.mcmworldwide.com/i/mcmworldwide/MMRFAAK02CO001_04 | https://images.mcmworldwide.com/i/mcmworldwide/MMRFAAK02CO001_10 | https://images.mcmworldwide.com/i/mcmworldwide/MMRFAAK02CO001_01 | https://images.mcmworldwide.com/i/mcmworldwide/MMRFAAK02CO001_09 | https://images.mcmworldwide.com/i/mcmworldwide/MMRFAAK02CO001_02 | https://images.mcmworldwide.com/i/mcmworldwide/MMRFAAK02CO001_03 | https://images.mcmworldwide.com/i/mcmworldwide/MMRFAAK02CO001_04 | https://images.mcmworldwide.com/i/mcmworldwide/MMRFAAK02CO001_10 | https://images.mcmworldwide.com/i/mcmworldwide/MMRFAAK02CO001_01,https://kr.mcmworldwide.com/ko_KR/%EA%B0%80%EB%B0%A9/%EC%88%84%EB%8D%94%EB%B0%B1-%ED%81%AC%EB%A1%9C%EC%8A%A4%EB%B0%B1/%EB%8B%A4%EC%9D%B4%EC%95%84%EB%AA%AC%EB%93%9C-%EB%B9%84%EC%84%B8%ED%86%A0%EC%8A%A4-%EC%B9%B4%EB%A9%94%EB%9D%BC-%EB%B0%B1/MMRFAAK02CO001.html?cgid=bags-shoulder-crossbody-bags
MMRFAAK02BK001,다이아몬드 비세토스 카메라 백,,비세토스,라우렐 로고 모티프와 천연 가죽 트림이 더해진 비세토스 모노그램 캔버스 크로스바디 백,클래식 카메라 백의 현대적인 부활. 이 작은 크로스바디 백은 뮌헨의 바이에른 다이아몬드에서 영감을 받은 기하학적인 가죽 디자인으로 한층 돋보입니다. 세 개의 지퍼 수납공간은 하우스의 실용적인 디자인 철학을 잘 보여줍니다.,비세토스 모노그램 캔버스,코튼 트윌 안감,약 7 x 24 x 17 센티미터,대한민국,black,S,품절,탈부착이 가능하며 길이 조절이 가능한 위빙 스트랩 | 뒷면 지퍼 포켓 | 라우렐 로고 모티프 | 앞면 지퍼 포켓 | 메인 지퍼 수납공간과 내부 포켓으로 구성 | 바디:비세토스 모노그램 캔버스 | 트림:천연 가죽 | 다크 실버톤 코발트 메탈 하드웨어 | 코튼 트윌 안감 | 약 7 x 24 x 17 센티미터 | 스트랩 길이: 60 cm | 제조국: 대한민국,https://images.mcmworldwide.com/i/mcmworldwide/MMRFAAK02BK001_01 | https://images.mcmworldwide.com/i/mcmworldwide/MMRFAAK02BK001_09 | https://images.mcmworldwide.com/i/mcmworldwide/MMRFAAK02BK001_02 | https://images.mcmworldwide.com/i/mcmworldwide/MMRFAAK02BK001_03 | https://images.mcmworldwide.com/i/mcmworldwide/MMRFAAK02BK001_04 | https://images.mcmworldwide.com/i/mcmworldwide/MMRFAAK02BK001_10 | https://images.mcmworldwide.com/i/mcmworldwide/MMRFAAK02BK001_11 | https://images.mcmworldwide.com/i/mcmworldwide/MMRFAAK02BK001_01 | https://images.mcmworldwide.com/i/mcmworldwide/MMRFAAK02BK001_09 | https://images.mcmworldwide.com/i/mcmworldwide/MMRFAAK02BK001_02 | https://images.mcmworldwide.com/i/mcmworldwide/MMRFAAK02BK001_03 | https://images.mcmworldwide.com/i/mcmworldwide/MMRFAAK02BK001_04 | https://images.mcmworldwide.com/i/mcmworldwide/MMRFAAK02BK001_10 | https://images.mcmworldwide.com/i/mcmworldwide/MMRFAAK02BK001_11 | https://images.mcmworldwide.com/i/mcmworldwide/MMRFAAK02BK001_01,https://kr.mcmworldwide.com/ko_KR/%EA%B0%80%EB%B0%A9/%EC%88%84%EB%8D%94%EB%B0%B1-%ED%81%AC%EB%A1%9C%EC%8A%A4%EB%B0%B1/%EB%8B%A4%EC%9D%B4%EC%95%84%EB%AA%AC%EB%93%9C-%EB%B9%84%EC%84%B8%ED%86%A0%EC%8A%A4-%EC%B9%B4%EB%A9%94%EB%9D%BC-%EB%B0%B1/MMRFAAK02BK001.html?cgid=bags-shoulder-crossbody-bags
MMRAAKC02CO001,Aren 비세토스 크로스바디,,Aren,시그니처 비세토스와 나파 가죽으로 제작한 핸즈프리 스타일로 다양한 어드벤처에 적합한 Aren 크로스바디입니다.,Aren 크로스바디는 룩을 돋보이게 하는 필수 액세서리입니다. 글로벌 노마드를 위해 디자인된 정교한 구조는 가벼운 내구성과 자유로운 움직임을 통합합니다.,,코튼 트윌 안감.,약 5 x 22 x 16 센티미터,대한민국,cognac,S,품절,자석 스냅 클로저가 있는 후면 외부 포켓 | 지퍼형 전면 포켓 | 내부 오픈 포켓 2개가 있는 지퍼 여밈 주요 수납공간 | 내부 오픈 포켓 2개가 있는 지퍼 여밈 주요 수납공간 | MCM 로고 플레이트 | 비세토스 모노그램 코티드 캔버스. | 나파 가죽 트림 | 24K 도금 메탈 금속 장식 | 코튼 트윌 안감. | 약 5 x 22 x 16 센티미터 | 스트랩 길이: 80cm~140cm | 제조국: 대한민국,https://images.mcmworldwide.com/i/mcmworldwide/MMRAAKC02CO001_01 | https://images.mcmworldwide.com/i/mcmworldwide/MMRAAKC02CO001_09 | https://images.mcmworldwide.com/i/mcmworldwide/MMRAAKC02CO001_02 | https://images.mcmworldwide.com/i/mcmworldwide/MMRAAKC02CO001_03 | https://images.mcmworldwide.com/i/mcmworldwide/MMRAAKC02CO001_04 | https://images.mcmworldwide.com/i/mcmworldwide/MMRAAKC02CO001_10 | https://images.mcmworldwide.com/i/mcmworldwide/MMRAAKC02CO001_11 | https://images.mcmworldwide.com/i/mcmworldwide/MMRAAKC02CO001_01 | https://images.mcmworldwide.com/i/mcmworldwide/MMRAAKC02CO001_09 | https://images.mcmworldwide.com/i/mcmworldwide/MMRAAKC02CO001_02 | https://images.mcmworldwide.com/i/mcmworldwide/MMRAAKC02CO001_03 | https://images.mcmworldwide.com/i/mcmworldwide/MMRAAKC02CO001_04 | https://images.mcmworldwide.com/i/mcmworldwide/MMRAAKC02CO001_10 | https://images.mcmworldwide.com/i/mcmworldwide/MMRAAKC02CO001_11 | https://images.mcmworldwide.com/i/mcmworldwide/MMRAAKC02CO001_01,https://kr.mcmworldwide.com/ko_KR/%EA%B0%80%EB%B0%A9/%EC%88%84%EB%8D%94%EB%B0%B1-%ED%81%AC%EB%A1%9C%EC%8A%A4%EB%B0%B1/aren-%EB%B9%84%EC%84%B8%ED%86%A0%EC%8A%A4-%ED%81%AC%EB%A1%9C%EC%8A%A4%EB%B0%94%EB%94%94/MMRAAKC02CO001.html?cgid=bags-shoulder-crossbody-bags
MMRAAKC02BK001,Aren 비세토스 크로스바디,,Aren,시그니처 비세토스와 나파 가죽으로 제작한 핸즈프리 스타일로 다양한 어드벤처에 적합한 스몰 Aren 크로스바디입니다.,Aren 크로스바디는 룩을 돋보이게 하는 필수 액세서리입니다. 글로벌 노마드를 위해 디자인된 정교한 구조는 가벼운 내구성과 자유로운 움직임을 통합합니다.,코티드 캔버스,코튼 트윌 안감.,약 5 x 22 x 16 센티미터,대한민국,black,S,품절,자석 스냅 클로저가 있는 후면 외부 포켓 | 지퍼형 전면 포켓 | 내부 오픈 포켓 2개가 있는 지퍼 여밈 주요 수납공간 | 내부 오픈 포켓 2개가 있는 지퍼 여밈 주요 수납공간 | MCM 로고 플레이트 | 비세토스 모노그램 코티드 캔버스. | 나파 가죽 트림 | 코발트 메탈 하드웨어. | 코튼 트윌 안감. | 약 5 x 22 x 16 센티미터 | 스트랩 길이: 80cm~140cm | 제조국: 대한민국 | 소재: 코티드 캔버스,https://images.mcmworldwide.com/i/mcmworldwide/MMRAAKC02BK001_01 | https://images.mcmworldwide.com/i/mcmworldwide/MMRAAKC02BK001_09 | https://images.mcmworldwide.com/i/mcmworldwide/MMRAAKC02BK001_02 | https://images.mcmworldwide.com/i/mcmworldwide/MMRAAKC02BK001_03 | https://images.mcmworldwide.com/i/mcmworldwide/MMRAAKC02BK001_04 | https://images.mcmworldwide.com/i/mcmworldwide/MMRAAKC02BK001_10 | https://images.mcmworldwide.com/i/mcmworldwide/MMRAAKC02BK001_11 | https://images.mcmworldwide.com/i/mcmworldwide/MMRAAKC02BK001_01 | https://images.mcmworldwide.com/i/mcmworldwide/MMRAAKC02BK001_09 | https://images.mcmworldwide.com/i/mcmworldwide/MMRAAKC02BK001_02 | https://images.mcmworldwide.com/i/mcmworldwide/MMRAAKC02BK001_03 | https://images.mcmworldwide.com/i/mcmworldwide/MMRAAKC02BK001_04 | https://images.mcmworldwide.com/i/mcmworldwide/MMRAAKC02BK001_10 | https://images.mcmworldwide.com/i/mcmworldwide/MMRAAKC02BK001_11 | https://images.mcmworldwide.com/i/mcmworldwide/MMRAAKC02BK001_01,https://kr.mcmworldwide.com/ko_KR/%EA%B0%80%EB%B0%A9/%EC%88%84%EB%8D%94%EB%B0%B1-%ED%81%AC%EB%A1%9C%EC%8A%A4%EB%B0%B1/aren-%EB%B9%84%EC%84%B8%ED%86%A0%EC%8A%A4-%ED%81%AC%EB%A1%9C%EC%8A%A4%EB%B0%94%EB%94%94/MMRAAKC02BK001.html?cgid=bags-shoulder-crossbody-bags
MWSGAAK01OQ001,Diamant 3D 카프스킨 숄더백,,,MCM 로고 모티브와 사선 지퍼 클로저를 더한 카프스킨 숄더 백,"바이에른 다이아몬드를 입체적으로 형상화한 이 숄더백은 뮌헨의 상징적인 문양이 지닌 날렵한 각도에서 착안한 지퍼 클로저 디자인이 특징입니다. 정교하게 다듬어진 최고급 카프스킨 소재로 제작되었으며, 기하학적인 호보 실루엣이 제품 특유의 조형미를 더욱 돋보이게 합니다",100% 카프스킨,스웨이드 마감의 극세사 안감,약 11 x 24 x 16 센티미터,이탈리아,orangeade,S,품절,길이 조절이 가능한 가죽 스트랩 | 뒷면 외부 포켓 및 지퍼 수납공간 | MCM 로고 모티프 | 양방향 지퍼 클로저 | 내부 지퍼 수납공간 | 바디:100% 카프스킨 | 24K 골드 도금 브라스 하드웨어 | 스웨이드 마감의 극세사 안감 | 약 11 x 24 x 16 센티미터 | 스트랩 드롭: 55 cm | 제조국: 이탈리아,https://images.mcmworldwide.com/i/mcmworldwide/MWSGAAK01OQ001_01 | https://images.mcmworldwide.com/i/mcmworldwide/MWSGAAK01OQ001_02 | https://images.mcmworldwide.com/i/mcmworldwide/MWSGAAK01OQ001_03 | https://images.mcmworldwide.com/i/mcmworldwide/MWSGAAK01OQ001_04 | https://images.mcmworldwide.com/i/mcmworldwide/MWSGAAK01OQ001_05 | https://images.mcmworldwide.com/i/mcmworldwide/MWSGAAK01OQ001_06 | https://images.mcmworldwide.com/i/mcmworldwide/MWSGAAK01OQ001_01 | https://images.mcmworldwide.com/i/mcmworldwide/MWSGAAK01OQ001_02 | https://images.mcmworldwide.com/i/mcmworldwide/MWSGAAK01OQ001_03 | https://images.mcmworldwide.com/i/mcmworldwide/MWSGAAK01OQ001_04 | https://images.mcmworldwide.com/i/mcmworldwide/MWSGAAK01OQ001_05 | https://images.mcmworldwide.com/i/mcmworldwide/MWSGAAK01OQ001_06,https://kr.mcmworldwide.com/ko_KR/%EA%B0%80%EB%B0%A9/%EC%88%84%EB%8D%94%EB%B0%B1-%ED%81%AC%EB%A1%9C%EC%8A%A4%EB%B0%B1/diamant-3d-%EC%B9%B4%ED%94%84%EC%8A%A4%ED%82%A8-%EC%88%84%EB%8D%94%EB%B0%B1/MWSGAAK01OQ001.html?cgid=bags-shoulder-crossbody-bags
MWSEAAK04CO001,Diamant 3D 비세토스 레더믹스 숄더백,,비세토스,스페인산 송아지 가죽 트림이 있는 비세토스 모노그램 캔버스 소재의 숄더백,바이에른 다이아몬드를 입체적으로 표현한 조각같은 숄더백으로 뮌헨 코드의 예리한 각도에서 영감을 받은 이중 지퍼 클로저가 특징입니다. 비세토스와 스페인산 송아지 가죽으로 제작된 여유로운 실루엣은 편안한 착용감을 선사합니다.,비세토스 모노그램 캔버스,스웨이드 마감 마이크로파이버 안감,약 10 x 24 x 16 센티미터,대한민국,cognac,S,품절,조절 가능한 가죽 어깨 스트랩 | 외부 포켓 및 뒷면 지퍼 수납공간 | 이중 지퍼 클로저 | 상단의 MCM 로고 모티프 | 내부 지퍼 수납공간 | 바디: 비세토스 모노그램 캔버스 | 트림: 스페인산 송아지 가죽 | 24K 도금 브라스 금속 장식 | 스웨이드 마감 마이크로파이버 안감 | 약 10 x 24 x 16 센티미터 | 스트랩 드롭: 55cm. | 제조국: 대한민국,https://images.mcmworldwide.com/i/mcmworldwide/MWSEAAK04CO001_01 | https://images.mcmworldwide.com/i/mcmworldwide/MWSEAAK04CO001_09 | https://images.mcmworldwide.com/i/mcmworldwide/MWSEAAK04CO001_02 | https://images.mcmworldwide.com/i/mcmworldwide/MWSEAAK04CO001_03 | https://images.mcmworldwide.com/i/mcmworldwide/MWSEAAK04CO001_04 | https://images.mcmworldwide.com/i/mcmworldwide/MWSEAAK04CO001_05 | https://images.mcmworldwide.com/i/mcmworldwide/MWSEAAK04CO001_10 | https://images.mcmworldwide.com/i/mcmworldwide/MWSEAAK04CO001_01 | https://images.mcmworldwide.com/i/mcmworldwide/MWSEAAK04CO001_09 | https://images.mcmworldwide.com/i/mcmworldwide/MWSEAAK04CO001_02 | https://images.mcmworldwide.com/i/mcmworldwide/MWSEAAK04CO001_03 | https://images.mcmworldwide.com/i/mcmworldwide/MWSEAAK04CO001_04 | https://images.mcmworldwide.com/i/mcmworldwide/MWSEAAK04CO001_05 | https://images.mcmworldwide.com/i/mcmworldwide/MWSEAAK04CO001_10 | https://images.mcmworldwide.com/i/mcmworldwide/MWSEAAK04CO001_01,https://kr.mcmworldwide.com/ko_KR/%EA%B0%80%EB%B0%A9/%EC%88%84%EB%8D%94%EB%B0%B1-%ED%81%AC%EB%A1%9C%EC%8A%A4%EB%B0%B1/diamant-3d-%EB%B9%84%EC%84%B8%ED%86%A0%EC%8A%A4-%EB%A0%88%EB%8D%94%EB%AF%B9%EC%8A%A4-%EC%88%84%EB%8D%94%EB%B0%B1/MWSEAAK04CO001.html?cgid=bags-shoulder-crossbody-bags
MWSEAAK04BK001,Diamant 3D 비세토스 레더믹스 숄더백,,비세토스,스페인산 송아지 가죽 트림이 더해진 비세토스 모노그램 캔버스 숄더백,"바이에른 다이아몬드를 입체적으로 형상화한 이 숄더백은 비세토스와 스페인산 송아지 가죽이 조화를 이루며 제작되었습니다. 뮌헨 디자인 코드에서 영감을 받은 이중 지퍼 디테일이 적용되어 있으며,유연한 실루엣이 착용자의 몸에 자연스럽게 밀착되어 편안한 착용감을 제공합니다.",비세토스 모노그램 캔버스,스웨이드 마감의 극세사 안감,약 10 x 24 x 16 센티미터,대한민국,black,S,품절,길이 조절이 가능한 가죽 숄더 스트랩 | 외부 포켓과 뒷면 지퍼 수납공간 | MCM 로고 모티프 | 각진 지퍼 클로저 | 내부 지퍼 수납공간 | 바디:비세토스 모노그램 캔버스 | 트림: 스페인산 송아지 가죽 | 실버톤 코발트 메탈 하드웨어 | 스웨이드 마감의 극세사 안감 | 약 10 x 24 x 16 센티미터 | 스트랩 길이: 55 cm | 제조국: 대한민국,https://images.mcmworldwide.com/i/mcmworldwide/MWSEAAK04BK001_01 | https://images.mcmworldwide.com/i/mcmworldwide/MWSEAAK04BK001_09 | https://images.mcmworldwide.com/i/mcmworldwide/MWSEAAK04BK001_02 | https://images.mcmworldwide.com/i/mcmworldwide/MWSEAAK04BK001_03 | https://images.mcmworldwide.com/i/mcmworldwide/MWSEAAK04BK001_04 | https://images.mcmworldwide.com/i/mcmworldwide/MWSEAAK04BK001_05 | https://images.mcmworldwide.com/i/mcmworldwide/MWSEAAK04BK001_06 | https://images.mcmworldwide.com/i/mcmworldwide/MWSEAAK04BK001_10 | https://images.mcmworldwide.com/i/mcmworldwide/MWSEAAK04BK001_01 | https://images.mcmworldwide.com/i/mcmworldwide/MWSEAAK04BK001_09 | https://images.mcmworldwide.com/i/mcmworldwide/MWSEAAK04BK001_02 | https://images.mcmworldwide.com/i/mcmworldwide/MWSEAAK04BK001_03 | https://images.mcmworldwide.com/i/mcmworldwide/MWSEAAK04BK001_04 | https://images.mcmworldwide.com/i/mcmworldwide/MWSEAAK04BK001_05 | https://images.mcmworldwide.com/i/mcmworldwide/MWSEAAK04BK001_06 | https://images.mcmworldwide.com/i/mcmworldwide/MWSEAAK04BK001_10 | https://images.mcmworldwide.com/i/mcmworldwide/MWSEAAK04BK001_01,https://kr.mcmworldwide.com/ko_KR/%EA%B0%80%EB%B0%A9/%EC%88%84%EB%8D%94%EB%B0%B1-%ED%81%AC%EB%A1%9C%EC%8A%A4%EB%B0%B1/diamant-3d-%EB%B9%84%EC%84%B8%ED%86%A0%EC%8A%A4-%EB%A0%88%EB%8D%94%EB%AF%B9%EC%8A%A4-%EC%88%84%EB%8D%94%EB%B0%B1/MWSEAAK04BK001.html?cgid=bags-shoulder-crossbody-bags
MWSEAAK04WT001,Diamant 3D 비세토스 레더믹스 숄더백,,비세토스,스페인산 송아지 가죽 트림이 더해진 비세토스 모노그램 캔버스 숄더백,"바바리안 다이아몬드를 입체적으로 재해석한 이 숄더백은 뮌헨 코드의 예리한 각도에서 영감을 받은 이중 지퍼 클로저로 마감되었습니다. 이탈리아산 송아지가죽을 사용하였으며, 기하학적인 디자인이 조각적인 매력을 더욱 돋보이게 합니다.",비세토스 모노그램 캔버스,스웨이드마감의 극세사 안감,약 10 x 24 x 16 센티미터,대한민국,white,S,품절,길이 조절이 가능한 가죽 숄더 스트랩 | 외부포켓과 뒷면 지퍼 포켓 | MCM 로고 모티프 | 양방향 사선 지퍼 클로저 | Interior zip compartment | 바디:비세토스 모노그램 캔버스 | 트림: 스페인산 송아지 가죽 | 24K 골드 도금 브라스 하드웨어 | 스웨이드마감의 극세사 안감 | 약 10 x 24 x 16 센티미터 | 스트랩 길이: 55cm | 제조국: 대한민국,https://images.mcmworldwide.com/i/mcmworldwide/MWSEAAK04WT001_01 | https://images.mcmworldwide.com/i/mcmworldwide/MWSEAAK04WT001_09 | https://images.mcmworldwide.com/i/mcmworldwide/MWSEAAK04WT001_02 | https://images.mcmworldwide.com/i/mcmworldwide/MWSEAAK04WT001_03 | https://images.mcmworldwide.com/i/mcmworldwide/MWSEAAK04WT001_04 | https://images.mcmworldwide.com/i/mcmworldwide/MWSEAAK04WT001_05 | https://images.mcmworldwide.com/i/mcmworldwide/MWSEAAK04WT001_06 | https://images.mcmworldwide.com/i/mcmworldwide/MWSEAAK04WT001_10 | https://images.mcmworldwide.com/i/mcmworldwide/MWSEAAK04WT001_01 | https://images.mcmworldwide.com/i/mcmworldwide/MWSEAAK04WT001_09 | https://images.mcmworldwide.com/i/mcmworldwide/MWSEAAK04WT001_02 | https://images.mcmworldwide.com/i/mcmworldwide/MWSEAAK04WT001_03 | https://images.mcmworldwide.com/i/mcmworldwide/MWSEAAK04WT001_04 | https://images.mcmworldwide.com/i/mcmworldwide/MWSEAAK04WT001_05 | https://images.mcmworldwide.com/i/mcmworldwide/MWSEAAK04WT001_06 | https://images.mcmworldwide.com/i/mcmworldwide/MWSEAAK04WT001_10 | https://images.mcmworldwide.com/i/mcmworldwide/MWSEAAK04WT001_01,https://kr.mcmworldwide.com/ko_KR/%EA%B0%80%EB%B0%A9/%EC%88%84%EB%8D%94%EB%B0%B1-%ED%81%AC%EB%A1%9C%EC%8A%A4%EB%B0%B1/diamant-3d-%EB%B9%84%EC%84%B8%ED%86%A0%EC%8A%A4-%EB%A0%88%EB%8D%94%EB%AF%B9%EC%8A%A4-%EC%88%84%EB%8D%94%EB%B0%B1/MWSEAAK04WT001.html?cgid=bags-shoulder-crossbody-bags
MWSGAAK02MT001,Diamant 3D 다이아몬드 자카드 숄더백,,,사선 지퍼 클로저와 카프스킨 트림이 조화를 이루는 다이아몬드 모노그램 자카드 숄더 백,바이에른 다이아몬드에서 영감을 받아 완성된 이번 시즌의 Diamant(디아망트) 숄더백은 뮌헨의 상징적인 문양에서 착안한 멀티컬러 자카드 직조 모노그램과 독특한 입체적 디자인이 돋보입니다. 생동감 넘치는 모티프와 카프스킨 가죽의 조화가 선명한 대비를 이루며 강렬한 존재감을 선사합니다.,다이아몬드 모노그램 자카드,스웨이드 마감의 극세사 안감,약 14 x 34 x 23 센티미터,대한민국,multi,M,품절,길이 조절이 가능한 가죽 스트랩 | 뒷면 외부 포켓 및 지퍼 수납공간 | MCM 로고 모티프 | 양방향 지퍼 클로저 | 내부 지퍼 수납공간 | 바디: 다이아몬드 모노그램 자카드 | 트림: 100% 카프스킨 | 24K 골드 도금 브라스 하드웨어 | 스웨이드 마감의 극세사 안감 | 약 14 x 34 x 23 센티미터 | 스트랩 드롭: 50 cm | 제조국: 대한민국,https://images.mcmworldwide.com/i/mcmworldwide/MWSGAAK02MT001_01 | https://images.mcmworldwide.com/i/mcmworldwide/MWSGAAK02MT001_09 | https://images.mcmworldwide.com/i/mcmworldwide/MWSGAAK02MT001_02 | https://images.mcmworldwide.com/i/mcmworldwide/MWSGAAK02MT001_03 | https://images.mcmworldwide.com/i/mcmworldwide/MWSGAAK02MT001_04 | https://images.mcmworldwide.com/i/mcmworldwide/MWSGAAK02MT001_05 | https://images.mcmworldwide.com/i/mcmworldwide/MWSGAAK02MT001_06 | https://images.mcmworldwide.com/i/mcmworldwide/MWSGAAK02MT001_10 | https://images.mcmworldwide.com/i/mcmworldwide/MWSGAAK02MT001_01 | https://images.mcmworldwide.com/i/mcmworldwide/MWSGAAK02MT001_09 | https://images.mcmworldwide.com/i/mcmworldwide/MWSGAAK02MT001_02 | https://images.mcmworldwide.com/i/mcmworldwide/MWSGAAK02MT001_03 | https://images.mcmworldwide.com/i/mcmworldwide/MWSGAAK02MT001_04 | https://images.mcmworldwide.com/i/mcmworldwide/MWSGAAK02MT001_05 | https://images.mcmworldwide.com/i/mcmworldwide/MWSGAAK02MT001_06 | https://images.mcmworldwide.com/i/mcmworldwide/MWSGAAK02MT001_10,https://kr.mcmworldwide.com/ko_KR/%EA%B0%80%EB%B0%A9/%EC%88%84%EB%8D%94%EB%B0%B1-%ED%81%AC%EB%A1%9C%EC%8A%A4%EB%B0%B1/diamant-3d-%EB%8B%A4%EC%9D%B4%EC%95%84%EB%AA%AC%EB%93%9C-%EC%9E%90%EC%B9%B4%EB%93%9C-%EC%88%84%EB%8D%94%EB%B0%B1/MWSGAAK02MT001.html?cgid=bags-shoulder-crossbody-bags
MWSFSAK01BK001,Diamant 3D 카프 레더 숄더백,,,MCM 로고 모티브와 이중 앵글 지퍼 잠금 장치가 돋보이는 이탈리아산 송아지 가죽 숄더백,"바바리안 다이아몬드를 입체적으로 재해석한 이 숄더백은 뮌헨 코드의 예리한 각도에서 영감을 받은 이중 지퍼 클로저로 마감되었습니다. 이탈리아산 송아지가죽을 사용하였으며, 기하학적인 호보 디자인으로 조각적인 느낌을 한층 강조합니다.",이탈리안 카프스킨 레더,스웨이드 마감 마이크로파이버 안감,약 14 x 34 x 23 센티미터,이탈리아,black,M,품절,길이 조절이 가능한 가죽 스트랩 | 뒷면의 외부 포켓과 지퍼 수납공간 | 앞면의 MCM로고 모티브 | 이중 지퍼 클로저 | 내부 지퍼 수납공간 | 바디:이탈리안 카프스킨 레더 | 24K 금 도금 브라스 하드웨어 | 스웨이드 마감 마이크로파이버 안감 | 약 14 x 34 x 23 센티미터 | 스트랩 길이: 50cm | 제조국: 이탈리아,https://images.mcmworldwide.com/i/mcmworldwide/MWSFSAK01BK001_01 | https://images.mcmworldwide.com/i/mcmworldwide/MWSFSAK01BK001_09 | https://images.mcmworldwide.com/i/mcmworldwide/MWSFSAK01BK001_02 | https://images.mcmworldwide.com/i/mcmworldwide/MWSFSAK01BK001_03 | https://images.mcmworldwide.com/i/mcmworldwide/MWSFSAK01BK001_05 | https://images.mcmworldwide.com/i/mcmworldwide/MWSFSAK01BK001_06 | https://images.mcmworldwide.com/i/mcmworldwide/MWSFSAK01BK001_10 | https://images.mcmworldwide.com/i/mcmworldwide/MWSFSAK01BK001_11 | https://images.mcmworldwide.com/i/mcmworldwide/MWSFSAK01BK001_01 | https://images.mcmworldwide.com/i/mcmworldwide/MWSFSAK01BK001_09 | https://images.mcmworldwide.com/i/mcmworldwide/MWSFSAK01BK001_02 | https://images.mcmworldwide.com/i/mcmworldwide/MWSFSAK01BK001_03 | https://images.mcmworldwide.com/i/mcmworldwide/MWSFSAK01BK001_05 | https://images.mcmworldwide.com/i/mcmworldwide/MWSFSAK01BK001_06 | https://images.mcmworldwide.com/i/mcmworldwide/MWSFSAK01BK001_10 | https://images.mcmworldwide.com/i/mcmworldwide/MWSFSAK01BK001_11,https://kr.mcmworldwide.com/ko_KR/%EA%B0%80%EB%B0%A9/%EC%88%84%EB%8D%94%EB%B0%B1-%ED%81%AC%EB%A1%9C%EC%8A%A4%EB%B0%B1/diamant-3d-%EC%B9%B4%ED%94%84-%EB%A0%88%EB%8D%94-%EC%88%84%EB%8D%94%EB%B0%B1/MWSFSAK01BK001.html?cgid=bags-shoulder-crossbody-bags
MWSFSAK02CO001,디아망뜨 3D 비세토스 레더믹스 숄더백,,비세토스,스페인산 송아지 가죽 트림이 있는 비세토스 모노그램 캔버스 소재의 숄더백,바이에른 다이아몬드를 입체적으로 구현한 조각적인 숄더백으로 뮌헨 코드의 각도에서 영감을 받은 이중 지퍼 클로저가 특징입니다. 비세토스와 스페인산 송아지 가죽으로 제작된 여유로운 실루엣은 몸에 밀착되어 더욱 편안한 착용감을 선사합니다.,비세토스 모노그램 캔버스,스웨이드 마감 마이크로파이버 안감,약 14 x 34 x 23 센티미터,대한민국,cognac,M,품절,조절 가능한 가죽 어깨 스트랩 | 외부 포켓 및 뒷면 지퍼 수납공간 | 양방향 사선 지퍼 클로저 | 상단의 MCM 로고 모티프 | 내부 지퍼 수납공간 | 바디: 비세토스 모노그램 캔버스 | 트림: 스페인산 송아지 가죽 | 24K 도금 브라스 금속 장식 | 스웨이드 마감 마이크로파이버 안감 | 약 14 x 34 x 23 센티미터 | 스트랩 길이: 50cm | 제조국: 대한민국,https://images.mcmworldwide.com/i/mcmworldwide/MWSFSAK02CO001_01 | https://images.mcmworldwide.com/i/mcmworldwide/MWSFSAK02CO001_09 | https://images.mcmworldwide.com/i/mcmworldwide/MWSFSAK02CO001_02 | https://images.mcmworldwide.com/i/mcmworldwide/MWSFSAK02CO001_03 | https://images.mcmworldwide.com/i/mcmworldwide/MWSFSAK02CO001_04 | https://images.mcmworldwide.com/i/mcmworldwide/MWSFSAK02CO001_05 | https://images.mcmworldwide.com/i/mcmworldwide/MWSFSAK02CO001_06 | https://images.mcmworldwide.com/i/mcmworldwide/MWSFSAK02CO001_10 | https://images.mcmworldwide.com/i/mcmworldwide/MWSFSAK02CO001_01 | https://images.mcmworldwide.com/i/mcmworldwide/MWSFSAK02CO001_09 | https://images.mcmworldwide.com/i/mcmworldwide/MWSFSAK02CO001_02 | https://images.mcmworldwide.com/i/mcmworldwide/MWSFSAK02CO001_03 | https://images.mcmworldwide.com/i/mcmworldwide/MWSFSAK02CO001_04 | https://images.mcmworldwide.com/i/mcmworldwide/MWSFSAK02CO001_05 | https://images.mcmworldwide.com/i/mcmworldwide/MWSFSAK02CO001_06 | https://images.mcmworldwide.com/i/mcmworldwide/MWSFSAK02CO001_10,https://kr.mcmworldwide.com/ko_KR/%EA%B0%80%EB%B0%A9/%EC%88%84%EB%8D%94%EB%B0%B1-%ED%81%AC%EB%A1%9C%EC%8A%A4%EB%B0%B1/%EB%94%94%EC%95%84%EB%A7%9D%EB%9C%A8-3d-%EB%B9%84%EC%84%B8%ED%86%A0%EC%8A%A4-%EB%A0%88%EB%8D%94%EB%AF%B9%EC%8A%A4-%EC%88%84%EB%8D%94%EB%B0%B1/MWSFSAK02CO001.html?cgid=bags-shoulder-crossbody-bags
MWSEAAK01CK001,Diamant 3D 카프 레더 숄더백,,,이중 사선 지퍼 클로저가 있는 이탈리안 송아지 가죽 숄더백,시그니처 바이에른 다이아몬드를 입체적으로 표현한 유연한 이탈리아산 송아지 가죽 소재 숄더백입니다. 뮌헨 코드의 예리한 각도에서 영감을 받은 이중 지퍼 클로저로 마무리된 여유로운 실루엣은 편안한 착용감을 선사합니다.,나파 송아지 가죽,스웨이드 마감 마이크로파이버 안감,약 16 x 40 x 26 센티미터,이탈리아,terracotta,L,품절,조절 가능한 가죽 어깨 스트랩 | 외부 포켓 및 뒷면 지퍼 수납공간 | 이중 지퍼 클로저 | 상단의 MCM 로고 모티프 | 내부 지퍼 수납공간 | 바디: 나파 송아지 가죽 | 24K 도금 브라스 금속 장식 | 스웨이드 마감 마이크로파이버 안감 | 약 16 x 40 x 26 센티미터 | 스트랩 드롭: 55cm. | 제조국: 이탈리아,https://images.mcmworldwide.com/i/mcmworldwide/MWSEAAK01CK001_01 | https://images.mcmworldwide.com/i/mcmworldwide/MWSEAAK01CK001_09 | https://images.mcmworldwide.com/i/mcmworldwide/MWSEAAK01CK001_02 | https://images.mcmworldwide.com/i/mcmworldwide/MWSEAAK01CK001_03 | https://images.mcmworldwide.com/i/mcmworldwide/MWSEAAK01CK001_04 | https://images.mcmworldwide.com/i/mcmworldwide/MWSEAAK01CK001_05 | https://images.mcmworldwide.com/i/mcmworldwide/MWSEAAK01CK001_06 | https://images.mcmworldwide.com/i/mcmworldwide/MWSEAAK01CK001_10 | https://images.mcmworldwide.com/i/mcmworldwide/MWSEAAK01CK001_11 | https://images.mcmworldwide.com/i/mcmworldwide/MWSEAAK01CK001_12 | https://images.mcmworldwide.com/i/mcmworldwide/MWSEAAK01CK001_01 | https://images.mcmworldwide.com/i/mcmworldwide/MWSEAAK01CK001_09 | https://images.mcmworldwide.com/i/mcmworldwide/MWSEAAK01CK001_02 | https://images.mcmworldwide.com/i/mcmworldwide/MWSEAAK01CK001_03 | https://images.mcmworldwide.com/i/mcmworldwide/MWSEAAK01CK001_04 | https://images.mcmworldwide.com/i/mcmworldwide/MWSEAAK01CK001_05 | https://images.mcmworldwide.com/i/mcmworldwide/MWSEAAK01CK001_06 | https://images.mcmworldwide.com/i/mcmworldwide/MWSEAAK01CK001_10 | https://images.mcmworldwide.com/i/mcmworldwide/MWSEAAK01CK001_11 | https://images.mcmworldwide.com/i/mcmworldwide/MWSEAAK01CK001_12,https://kr.mcmworldwide.com/ko_KR/%EA%B0%80%EB%B0%A9/%EC%88%84%EB%8D%94%EB%B0%B1-%ED%81%AC%EB%A1%9C%EC%8A%A4%EB%B0%B1/diamant-3d-%EC%B9%B4%ED%94%84-%EB%A0%88%EB%8D%94-%EC%88%84%EB%8D%94%EB%B0%B1/MWSEAAK01CK001.html?cgid=bags-shoulder-crossbody-bags
MWRESAK01BK001,Diamond 카프 레더 숄더백,,,퀼티드 바이에른 다이아몬드 모티프와 체인 가죽 믹스 스트랩이 있는 스페인산 송아지 가죽 소재의 숄더백,뮌헨의 상징으로 명망 높은 바이에른 다이아몬드에서 영감을 받은 스페인산 송아지 가죽 소재의 미니 숄더백입니다. ‘형태는 기능을 따른다(form follows function)’라는 바우하우스 디자인 원칙에 충실한 기하학적 모티프가 앞면 플랩 클로저에 정교하게 퀼팅되어 있습니다.,,스웨이드 마감 마이크로파이버 안감,약 5 x 20 x 13 센티미터,대한민국,black,미니,품절,탈부착 가능한 체인 레더 믹스 어깨 스트랩 | 후면 외부 슬립 포켓. | 바이에른 다이아몬드 퀼트 앞면 플랩 | MCM 로고 모티프 | 자석 스냅 클로저 | 내부 지퍼 포켓 및 카드 슬롯 | 스웨이드 마감 마이크로파이버 안감 | 24K 도금 브라스 금속 장식 | 스웨이드 마감 마이크로파이버 안감 | 약 5 x 20 x 13 센티미터 | 스트랩 드롭: 60cm. | 제조국: 대한민국,https://images.mcmworldwide.com/i/mcmworldwide/MWRESAK01BK001_01 | https://images.mcmworldwide.com/i/mcmworldwide/MWRESAK01BK001_09 | https://images.mcmworldwide.com/i/mcmworldwide/MWRESAK01BK001_02 | https://images.mcmworldwide.com/i/mcmworldwide/MWRESAK01BK001_03 | https://images.mcmworldwide.com/i/mcmworldwide/MWRESAK01BK001_04 | https://images.mcmworldwide.com/i/mcmworldwide/MWRESAK01BK001_10 | https://images.mcmworldwide.com/i/mcmworldwide/MWRESAK01BK001_01 | https://images.mcmworldwide.com/i/mcmworldwide/MWRESAK01BK001_09 | https://images.mcmworldwide.com/i/mcmworldwide/MWRESAK01BK001_02 | https://images.mcmworldwide.com/i/mcmworldwide/MWRESAK01BK001_03 | https://images.mcmworldwide.com/i/mcmworldwide/MWRESAK01BK001_04 | https://images.mcmworldwide.com/i/mcmworldwide/MWRESAK01BK001_10,https://kr.mcmworldwide.com/ko_KR/%EA%B0%80%EB%B0%A9/%EC%88%84%EB%8D%94%EB%B0%B1-%ED%81%AC%EB%A1%9C%EC%8A%A4%EB%B0%B1/diamond-%EC%B9%B4%ED%94%84-%EB%A0%88%EB%8D%94-%EC%88%84%EB%8D%94%EB%B0%B1/MWRESAK01BK001.html?cgid=bags-shoulder-crossbody-bags
MWTESAK02BK001,Diamond  엠보스드 레더,,,바이에른 다이아몬드에서 영감을 받은 송아지 가죽 핸들이 있는 그레인 가죽 소재의 직사각형 토트백,"중간 크기 엠보싱 가죽으로 제작된 이 백은 바이에른 다이아몬드의 뚜렷한 형태감에서 영감을 받은 가죽 손잡이가 스페인산 송아지 가죽으로 완성되어 포인트를 더합니다. 직사각형 실루엣에는 깔끔한 마이크로화이버 스웨이드 안감이 더해졌으며, 조절 가능한 가죽 스트랩이 포함되어 편안하면서도 세련된 착용이 가능합니다.",엠보스드 가죽,스웨이드 마감 마이크로파이버 안감,약 11 x 40 x 28 센티미터,대한민국,black,M,품절,"탈부착 및 조절 가능한 가죽 스트랩 | 송아지 가죽 핸들 | 전면에 MCM 로고 모티프. | 지퍼 클로저 | 내부 슬립 포켓 및 지퍼 포켓. | 바디: 엠보스드 가죽 | 트림: 나파 송아지 가죽 | 24K 도금 브라스 금속 장식 | 스웨이드 마감 마이크로파이버 안감 | 약 11 x 40 x 28 센티미터 | 스트랩 길이: 113.5cm~124cm, 핸들 드롭: 5cm | 제조국: 대한민국",https://images.mcmworldwide.com/i/mcmworldwide/MWTESAK02BK001_01 | https://images.mcmworldwide.com/i/mcmworldwide/MWTESAK02BK001_09 | https://images.mcmworldwide.com/i/mcmworldwide/MWTESAK02BK001_02 | https://images.mcmworldwide.com/i/mcmworldwide/MWTESAK02BK001_03 | https://images.mcmworldwide.com/i/mcmworldwide/MWTESAK02BK001_04 | https://images.mcmworldwide.com/i/mcmworldwide/MWTESAK02BK001_10 | https://images.mcmworldwide.com/i/mcmworldwide/MWTESAK02BK001_01 | https://images.mcmworldwide.com/i/mcmworldwide/MWTESAK02BK001_09 | https://images.mcmworldwide.com/i/mcmworldwide/MWTESAK02BK001_02 | https://images.mcmworldwide.com/i/mcmworldwide/MWTESAK02BK001_03 | https://images.mcmworldwide.com/i/mcmworldwide/MWTESAK02BK001_04 | https://images.mcmworldwide.com/i/mcmworldwide/MWTESAK02BK001_10,https://kr.mcmworldwide.com/ko_KR/%EA%B0%80%EB%B0%A9/%EC%88%84%EB%8D%94%EB%B0%B1-%ED%81%AC%EB%A1%9C%EC%8A%A4%EB%B0%B1/diamond--%EC%97%A0%EB%B3%B4%EC%8A%A4%EB%93%9C-%EB%A0%88%EB%8D%94/MWTESAK02BK001.html?cgid=bags-shoulder-crossbody-bags
MWTESAK01CO001,Diamond 비세토스 레더 믹스,,비세토스,송아지 가죽 트림과 바이에른 다이아몬드 모티프 가죽 핸들이 돋보이는 비세토스 토트백입니다.,"오랜 전통의 디자인을 현대적으로 재해석해 멋스러운 디자인과 실용성을 하나로 완성한 이 백은, 바이에른 다이아몬드의 뚜렷한 형태감에서 영감을 받은 가죽 손잡이가 특징입니다. 뮌헨을 대표하는 패턴이 시그니처 비세토스 모노그램 캔버스로 정교하게 제작된 직사각형 실루엣에 세련된 감각을 더합니다.",비세토스 모노그램 캔버스,스웨이드 마감 마이크로파이버 안감,약 11 x 40 x 28 센티미터,대한민국,cognac,M,품절,"탈부착 및 조절 가능한 가죽 스트랩 | 가죽 핸들 | 앞면의 MCM 라우렐 로고 프린트 | 지퍼 클로저 | 내부 슬립 포켓 및 지퍼 포켓. | 바디: 비세토스 모노그램 캔버스 | 트림: 나파 송아지 가죽 | 24K 도금 브라스 금속 장식 | 스웨이드 마감 마이크로파이버 안감 | 약 11 x 40 x 28 센티미터 | 스트랩 길이: 113.5cm~124cm, 핸들 드롭: 5cm | 제조국: 대한민국",https://images.mcmworldwide.com/i/mcmworldwide/MWTESAK01CO001_01 | https://images.mcmworldwide.com/i/mcmworldwide/MWTESAK01CO001_09 | https://images.mcmworldwide.com/i/mcmworldwide/MWTESAK01CO001_02 | https://images.mcmworldwide.com/i/mcmworldwide/MWTESAK01CO001_03 | https://images.mcmworldwide.com/i/mcmworldwide/MWTESAK01CO001_04 | https://images.mcmworldwide.com/i/mcmworldwide/MWTESAK01CO001_10 | https://images.mcmworldwide.com/i/mcmworldwide/MWTESAK01CO001_01 | https://images.mcmworldwide.com/i/mcmworldwide/MWTESAK01CO001_09 | https://images.mcmworldwide.com/i/mcmworldwide/MWTESAK01CO001_02 | https://images.mcmworldwide.com/i/mcmworldwide/MWTESAK01CO001_03 | https://images.mcmworldwide.com/i/mcmworldwide/MWTESAK01CO001_04 | https://images.mcmworldwide.com/i/mcmworldwide/MWTESAK01CO001_10,https://kr.mcmworldwide.com/ko_KR/%EA%B0%80%EB%B0%A9/%EC%88%84%EB%8D%94%EB%B0%B1-%ED%81%AC%EB%A1%9C%EC%8A%A4%EB%B0%B1/diamond-%EB%B9%84%EC%84%B8%ED%86%A0%EC%8A%A4-%EB%A0%88%EB%8D%94-%EB%AF%B9%EC%8A%A4/MWTESAK01CO001.html?cgid=bags-shoulder-crossbody-bags
MWTESAK04CO001,Diamond 비세토스 레더 믹스,,비세토스,송아지 가죽 트림과 바이에른 다이아몬드 모티프 가죽 핸들이 돋보이는 비세토스 토트백입니다.,"오랜 전통의 디자인을 현대적으로 재해석해 멋스러운 디자인과 실용성을 하나로 완성한 이 백은, 바이에른 다이아몬드의 뚜렷한 형태감에서 영감을 받은 가죽 손잡이가 특징입니다. 뮌헨을 대표하는 패턴이 시그니처 비세토스 모노그램 캔버스로 정교하게 제작된 직사각형 실루엣에 세련된 감각을 더합니다.",비세토스 모노그램 캔버스,스웨이드 마감 마이크로파이버 안감,약 9 x 57 x 37 센티미터,대한민국,cognac,X라지,품절,송아지 가죽 핸들 | 앞면의 MCM 라우렐 로고 프린트 | 지퍼 클로저 | 내부 슬립 포켓 및 지퍼 포켓. | 바디: 비세토스 모노그램 캔버스 | 트림: 나파 송아지 가죽 | 24K 도금 브라스 금속 장식 | 스웨이드 마감 마이크로파이버 안감 | 약 9 x 57 x 37 센티미터 | 핸들 드롭: 8cm | 제조국: 대한민국,https://images.mcmworldwide.com/i/mcmworldwide/MWTESAK04CO001_01 | https://images.mcmworldwide.com/i/mcmworldwide/MWTESAK04CO001_09 | https://images.mcmworldwide.com/i/mcmworldwide/MWTESAK04CO001_02 | https://images.mcmworldwide.com/i/mcmworldwide/MWTESAK04CO001_03 | https://images.mcmworldwide.com/i/mcmworldwide/MWTESAK04CO001_04 | https://images.mcmworldwide.com/i/mcmworldwide/MWTESAK04CO001_10 | https://images.mcmworldwide.com/i/mcmworldwide/MWTESAK04CO001_01 | https://images.mcmworldwide.com/i/mcmworldwide/MWTESAK04CO001_09 | https://images.mcmworldwide.com/i/mcmworldwide/MWTESAK04CO001_02 | https://images.mcmworldwide.com/i/mcmworldwide/MWTESAK04CO001_03 | https://images.mcmworldwide.com/i/mcmworldwide/MWTESAK04CO001_04 | https://images.mcmworldwide.com/i/mcmworldwide/MWTESAK04CO001_10,https://kr.mcmworldwide.com/ko_KR/%EA%B0%80%EB%B0%A9/%EC%88%84%EB%8D%94%EB%B0%B1-%ED%81%AC%EB%A1%9C%EC%8A%A4%EB%B0%B1/diamond-%EB%B9%84%EC%84%B8%ED%86%A0%EC%8A%A4-%EB%A0%88%EB%8D%94-%EB%AF%B9%EC%8A%A4/MWTESAK04CO001.html?cgid=bags-shoulder-crossbody-bags
MWRAAVI01CO001,비세토스 오리지널 락스타 베니티 케이스,,비세토스,천연 나파 가죽 트림이 돋보이는 비세토스 모노그램 캔버스 베니티 케이스,타임리스한 디자인과 정교한 수공예가 완벽하게 조화를 이루는 락스타는 국경을 초월하여 명성을 얻고 있습니다. 가벼운 실루엣에 크로스바디 가죽 스트랩과 유연한 가죽 핸들이 함께 제공되어 두 가지 방식으로 스타일링할 수 있습니다.,탈부착 및 조절 가능한 크로스바디 가죽 스트랩,스웨이드 마감 마이크로파이버 안감,약 10 x 20 x 11 센티미터,대한민국,cognac,미니,품절,나파 가죽 트림 | 탈부착 및 조절 가능한 크로스바디 가죽 스트랩 | 가죽 손잡이 부분 | 전면의 MCM 로고 플레이트 | 지퍼 어라운드 클로저. | 내부 포켓 및 카드 슬롯 | 24K 금 도금 하드웨어 | 바디: 비세토스 모노그램 캔버스 | 트림: 천연 나파 가죽 | 24K 도금 메탈 금속 장식 | 스웨이드 마감 마이크로파이버 안감 | 약 10 x 20 x 11 센티미터 | 스트랩 길이: 105cm~121cm | 제조국: 대한민국,https://images.mcmworldwide.com/i/mcmworldwide/MWRAAVI01CO001_01 | https://images.mcmworldwide.com/i/mcmworldwide/MWRAAVI01CO001_09 | https://images.mcmworldwide.com/i/mcmworldwide/MWRAAVI01CO001_02 | https://images.mcmworldwide.com/i/mcmworldwide/MWRAAVI01CO001_03 | https://images.mcmworldwide.com/i/mcmworldwide/MWRAAVI01CO001_04 | https://images.mcmworldwide.com/i/mcmworldwide/MWRAAVI01CO001_10 | https://images.mcmworldwide.com/i/mcmworldwide/MWRAAVI01CO001_01 | https://images.mcmworldwide.com/i/mcmworldwide/MWRAAVI01CO001_09 | https://images.mcmworldwide.com/i/mcmworldwide/MWRAAVI01CO001_02 | https://images.mcmworldwide.com/i/mcmworldwide/MWRAAVI01CO001_03 | https://images.mcmworldwide.com/i/mcmworldwide/MWRAAVI01CO001_04 | https://images.mcmworldwide.com/i/mcmworldwide/MWRAAVI01CO001_10,https://kr.mcmworldwide.com/ko_KR/%EA%B0%80%EB%B0%A9/%EC%88%84%EB%8D%94%EB%B0%B1-%ED%81%AC%EB%A1%9C%EC%8A%A4%EB%B0%B1/%EB%B9%84%EC%84%B8%ED%86%A0%EC%8A%A4-%EC%98%A4%EB%A6%AC%EC%A7%80%EB%84%90-%EB%9D%BD%EC%8A%A4%ED%83%80-%EB%B2%A0%EB%8B%88%ED%8B%B0-%EC%BC%80%EC%9D%B4%EC%8A%A4/MWRAAVI01CO001.html?cgid=bags-shoulder-crossbody-bags
MWDESAC03DG001,Himmel 시퀸 드로우스트링 백,,,시퀸 장식과 천연 나파 가죽 트림이 돋보이는 버켓백,시퀸으로 화사한 반짝임을 더하고 천연 나파 가죽으로 포인트를 더한 미니 패브릭 드로우스트링 백입니다. 은은하게 빛나는 실루엣의 조절 가능한 가죽 어깨 스트랩을 확장하여 원하는 길이로 편안하게 착용할 수 있습니다.,이탈리아산 원단,,약 11 x 16 x 20 센티미터,이탈리아,gold,미니,품절,"조절 가능한 어깨 스트랩 | 가죽 손잡이 부분 | 멀티 컬러 시퀸 장식 | 로고 엠보스드 레더 다이아몬드 행택 | 드로우스트링 클로저 | 바디: 이탈리아산 원단 | 트림: 천연 나파 가죽 | 약 11 x 16 x 20 센티미터 | 스트랩 길이: 60cm, 핸들 드롭: 10cm | 제조국: 이탈리아",https://images.mcmworldwide.com/i/mcmworldwide/MWDESAC03DG001_01 | https://images.mcmworldwide.com/i/mcmworldwide/MWDESAC03DG001_09 | https://images.mcmworldwide.com/i/mcmworldwide/MWDESAC03DG001_02 | https://images.mcmworldwide.com/i/mcmworldwide/MWDESAC03DG001_03 | https://images.mcmworldwide.com/i/mcmworldwide/MWDESAC03DG001_04 | https://images.mcmworldwide.com/i/mcmworldwide/MWDESAC03DG001_10 | https://images.mcmworldwide.com/i/mcmworldwide/MWDESAC03DG001_01 | https://images.mcmworldwide.com/i/mcmworldwide/MWDESAC03DG001_09 | https://images.mcmworldwide.com/i/mcmworldwide/MWDESAC03DG001_02 | https://images.mcmworldwide.com/i/mcmworldwide/MWDESAC03DG001_03 | https://images.mcmworldwide.com/i/mcmworldwide/MWDESAC03DG001_04 | https://images.mcmworldwide.com/i/mcmworldwide/MWDESAC03DG001_10,https://kr.mcmworldwide.com/ko_KR/%EA%B0%80%EB%B0%A9/%EC%88%84%EB%8D%94%EB%B0%B1-%ED%81%AC%EB%A1%9C%EC%8A%A4%EB%B0%B1/himmel-%EC%8B%9C%ED%80%B8-%EB%93%9C%EB%A1%9C%EC%9A%B0%EC%8A%A4%ED%8A%B8%EB%A7%81-%EB%B0%B1/MWDESAC03DG001.html?cgid=bags-shoulder-crossbody-bags
MWSESAC05DG001,Himmel 시퀸 숄더백,,,나파 양가죽 트림과 체인 링크 스트랩이 돋보이는 시퀸 장식 숄더백,우아한 체인 스트랩이 포함되어 있으며 실버톤 및 골드톤 시퀸으로 장식된 Himmel 숄더백입니다. 양가죽으로 포인트를 더했으며 도금 라우렐 엠블럼 클로저로 반짝이는 실루엣을 여밀 수 있습니다.,시퀸 장식 패브릭,스웨이드 마감 마이크로파이버 안감,약 6 x 24 x 12 센티미터,대한민국,gold,S,품절,체인 스트랩 | 라우렐 로고 클로저 | 내부 카드 슬롯 | 바디: 시퀸 장식 패브릭 | 트림: 나파 양가죽 | 24K 도금 브라스 금속 장식 | 스웨이드 마감 마이크로파이버 안감 | 약 6 x 24 x 12 센티미터 | 스트랩 길이: 55cm | 제조국: 대한민국,https://images.mcmworldwide.com/i/mcmworldwide/MWSESAC05DG001_01 | https://images.mcmworldwide.com/i/mcmworldwide/MWSESAC05DG001_09 | https://images.mcmworldwide.com/i/mcmworldwide/MWSESAC05DG001_02 | https://images.mcmworldwide.com/i/mcmworldwide/MWSESAC05DG001_03 | https://images.mcmworldwide.com/i/mcmworldwide/MWSESAC05DG001_04 | https://images.mcmworldwide.com/i/mcmworldwide/MWSESAC05DG001_10 | https://images.mcmworldwide.com/i/mcmworldwide/MWSESAC05DG001_11 | https://images.mcmworldwide.com/i/mcmworldwide/MWSESAC05DG001_01 | https://images.mcmworldwide.com/i/mcmworldwide/MWSESAC05DG001_09 | https://images.mcmworldwide.com/i/mcmworldwide/MWSESAC05DG001_02 | https://images.mcmworldwide.com/i/mcmworldwide/MWSESAC05DG001_03 | https://images.mcmworldwide.com/i/mcmworldwide/MWSESAC05DG001_04 | https://images.mcmworldwide.com/i/mcmworldwide/MWSESAC05DG001_10 | https://images.mcmworldwide.com/i/mcmworldwide/MWSESAC05DG001_11,https://kr.mcmworldwide.com/ko_KR/%EA%B0%80%EB%B0%A9/%EC%88%84%EB%8D%94%EB%B0%B1-%ED%81%AC%EB%A1%9C%EC%8A%A4%EB%B0%B1/himmel-%EC%8B%9C%ED%80%B8-%EC%88%84%EB%8D%94%EB%B0%B1/MWSESAC05DG001.html?cgid=bags-shoulder-crossbody-bags
MMRAAKC03CO001,Aren 비세토스 크로스바디,,Aren,시그니처 비세토스와 나파 가죽으로 제작한 핸즈프리 스타일로 다양한 어드벤처에 적합한 Aren 크로스바디입니다.,Aren 크로스바디는 룩을 돋보이게 하는 필수 액세서리입니다. 글로벌 노마드를 위해 제작한 아이템입니다. 가벼운 구조가 더욱 자유로운 활동성을 선사합니다.,,코튼 트윌 라이닝,약 5 x 17 x 13 센티미터,대한민국,cognac,엑스트라 미니,품절,나파 가죽 트림 | 지퍼형 전면 포켓 | 내부 오픈 포켓이 있는 지퍼 여밈 주요 수납공간 | MCM 로고 플레이트 | 24K 도금 금속 장식 | 나파 가죽 트림 | MCM 로고 플레이트. | 코튼 트윌 라이닝 | 약 5 x 17 x 13 센티미터 | 스트랩 길이: 79cm~138cm | 제조국: 대한민국 | 코티드 캔버스,https://images.mcmworldwide.com/i/mcmworldwide/MMRAAKC03CO001_01 | https://images.mcmworldwide.com/i/mcmworldwide/MMRAAKC03CO001_09 | https://images.mcmworldwide.com/i/mcmworldwide/MMRAAKC03CO001_02 | https://images.mcmworldwide.com/i/mcmworldwide/MMRAAKC03CO001_03 | https://images.mcmworldwide.com/i/mcmworldwide/MMRAAKC03CO001_04 | https://images.mcmworldwide.com/i/mcmworldwide/MMRAAKC03CO001_10 | https://images.mcmworldwide.com/i/mcmworldwide/MMRAAKC03CO001_01 | https://images.mcmworldwide.com/i/mcmworldwide/MMRAAKC03CO001_09 | https://images.mcmworldwide.com/i/mcmworldwide/MMRAAKC03CO001_02 | https://images.mcmworldwide.com/i/mcmworldwide/MMRAAKC03CO001_03 | https://images.mcmworldwide.com/i/mcmworldwide/MMRAAKC03CO001_04 | https://images.mcmworldwide.com/i/mcmworldwide/MMRAAKC03CO001_10,https://kr.mcmworldwide.com/ko_KR/%EA%B0%80%EB%B0%A9/%EC%88%84%EB%8D%94%EB%B0%B1-%ED%81%AC%EB%A1%9C%EC%8A%A4%EB%B0%B1/aren-%EB%B9%84%EC%84%B8%ED%86%A0%EC%8A%A4-%ED%81%AC%EB%A1%9C%EC%8A%A4%EB%B0%94%EB%94%94/MMRAAKC03CO001.html?cgid=bags-shoulder-crossbody-bags
MMRESKK02BK001,Klassik 맥시 모노그램 레더 크로스바디,,,엠보스드 맥시 모노그램이 돋보이는 천연 가죽 소재의 크로스바디 백,현대 사회를 살아가는 글로벌 노마드의 이동성을 중시하는 사고방식을 간결한 형태로 구현한 Klassik 크로스바디 백입니다. 천연 나파 가죽으로 제작된 실루엣에 고급스러운 버전의 명망 높은 비세토스 모노그램이 새겨져 있습니다.,조절 가능한 가죽 크로스바디 스트랩,스웨이드 마감 마이크로파이버 안감,약 5 x 18 x 22 센티미터,대한민국,black,미니,품절,조절 가능한 가죽 크로스바디 스트랩 | 엠보스드 맥시 모노그램 | 후면 외부 슬립 포켓. | 지퍼 클로저 | 내부 슬립 포켓 및 지퍼 포켓. | 바디: 천연 나파 가죽 | 매트 블랙 메탈 하드웨어. | 스웨이드 마감 마이크로파이버 안감 | 약 5 x 18 x 22 센티미터 | 스트랩 길이: 125.5cm ~ 149.5cm | 제조국: 대한민국,https://images.mcmworldwide.com/i/mcmworldwide/MMRESKK02BK001_01 | https://images.mcmworldwide.com/i/mcmworldwide/MMRESKK02BK001_09 | https://images.mcmworldwide.com/i/mcmworldwide/MMRESKK02BK001_02 | https://images.mcmworldwide.com/i/mcmworldwide/MMRESKK02BK001_03 | https://images.mcmworldwide.com/i/mcmworldwide/MMRESKK02BK001_04 | https://images.mcmworldwide.com/i/mcmworldwide/MMRESKK02BK001_10 | https://images.mcmworldwide.com/i/mcmworldwide/MMRESKK02BK001_01 | https://images.mcmworldwide.com/i/mcmworldwide/MMRESKK02BK001_09 | https://images.mcmworldwide.com/i/mcmworldwide/MMRESKK02BK001_02 | https://images.mcmworldwide.com/i/mcmworldwide/MMRESKK02BK001_03 | https://images.mcmworldwide.com/i/mcmworldwide/MMRESKK02BK001_04 | https://images.mcmworldwide.com/i/mcmworldwide/MMRESKK02BK001_10 | https://images.mcmworldwide.com/i/mcmworldwide/MMRESKK02BK001_01,https://kr.mcmworldwide.com/ko_KR/%EA%B0%80%EB%B0%A9/%EC%88%84%EB%8D%94%EB%B0%B1-%ED%81%AC%EB%A1%9C%EC%8A%A4%EB%B0%B1/klassik-%EB%A7%A5%EC%8B%9C-%EB%AA%A8%EB%85%B8%EA%B7%B8%EB%9E%A8-%EB%A0%88%EB%8D%94-%ED%81%AC%EB%A1%9C%EC%8A%A4%EB%B0%94%EB%94%94/MMRESKK02BK001.html?cgid=bags-shoulder-crossbody-bags
MMRESKK02VC001,Klassik 맥시 모노그램 레더 크로스바디,,,엠보스드 맥시 모노그램이 돋보이는 천연 나파 가죽 크로스바디 백,클라식 크로스바디 백은 뮌헨 하우스의 이동성을 중요시하는 마인드를 간결한 형태로 구현한 것이 특징입니다. 천연 나파 가죽으로 제작된 기하학적인 실루엣에 시그니처 비세토스 모노그램을 업그레이드하여 각인한 디자인이 돋보입니다.,조절 가능한 가죽 크로스바디 스트랩,스웨이드 마감 마이크로파이버 안감,약 5 x 18 x 22 센티미터,대한민국,navy blazer,미니,품절,조절 가능한 가죽 크로스바디 스트랩 | 엠보스드 맥시 모노그램 | 뒷면 외부 포켓 | 지퍼 클로저 | 내부 포켓 및 지퍼 수납공간 | 바디: 천연 나파 가죽 | 실버톤 코발트 금속 장식 | 스웨이드 마감 마이크로파이버 안감 | 약 5 x 18 x 22 센티미터 | 스트랩 길이: 124cm~148cm | 제조국: 대한민국,https://images.mcmworldwide.com/i/mcmworldwide/MMRESKK02VC001_01 | https://images.mcmworldwide.com/i/mcmworldwide/MMRESKK02VC001_09 | https://images.mcmworldwide.com/i/mcmworldwide/MMRESKK02VC001_02 | https://images.mcmworldwide.com/i/mcmworldwide/MMRESKK02VC001_03 | https://images.mcmworldwide.com/i/mcmworldwide/MMRESKK02VC001_04 | https://images.mcmworldwide.com/i/mcmworldwide/MMRESKK02VC001_10 | https://images.mcmworldwide.com/i/mcmworldwide/MMRESKK02VC001_01 | https://images.mcmworldwide.com/i/mcmworldwide/MMRESKK02VC001_09 | https://images.mcmworldwide.com/i/mcmworldwide/MMRESKK02VC001_02 | https://images.mcmworldwide.com/i/mcmworldwide/MMRESKK02VC001_03 | https://images.mcmworldwide.com/i/mcmworldwide/MMRESKK02VC001_04 | https://images.mcmworldwide.com/i/mcmworldwide/MMRESKK02VC001_10 | https://images.mcmworldwide.com/i/mcmworldwide/MMRESKK02VC001_01,https://kr.mcmworldwide.com/ko_KR/%EA%B0%80%EB%B0%A9/%EC%88%84%EB%8D%94%EB%B0%B1-%ED%81%AC%EB%A1%9C%EC%8A%A4%EB%B0%B1/klassik-%EB%A7%A5%EC%8B%9C-%EB%AA%A8%EB%85%B8%EA%B7%B8%EB%9E%A8-%EB%A0%88%EB%8D%94-%ED%81%AC%EB%A1%9C%EC%8A%A4%EB%B0%94%EB%94%94/MMRESKK02VC001.html?cgid=bags-shoulder-crossbody-bags
MWSCSLM02BK001,Travia 크러쉬드 레더 퀼티드 숄더백,,,건축학적인 MCM 로고가 이 퀼티드 레더 숄더백에 구조적인 세련미를 더합니다.,다이내믹하고 기하학적인 라인이 디스트레스드 레더에 퀼팅된 이탈리아 가죽 라지 숄더백입니다. 스웨이드 마감 마이크로파이버로 안감을 댄 내부의 아주 부드러운 촉감이 외부와 대비를 이룹니다. 다면적인 MCM 로고 매트 블랙 메탈 잠금 장치가 아이템에 새로운 차원의 깊이감을 선사합니다.,,스웨이드 마감 마이크로파이버 안감,약 15 x 38 x 27 센티미터,이탈리아,black,L,품절,체인 스트랩 | 뒷면 외부 슬립 포켓 | MCM 로고 잠금 장치 | 전면 포켓 | 내부 지퍼 포켓 | 크러쉬드 이탈리안 가죽 | 매트 블랙 금속 장식 | 스웨이드 마감 마이크로파이버 안감 | 약 15 x 38 x 27 센티미터 | 스트랩 길이: 55cm | 제조국: 이탈리아,https://images.mcmworldwide.com/i/mcmworldwide/MWSCSLM02BK001_01 | https://images.mcmworldwide.com/i/mcmworldwide/MWSCSLM02BK001_09 | https://images.mcmworldwide.com/i/mcmworldwide/MWSCSLM02BK001_02 | https://images.mcmworldwide.com/i/mcmworldwide/MWSCSLM02BK001_03 | https://images.mcmworldwide.com/i/mcmworldwide/MWSCSLM02BK001_04 | https://images.mcmworldwide.com/i/mcmworldwide/MWSCSLM02BK001_10 | https://images.mcmworldwide.com/i/mcmworldwide/MWSCSLM02BK001_01 | https://images.mcmworldwide.com/i/mcmworldwide/MWSCSLM02BK001_09 | https://images.mcmworldwide.com/i/mcmworldwide/MWSCSLM02BK001_02 | https://images.mcmworldwide.com/i/mcmworldwide/MWSCSLM02BK001_03 | https://images.mcmworldwide.com/i/mcmworldwide/MWSCSLM02BK001_04 | https://images.mcmworldwide.com/i/mcmworldwide/MWSCSLM02BK001_10,https://kr.mcmworldwide.com/ko_KR/%EA%B0%80%EB%B0%A9/%EC%88%84%EB%8D%94%EB%B0%B1-%ED%81%AC%EB%A1%9C%EC%8A%A4%EB%B0%B1/travia-%ED%81%AC%EB%9F%AC%EC%89%AC%EB%93%9C-%EB%A0%88%EB%8D%94-%ED%80%BC%ED%8B%B0%EB%93%9C-%EC%88%84%EB%8D%94%EB%B0%B1/MWSCSLM02BK001.html?cgid=bags-shoulder-crossbody-bags
MMRGAUP01BK001,MCM X ATEEZ with MINGI Aren 비세토스 크로스바디,,Aren,민기의 시그니처 ‘FIX ON’ 디테일과 ATEEZ 로고가 돋보이는 비세토스 크로스바디,민기의 시그니처 트레이드마크 ‘FIX ON’ 디테일이 적용된 아렌 크로스바디 백은 자유로운 움직임과 자기 표현의 무드를 담아냅니다. 가벼운 비세토스 모노그램 실루엣에 ATEEZ 로고 디테일을 더해 컬렉션만의 감각적인 아이덴티티를 완성했습니다.,탈부착 및 길이 조절 가능한 크로스바디 스트랩,코튼 트윌 안감,약 5 x 22 x 16 센티미터,대한민국,black,S,품절,탈부착 및 길이 조절 가능한 크로스바디 스트랩 | 앞면의 ‘FIX ON’ 그래픽 디테일 | 뒷면의 ATEEZ 로고 디테일 | 마그네틱 스냅 클로저의 외부 후면 포켓 | 앞면 지퍼 포켓 | 로고 브라스 플레이트 | 지퍼 클로저 | 2개의 내부 슬립 포켓 | 바디:비세토스 모노그램 캔버스 | 트림: 나파 가죽 | 실버톤 코발트 메탈 하드웨어 | 코튼 트윌 안감 | 약 5 x 22 x 16 센티미터 | 스트랩 길이: 80 cm - 140 cm | 제조국: 대한민국,https://images.mcmworldwide.com/i/mcmworldwide/MMRGAUP01BK001_01 | https://images.mcmworldwide.com/i/mcmworldwide/MMRGAUP01BK001_02 | https://images.mcmworldwide.com/i/mcmworldwide/MMRGAUP01BK001_03 | https://images.mcmworldwide.com/i/mcmworldwide/MMRGAUP01BK001_04 | https://images.mcmworldwide.com/i/mcmworldwide/MMRGAUP01BK001_05 | https://images.mcmworldwide.com/i/mcmworldwide/MMRGAUP01BK001_01 | https://images.mcmworldwide.com/i/mcmworldwide/MMRGAUP01BK001_02 | https://images.mcmworldwide.com/i/mcmworldwide/MMRGAUP01BK001_03 | https://images.mcmworldwide.com/i/mcmworldwide/MMRGAUP01BK001_04 | https://images.mcmworldwide.com/i/mcmworldwide/MMRGAUP01BK001_05,https://kr.mcmworldwide.com/ko_KR/%EA%B0%80%EB%B0%A9/%EC%88%84%EB%8D%94%EB%B0%B1-%ED%81%AC%EB%A1%9C%EC%8A%A4%EB%B0%B1/mcm-x-ateez-with-mingi-aren-%EB%B9%84%EC%84%B8%ED%86%A0%EC%8A%A4-%ED%81%AC%EB%A1%9C%EC%8A%A4%EB%B0%94%EB%94%94/MMRGAUP01BK001.html?cgid=bags-shoulder-crossbody-bags
MWRGSTA03BK001,Aren 비세토스 숄더백,,Aren,체인 스트랩과 천연 가죽 트림이 더해진 비세토스 모노그램 캔버스 숄더백,클래식 비세토스 캔버스와 천연 나파 가죽으로 제작된 미니 체인 숄더 백으로 간결한 실루엣 속에 우아한 감성을 담고 있습니다. 뮌헨 하우스의 상징인 로고 각인 브라스 플레이트는 헤리티지 무드를 더합니다.,비세토스 모노그램 캔버스,스웨이드 마감의 극세사 안감,약 6 x 21 x 11 센티미터,대한민국,black,엑스트라 미니,품절,체인 스트랩 | 뒷면의 외부 포켓 | 로고 브라스 플레이트 | 마그네틱 스냅 클로저 | 내부 지퍼 포켓과 카드 슬롯 | 바디:비세토스 모노그램 캔버스 | 트림:천연 가죽 | 실버톤 코발트 브라스 하드웨어 | 스웨이드 마감의 극세사 안감 | 약 6 x 21 x 11 센티미터 | 스트랩 드롭: 55 cm | 제조국: 대한민국,https://images.mcmworldwide.com/i/mcmworldwide/MWRGSTA03BK001_01 | https://images.mcmworldwide.com/i/mcmworldwide/MWRGSTA03BK001_09 | https://images.mcmworldwide.com/i/mcmworldwide/MWRGSTA03BK001_02 | https://images.mcmworldwide.com/i/mcmworldwide/MWRGSTA03BK001_03 | https://images.mcmworldwide.com/i/mcmworldwide/MWRGSTA03BK001_04 | https://images.mcmworldwide.com/i/mcmworldwide/MWRGSTA03BK001_05 | https://images.mcmworldwide.com/i/mcmworldwide/MWRGSTA03BK001_10 | https://images.mcmworldwide.com/i/mcmworldwide/MWRGSTA03BK001_01 | https://images.mcmworldwide.com/i/mcmworldwide/MWRGSTA03BK001_09 | https://images.mcmworldwide.com/i/mcmworldwide/MWRGSTA03BK001_02 | https://images.mcmworldwide.com/i/mcmworldwide/MWRGSTA03BK001_03 | https://images.mcmworldwide.com/i/mcmworldwide/MWRGSTA03BK001_04 | https://images.mcmworldwide.com/i/mcmworldwide/MWRGSTA03BK001_05 | https://images.mcmworldwide.com/i/mcmworldwide/MWRGSTA03BK001_10,https://kr.mcmworldwide.com/ko_KR/%EA%B0%80%EB%B0%A9/%EC%88%84%EB%8D%94%EB%B0%B1-%ED%81%AC%EB%A1%9C%EC%8A%A4%EB%B0%B1/aren-%EB%B9%84%EC%84%B8%ED%86%A0%EC%8A%A4-%EC%88%84%EB%8D%94%EB%B0%B1/MWRGSTA03BK001.html?cgid=bags-shoulder-crossbody-bags
MWSCSLM03BK001,트라비아 크러쉬드 레더 퀼티드 숄더백,,,건축학적인 MCM 로고가 이 퀼티드 레더 숄더백에 구조적인 세련미를 더합니다.,다이내믹하고 기하학적인 라인이 디스트레스드 레더에 퀼팅된 이탈리아 가죽 스몰 숄더백입니다. 스웨이드 마감 마이크로파이버로 안감을 댄 내부의 아주 부드러운 촉감이 외부와 대비를 이룹니다. 다면적인 ‘MCM’ 로고 매트 블랙 메탈 잠금 장치가 아이템에 새로운 차원의 깊이감을 선사합니다.,,스웨이드 마감 마이크로파이버 안감,약 7 x 25 x 16 센티미터,이탈리아,black,S,품절,체인 스트랩 | 뒷면 외부 슬립 포켓 | MCM 로고 잠금 장치 | 전면 포켓 | 내부 지퍼 포켓 | 크러쉬드 이탈리안 가죽 | 매트 블랙 금속 장식 | 스웨이드 마감 마이크로파이버 안감 | 약 7 x 25 x 16 센티미터 | 스트랩 길이: 55cm | 제조국: 이탈리아,https://images.mcmworldwide.com/i/mcmworldwide/MWSCSLM03BK001_01 | https://images.mcmworldwide.com/i/mcmworldwide/MWSCSLM03BK001_09 | https://images.mcmworldwide.com/i/mcmworldwide/MWSCSLM03BK001_02 | https://images.mcmworldwide.com/i/mcmworldwide/MWSCSLM03BK001_03 | https://images.mcmworldwide.com/i/mcmworldwide/MWSCSLM03BK001_04 | https://images.mcmworldwide.com/i/mcmworldwide/MWSCSLM03BK001_10 | https://images.mcmworldwide.com/i/mcmworldwide/MWSCSLM03BK001_01 | https://images.mcmworldwide.com/i/mcmworldwide/MWSCSLM03BK001_09 | https://images.mcmworldwide.com/i/mcmworldwide/MWSCSLM03BK001_02 | https://images.mcmworldwide.com/i/mcmworldwide/MWSCSLM03BK001_03 | https://images.mcmworldwide.com/i/mcmworldwide/MWSCSLM03BK001_04 | https://images.mcmworldwide.com/i/mcmworldwide/MWSCSLM03BK001_10,https://kr.mcmworldwide.com/ko_KR/%EA%B0%80%EB%B0%A9/%EC%88%84%EB%8D%94%EB%B0%B1-%ED%81%AC%EB%A1%9C%EC%8A%A4%EB%B0%B1/%ED%8A%B8%EB%9D%BC%EB%B9%84%EC%95%84-%ED%81%AC%EB%9F%AC%EC%89%AC%EB%93%9C-%EB%A0%88%EB%8D%94-%ED%80%BC%ED%8B%B0%EB%93%9C-%EC%88%84%EB%8D%94%EB%B0%B1/MWSCSLM03BK001.html?cgid=bags-shoulder-crossbody-bags
MMRGATA04CO001,Aren 비세토스 크로스바디,,Aren,나파 가죽 트림이 더해진 비세토스 모노그램 캔버스 크로스바디 백,"MCM의 대표적인 스타일을 확장해 선보이는 Aren 미디엄 크로스바디 백. 글로벌 노마드를 위한 이상적인 동반자로, 비세토스 캔버스와 나파 가죽으로 제작되었습니다. 간결한 디자인 속에 각종 디바이스와 문서를 안전하면서도 세련되게 수납할 수 있습니다.",비세토스 모노그램 캔버스,코튼 트윌 안감,약 7 x 27 x 21 센티미터,대한민국,cognac,S,품절,탈부착이 가능하며 길이 조절이 가능한 위빙 스트랩 | 뒷면의 외부 포켓 | 로고 브라스 플레이트 | 앞면 지퍼 포켓 | 양방향 지퍼 클로저 | 내부 슬립 포켓 | 바디:비세토스 모노그램 캔버스 | 트림: 나파 가죽 | 24K 골드 도금 브라스 하드웨어 | 코튼 트윌 안감 | 약 7 x 27 x 21 센티미터 | 스트랩 길이: 85 cm - 151.5 cm | 제조국: 대한민국,https://images.mcmworldwide.com/i/mcmworldwide/MMRGATA04CO001_01 | https://images.mcmworldwide.com/i/mcmworldwide/MMRGATA04CO001_09 | https://images.mcmworldwide.com/i/mcmworldwide/MMRGATA04CO001_02 | https://images.mcmworldwide.com/i/mcmworldwide/MMRGATA04CO001_03 | https://images.mcmworldwide.com/i/mcmworldwide/MMRGATA04CO001_04 | https://images.mcmworldwide.com/i/mcmworldwide/MMRGATA04CO001_05 | https://images.mcmworldwide.com/i/mcmworldwide/MMRGATA04CO001_10 | https://images.mcmworldwide.com/i/mcmworldwide/MMRGATA04CO001_01 | https://images.mcmworldwide.com/i/mcmworldwide/MMRGATA04CO001_09 | https://images.mcmworldwide.com/i/mcmworldwide/MMRGATA04CO001_02 | https://images.mcmworldwide.com/i/mcmworldwide/MMRGATA04CO001_03 | https://images.mcmworldwide.com/i/mcmworldwide/MMRGATA04CO001_04 | https://images.mcmworldwide.com/i/mcmworldwide/MMRGATA04CO001_05 | https://images.mcmworldwide.com/i/mcmworldwide/MMRGATA04CO001_10,https://kr.mcmworldwide.com/ko_KR/%EA%B0%80%EB%B0%A9/%EC%88%84%EB%8D%94%EB%B0%B1-%ED%81%AC%EB%A1%9C%EC%8A%A4%EB%B0%B1/aren-%EB%B9%84%EC%84%B8%ED%86%A0%EC%8A%A4-%ED%81%AC%EB%A1%9C%EC%8A%A4%EB%B0%94%EB%94%94/MMRGATA04CO001.html?cgid=bags-shoulder-crossbody-bags
MWRGAAK01BK001,Diamond  비세토스 레더 믹스 숄더백,,비세토스,카프스킨 레더 트림과 바이에른 다이아몬드 모티프 프론트 플랩이 돋보이는 비세토스 모노그램 캔버스 숄더백,MCM의 독일 기원을 상징하는 바이에른 다이아몬드 모티프가 돋보이는 미니 블랙 비세토스 숄더백. “형태는 기능을 따른다”는 바우하우스 철학을 반영해 카프스킨 프론트 플랩의 구조적인 실루엣을 완성했습니다.,비세토스 모노그램 캔버스,패브릭 안감,약 5 x 20 x 13 센티미터,대한민국,black,미니,품절,탈부착 가능한 가죽 체인 스트랩 | 뒷면 외부 슬립 포켓 | 라우렐 로고 모티프의 바이에른 다이아몬드 프론트 플랩 | 마그네틱 스냅 클로저 | 내부 지퍼 포켓과 카드 슬롯 | 바디:비세토스 모노그램 캔버스 | 트림: 카프스킨 레더 | 실버톤 코발트 브라스 하드웨어 | 패브릭 안감 | 약 5 x 20 x 13 센티미터 | 스트랩 길이: 60cm | 제조국: 대한민국,https://images.mcmworldwide.com/i/mcmworldwide/MWRGAAK01BK001_01 | https://images.mcmworldwide.com/i/mcmworldwide/MWRGAAK01BK001_09 | https://images.mcmworldwide.com/i/mcmworldwide/MWRGAAK01BK001_02 | https://images.mcmworldwide.com/i/mcmworldwide/MWRGAAK01BK001_03 | https://images.mcmworldwide.com/i/mcmworldwide/MWRGAAK01BK001_04 | https://images.mcmworldwide.com/i/mcmworldwide/MWRGAAK01BK001_05 | https://images.mcmworldwide.com/i/mcmworldwide/MWRGAAK01BK001_10 | https://images.mcmworldwide.com/i/mcmworldwide/MWRGAAK01BK001_11 | https://images.mcmworldwide.com/i/mcmworldwide/MWRGAAK01BK001_01 | https://images.mcmworldwide.com/i/mcmworldwide/MWRGAAK01BK001_09 | https://images.mcmworldwide.com/i/mcmworldwide/MWRGAAK01BK001_02 | https://images.mcmworldwide.com/i/mcmworldwide/MWRGAAK01BK001_03 | https://images.mcmworldwide.com/i/mcmworldwide/MWRGAAK01BK001_04 | https://images.mcmworldwide.com/i/mcmworldwide/MWRGAAK01BK001_05 | https://images.mcmworldwide.com/i/mcmworldwide/MWRGAAK01BK001_10 | https://images.mcmworldwide.com/i/mcmworldwide/MWRGAAK01BK001_11 | https://images.mcmworldwide.com/i/mcmworldwide/MWRGAAK01BK001_01,https://kr.mcmworldwide.com/ko_KR/%EA%B0%80%EB%B0%A9/%EC%88%84%EB%8D%94%EB%B0%B1-%ED%81%AC%EB%A1%9C%EC%8A%A4%EB%B0%B1/diamond--%EB%B9%84%EC%84%B8%ED%86%A0%EC%8A%A4-%EB%A0%88%EB%8D%94-%EB%AF%B9%EC%8A%A4-%EC%88%84%EB%8D%94%EB%B0%B1/MWRGAAK01BK001.html?cgid=bags-shoulder-crossbody-bags
MMRFATA01CO001,Aren 비세토스 스탠딩 크로스바디 파우치,,Aren,"가죽 카드 포켓, 천연 가죽 트림, 탈부착 가능한 가죽 크로스바디 스트랩이 있는 비세토스 모노그램 캔버스 스탠딩 지퍼 파우치","이 작은 Aren 크로스바디 파우치는 가죽을 사용한 외부 카드 포켓과 세워지는 디자인이 특징입니다. 시그니처 비세토스 모노그램이 새겨진 이 클래식한 코냑 파우치는 다양한 소품과 테크 기기, 액세서리 수납에 최적화 되어 있으며 뛰어난 실용성을 자랑합니다.",비세토스 모노그램 캔버스,스웨이드 마감의 극세사 안감,약 4 x 23 x 15 센티미터,대한민국,cognac,S,품절,탈부착이 가능하며 길이 조절이 가능한 헤링본 웨빙 스트랩 | 신분증과 카드를 수납할 수 있는 앞면 플랩 포켓 | 지퍼 클로저 | 내부 슬립 포켓 | 바디:비세토스 모노그램 캔버스 | 트림:천연 가죽 | 24K 골드 도금 브라스 하드웨어 | 스웨이드 마감의 극세사 안감 | 약 4 x 23 x 15 센티미터 | 스트랩 길이:75 cm - 132 cm | 제조국: 대한민국,https://images.mcmworldwide.com/i/mcmworldwide/MMRFATA01CO001_01 | https://images.mcmworldwide.com/i/mcmworldwide/MMRFATA01CO001_09 | https://images.mcmworldwide.com/i/mcmworldwide/MMRFATA01CO001_02 | https://images.mcmworldwide.com/i/mcmworldwide/MMRFATA01CO001_03 | https://images.mcmworldwide.com/i/mcmworldwide/MMRFATA01CO001_04 | https://images.mcmworldwide.com/i/mcmworldwide/MMRFATA01CO001_10 | https://images.mcmworldwide.com/i/mcmworldwide/MMRFATA01CO001_11 | https://images.mcmworldwide.com/i/mcmworldwide/MMRFATA01CO001_01 | https://images.mcmworldwide.com/i/mcmworldwide/MMRFATA01CO001_09 | https://images.mcmworldwide.com/i/mcmworldwide/MMRFATA01CO001_02 | https://images.mcmworldwide.com/i/mcmworldwide/MMRFATA01CO001_03 | https://images.mcmworldwide.com/i/mcmworldwide/MMRFATA01CO001_04 | https://images.mcmworldwide.com/i/mcmworldwide/MMRFATA01CO001_10 | https://images.mcmworldwide.com/i/mcmworldwide/MMRFATA01CO001_11 | https://images.mcmworldwide.com/i/mcmworldwide/MMRFATA01CO001_01,https://kr.mcmworldwide.com/ko_KR/%EA%B0%80%EB%B0%A9/%EC%88%84%EB%8D%94%EB%B0%B1-%ED%81%AC%EB%A1%9C%EC%8A%A4%EB%B0%B1/aren-%EB%B9%84%EC%84%B8%ED%86%A0%EC%8A%A4-%EC%8A%A4%ED%83%A0%EB%94%A9-%ED%81%AC%EB%A1%9C%EC%8A%A4%EB%B0%94%EB%94%94-%ED%8C%8C%EC%9A%B0%EC%B9%98/MMRFATA01CO001.html?cgid=bags-shoulder-crossbody-bags
MMRGSTA05BK001,Aren 비세토스 스탠딩 크로스 바디 파우치,,Aren,"레더 카드 포켓, 천연 가죽 트림 그리고 크로스바디 스트랩이 더해진 비세토스 모노그램 캔버스 스탠딩 지퍼 파우치",스탠딩 실루엣과 외부 레더 카드 포켓이 특징인 스몰 아렌 크로스바디 파우치는 시그니처 비세토스 모노그램으로 존재감을 더한 디자인입니다. 소지품과 전자 기기들을 편안하게 휴대할 수 있도록 최적화된 크로스바디 파우치 입니다.,비세토스 모노그램 캔버스,스웨이드 마감의 극세사 안감,약 4 x 23 x 15 센티미터,대한민국,black,S,품절,탈부착이 가능하며 길이 조절이 가능한 헤링본 웨빙 스트랩 | 신분증과 카드를 수납할 수 있는 앞면 플랩 포켓 | 지퍼 클로저 | 바바리안 다이아몬드 가죽 패치와 내부 슬립 포켓 | 바디:비세토스 모노그램 캔버스 | 트림:천연 가죽 | 실버톤 코발트 브라스 하드웨어 | 스웨이드 마감의 극세사 안감 | 약 4 x 23 x 15 센티미터 | 스트랩 길이: 75 cm - 132 cm | 제조국: 대한민국,https://images.mcmworldwide.com/i/mcmworldwide/MMRGSTA05BK001_01 | https://images.mcmworldwide.com/i/mcmworldwide/MMRGSTA05BK001_09 | https://images.mcmworldwide.com/i/mcmworldwide/MMRGSTA05BK001_02 | https://images.mcmworldwide.com/i/mcmworldwide/MMRGSTA05BK001_03 | https://images.mcmworldwide.com/i/mcmworldwide/MMRGSTA05BK001_04 | https://images.mcmworldwide.com/i/mcmworldwide/MMRGSTA05BK001_05 | https://images.mcmworldwide.com/i/mcmworldwide/MMRGSTA05BK001_10 | https://images.mcmworldwide.com/i/mcmworldwide/MMRGSTA05BK001_11 | https://images.mcmworldwide.com/i/mcmworldwide/MMRGSTA05BK001_01 | https://images.mcmworldwide.com/i/mcmworldwide/MMRGSTA05BK001_09 | https://images.mcmworldwide.com/i/mcmworldwide/MMRGSTA05BK001_02 | https://images.mcmworldwide.com/i/mcmworldwide/MMRGSTA05BK001_03 | https://images.mcmworldwide.com/i/mcmworldwide/MMRGSTA05BK001_04 | https://images.mcmworldwide.com/i/mcmworldwide/MMRGSTA05BK001_05 | https://images.mcmworldwide.com/i/mcmworldwide/MMRGSTA05BK001_10 | https://images.mcmworldwide.com/i/mcmworldwide/MMRGSTA05BK001_11 | https://images.mcmworldwide.com/i/mcmworldwide/MMRGSTA05BK001_01,https://kr.mcmworldwide.com/ko_KR/%EA%B0%80%EB%B0%A9/%EC%88%84%EB%8D%94%EB%B0%B1-%ED%81%AC%EB%A1%9C%EC%8A%A4%EB%B0%B1/aren-%EB%B9%84%EC%84%B8%ED%86%A0%EC%8A%A4-%EC%8A%A4%ED%83%A0%EB%94%A9-%ED%81%AC%EB%A1%9C%EC%8A%A4-%EB%B0%94%EB%94%94-%ED%8C%8C%EC%9A%B0%EC%B9%98/MMRGSTA05BK001.html?cgid=bags-shoulder-crossbody-bags
MWRGSXT01BK001,Tracy 비세토스 레더 믹스 크로스바디,,Tracy,라우렐 락 잠금장치와 이탈리안 카프스킨 레더 트림이 더해진 비세토스 모노그램 캔버스 크로스바디,이탈리아산 카프스킨 레더로 우아하게 마감된 미니 ‘트레이시’ 크로스바디 백은 시그니처 비세토스 캔버스 위에 하우스의 상징적인 라우렐 락 잠금장치로 완성되었습니다. 체인 링크 디자인이 더해진 가죽 스트랩이 사랑스러운 미니 실루엣을 더욱 돋보이게 합니다.,비세토스 모노그램 캔버스,스웨이드 마감의 극세사 안감,약 5 x 22 x 11 센티미터,대한민국,black,미니,품절,탈부착 가능한 레더 체인 믹스 스트랩 | 라우렐 락 클로저 | 내부 카드 슬롯과 지퍼 수납공간 | 바디:비세토스 모노그램 캔버스 | 트림: 이탈리안 카프스킨 | 실버톤 코발트 브라스 하드웨어 | 스웨이드 마감의 극세사 안감 | 약 5 x 22 x 11 센티미터 | 스트랩 드롭: 55 cm | 제조국: 대한민국,https://images.mcmworldwide.com/i/mcmworldwide/MWRGSXT01BK001_01 | https://images.mcmworldwide.com/i/mcmworldwide/MWRGSXT01BK001_09 | https://images.mcmworldwide.com/i/mcmworldwide/MWRGSXT01BK001_02 | https://images.mcmworldwide.com/i/mcmworldwide/MWRGSXT01BK001_03 | https://images.mcmworldwide.com/i/mcmworldwide/MWRGSXT01BK001_04 | https://images.mcmworldwide.com/i/mcmworldwide/MWRGSXT01BK001_05 | https://images.mcmworldwide.com/i/mcmworldwide/MWRGSXT01BK001_10 | https://images.mcmworldwide.com/i/mcmworldwide/MWRGSXT01BK001_11 | https://images.mcmworldwide.com/i/mcmworldwide/MWRGSXT01BK001_01 | https://images.mcmworldwide.com/i/mcmworldwide/MWRGSXT01BK001_09 | https://images.mcmworldwide.com/i/mcmworldwide/MWRGSXT01BK001_02 | https://images.mcmworldwide.com/i/mcmworldwide/MWRGSXT01BK001_03 | https://images.mcmworldwide.com/i/mcmworldwide/MWRGSXT01BK001_04 | https://images.mcmworldwide.com/i/mcmworldwide/MWRGSXT01BK001_05 | https://images.mcmworldwide.com/i/mcmworldwide/MWRGSXT01BK001_10 | https://images.mcmworldwide.com/i/mcmworldwide/MWRGSXT01BK001_11 | https://images.mcmworldwide.com/i/mcmworldwide/MWRGSXT01BK001_01,https://kr.mcmworldwide.com/ko_KR/%EA%B0%80%EB%B0%A9/%EC%88%84%EB%8D%94%EB%B0%B1-%ED%81%AC%EB%A1%9C%EC%8A%A4%EB%B0%B1/tracy-%EB%B9%84%EC%84%B8%ED%86%A0%EC%8A%A4-%EB%A0%88%EB%8D%94-%EB%AF%B9%EC%8A%A4-%ED%81%AC%EB%A1%9C%EC%8A%A4%EB%B0%94%EB%94%94/MWRGSXT01BK001.html?cgid=bags-shoulder-crossbody-bags
MWRGSXT01CO001,Tracy 비세토스 레더 믹스 크로스바디,,Tracy,라우렐 락 잠금장치와 이탈리안 카프스킨 레더 트림이 더해진 비세토스 모노그램 캔버스 크로스바디,이탈리아산 카프스킨 레더로 우아하게 마감된 미니 ‘트레이시’ 크로스바디 백은 시그니처 비세토스 캔버스 위에 하우스의 상징적인 라우렐 락 잠금장치로 완성되었습니다. 체인 링크 디자인이 더해진 가죽 스트랩이 사랑스러운 미니 실루엣을 더욱 돋보이게 합니다.,비세토스 모노그램 캔버스,스웨이드 마감의 극세사 안감,약 5 x 22 x 11 센티미터,대한민국,cognac,미니,품절,탈부착 가능한 레더 체인 믹스 스트랩 | 라우렐 락 클로저 | 내부 카드 슬롯과 지퍼 수납공간 | 바디:비세토스 모노그램 캔버스 | 트림: 이탈리안 카프스킨 | 24K 골드 도금 브라스 하드웨어 | 스웨이드 마감의 극세사 안감 | 약 5 x 22 x 11 센티미터 | 스트랩 드롭: 55 cm | 제조국: 대한민국,https://images.mcmworldwide.com/i/mcmworldwide/MWRGSXT01CO001_01 | https://images.mcmworldwide.com/i/mcmworldwide/MWRGSXT01CO001_09 | https://images.mcmworldwide.com/i/mcmworldwide/MWRGSXT01CO001_02 | https://images.mcmworldwide.com/i/mcmworldwide/MWRGSXT01CO001_03 | https://images.mcmworldwide.com/i/mcmworldwide/MWRGSXT01CO001_04 | https://images.mcmworldwide.com/i/mcmworldwide/MWRGSXT01CO001_05 | https://images.mcmworldwide.com/i/mcmworldwide/MWRGSXT01CO001_10 | https://images.mcmworldwide.com/i/mcmworldwide/MWRGSXT01CO001_11 | https://images.mcmworldwide.com/i/mcmworldwide/MWRGSXT01CO001_01 | https://images.mcmworldwide.com/i/mcmworldwide/MWRGSXT01CO001_09 | https://images.mcmworldwide.com/i/mcmworldwide/MWRGSXT01CO001_02 | https://images.mcmworldwide.com/i/mcmworldwide/MWRGSXT01CO001_03 | https://images.mcmworldwide.com/i/mcmworldwide/MWRGSXT01CO001_04 | https://images.mcmworldwide.com/i/mcmworldwide/MWRGSXT01CO001_05 | https://images.mcmworldwide.com/i/mcmworldwide/MWRGSXT01CO001_10 | https://images.mcmworldwide.com/i/mcmworldwide/MWRGSXT01CO001_11 | https://images.mcmworldwide.com/i/mcmworldwide/MWRGSXT01CO001_01,https://kr.mcmworldwide.com/ko_KR/%EA%B0%80%EB%B0%A9/%EC%88%84%EB%8D%94%EB%B0%B1-%ED%81%AC%EB%A1%9C%EC%8A%A4%EB%B0%B1/tracy-%EB%B9%84%EC%84%B8%ED%86%A0%EC%8A%A4-%EB%A0%88%EB%8D%94-%EB%AF%B9%EC%8A%A4-%ED%81%AC%EB%A1%9C%EC%8A%A4%EB%B0%94%EB%94%94/MWRGSXT01CO001.html?cgid=bags-shoulder-crossbody-bags
MWRAAME01CO001,Tracy 비세토스 크로스바디,,Tracy,Tracy 크로스바디의 모든 특징은 MCM의 유서 깊은 헤리티지를 구현합니다.,가벼운 비세토스 코티드 캔버스와 나파 가죽 트림의 Tracy 크로스바디는 현대 사회에 잘 어울리는 클래식한 동반자입니다. 탈부착 가능한 크로스바디 스트랩과 라우렐 잠금 장치가 특징이며 다이나믹한 움직임과 클래식한 우아함을 결합한 가방입니다.,,,약 6 x 22 x 16 센티미터,대한민국,cognac,M,품절,로렐 락 클로저. | 내부 오픈 포켓 및 지퍼 포켓 | 카드 슬롯 4개 | 카드 슬롯 4개 | 외부 후면 슬립 포켓 | 24K 금 도금 하드웨어 | 나파 가죽 트림 | 후면 외부 슬립 포켓. | 나파 가죽 트림 | 약 6 x 22 x 16 센티미터 | 스트랩 길이: 98cm~114cm | 제조국: 대한민국,https://images.mcmworldwide.com/i/mcmworldwide/MWRAAME01CO001_01 | https://images.mcmworldwide.com/i/mcmworldwide/MWRAAME01CO001_09 | https://images.mcmworldwide.com/i/mcmworldwide/MWRAAME01CO001_03 | https://images.mcmworldwide.com/i/mcmworldwide/MWRAAME01CO001_04 | https://images.mcmworldwide.com/i/mcmworldwide/MWRAAME01CO001_10 | https://images.mcmworldwide.com/i/mcmworldwide/MWRAAME01CO001_01 | https://images.mcmworldwide.com/i/mcmworldwide/MWRAAME01CO001_09 | https://images.mcmworldwide.com/i/mcmworldwide/MWRAAME01CO001_03 | https://images.mcmworldwide.com/i/mcmworldwide/MWRAAME01CO001_04 | https://images.mcmworldwide.com/i/mcmworldwide/MWRAAME01CO001_10,https://kr.mcmworldwide.com/ko_KR/%EA%B0%80%EB%B0%A9/%EC%88%84%EB%8D%94%EB%B0%B1-%ED%81%AC%EB%A1%9C%EC%8A%A4%EB%B0%B1/tracy-%EB%B9%84%EC%84%B8%ED%86%A0%EC%8A%A4-%ED%81%AC%EB%A1%9C%EC%8A%A4%EB%B0%94%EB%94%94/MWRAAME01CO001.html?cgid=bags-shoulder-crossbody-bags
MWRGSXT02CO001,Tracy 비세토스 체인 지갑,,Tracy,나파 가죽 트리밍과 체인 스트렙이 더해진 비세토스 모노그램 지갑,클래식한 코냑 컬러로 완성된 미디엄 사이즈 Tracy 지갑은 시그니처 비세토스 캔버스와 부드러운 가죽 디테일이 조화를 이루는 우아한 디자인입니다. 라우렐 락 클로저로 완성된 타임리스 실루엣에는 골드톤 체인 스트랩이 더해져 핸즈프리 스타일링이 가능합니다.,비세토스 모노그램 캔버스,코튼 안감,약 5 x 24 x 14 센티미터,대한민국,cognac,M,품절,"탈부착 가능한 체인 스트랩 | 외부 포켓 | 라우렐 락 클로저 | 내부 포켓, 카드 슬롯, 지퍼 포켓 | 바디:비세토스 모노그램 캔버스 | 트림: 나파 가죽 | 24K 골드 도금 메탈 하드웨어 | 코튼 안감 | 약 5 x 24 x 14 센티미터 | 스트랩 길이: 60cm | 제조국: 대한민국",https://images.mcmworldwide.com/i/mcmworldwide/MWRGSXT02CO001_01 | https://images.mcmworldwide.com/i/mcmworldwide/MWRGSXT02CO001_02 | https://images.mcmworldwide.com/i/mcmworldwide/MWRGSXT02CO001_03 | https://images.mcmworldwide.com/i/mcmworldwide/MWRGSXT02CO001_04 | https://images.mcmworldwide.com/i/mcmworldwide/MWRGSXT02CO001_05 | https://images.mcmworldwide.com/i/mcmworldwide/MWRGSXT02CO001_06 | https://images.mcmworldwide.com/i/mcmworldwide/MWRGSXT02CO001_01 | https://images.mcmworldwide.com/i/mcmworldwide/MWRGSXT02CO001_02 | https://images.mcmworldwide.com/i/mcmworldwide/MWRGSXT02CO001_03 | https://images.mcmworldwide.com/i/mcmworldwide/MWRGSXT02CO001_04 | https://images.mcmworldwide.com/i/mcmworldwide/MWRGSXT02CO001_05 | https://images.mcmworldwide.com/i/mcmworldwide/MWRGSXT02CO001_06,https://kr.mcmworldwide.com/ko_KR/%EA%B0%80%EB%B0%A9/%EC%88%84%EB%8D%94%EB%B0%B1-%ED%81%AC%EB%A1%9C%EC%8A%A4%EB%B0%B1/tracy-%EB%B9%84%EC%84%B8%ED%86%A0%EC%8A%A4-%EC%B2%B4%EC%9D%B8-%EC%A7%80%EA%B0%91/MWRGSXT02CO001.html?cgid=bags-shoulder-crossbody-bags
MMRGATA07BK001,Aren 노바 모노그램 ECONYL® 크로스바디,,Aren,브라스 로고 플레이트와 비세토스 모노그램 모티프가 더해진 ECONYL® 재생 나일론 크로스바디백,혁신적인 소재와 정교한 장인정신으로 완성된 미래지향적인 디자인의 백팩. ECONYL® 재생 나일론으로 제작된 Nova 크로스바디 백은 시그니처 로고 브라스 플레이트와 톤온톤 비세토스 모노그램을 더해 하우스의 헤리티지를 담아냈습니다.,ECONYL® 재생 나일론,패브릭 안감,약 7 x 29 x 19 센티미터,대한민국,black,S,품절,길이 조절이 가능한 스트랩 | 로고 브라스 플레이트 | 비세토스 모노그램 모티프 | 양방향 지퍼 클로저 | Interior zip pocket | 바디:ECONYL® 재생 나일론 | 나일론 트림 | Dark silver-tone cobalt metal hardware | 패브릭 안감 | 약 7 x 29 x 19 센티미터 | 스트랩 길이: 52cm - 109 cm. | 제조국: 대한민국,https://images.mcmworldwide.com/i/mcmworldwide/MMRGATA07BK001_01 | https://images.mcmworldwide.com/i/mcmworldwide/MMRGATA07BK001_09 | https://images.mcmworldwide.com/i/mcmworldwide/MMRGATA07BK001_02 | https://images.mcmworldwide.com/i/mcmworldwide/MMRGATA07BK001_03 | https://images.mcmworldwide.com/i/mcmworldwide/MMRGATA07BK001_04 | https://images.mcmworldwide.com/i/mcmworldwide/MMRGATA07BK001_05 | https://images.mcmworldwide.com/i/mcmworldwide/MMRGATA07BK001_10 | https://images.mcmworldwide.com/i/mcmworldwide/MMRGATA07BK001_01 | https://images.mcmworldwide.com/i/mcmworldwide/MMRGATA07BK001_09 | https://images.mcmworldwide.com/i/mcmworldwide/MMRGATA07BK001_02 | https://images.mcmworldwide.com/i/mcmworldwide/MMRGATA07BK001_03 | https://images.mcmworldwide.com/i/mcmworldwide/MMRGATA07BK001_04 | https://images.mcmworldwide.com/i/mcmworldwide/MMRGATA07BK001_05 | https://images.mcmworldwide.com/i/mcmworldwide/MMRGATA07BK001_10,https://kr.mcmworldwide.com/ko_KR/%EA%B0%80%EB%B0%A9/%EC%88%84%EB%8D%94%EB%B0%B1-%ED%81%AC%EB%A1%9C%EC%8A%A4%EB%B0%B1/aren-%EB%85%B8%EB%B0%94-%EB%AA%A8%EB%85%B8%EA%B7%B8%EB%9E%A8-econyl%C2%AE-%ED%81%AC%EB%A1%9C%EC%8A%A4%EB%B0%94%EB%94%94/MMRGATA07BK001.html?cgid=bags-shoulder-crossbody-bags
MWRGAXT01PZ001,Tracy 비세토스 레더믹스 크로스바디,,Tracy,라우렐 락 잠금장치 및 카프스킨 레더 트리밍이 더해진 비세토스 모노그램 캔버스 크로스바디 백,"카프스킨 레더 디테일이 돋보이는 미니 사이즈 Tracy(트레이시) 크로스바디 백은 MCM의 시그니처 비세토스 캔버스로 제작되었으며, 하우스의 상징적인 라우렐 락 잠금장치가 더해져 고유의 아이코닉한 매력을 완성합니다. 매력적인 미니 사이즈 실루엣에 가죽과 체인이 조화를 이루는 스트랩을 적용해 세련된 디테일을 선사합니다.",비세토스 모노그램 캔버스,스웨이드 마감의 극세사 안감,약 5 x 22 x 11 센티미터,대한민국,soft pink,미니,품절,탈부착 가능한 레더 체인 믹스 스트랩 | 라우렐 락 클로저 | 내부 카드 슬롯과 지퍼 수납공간 | 바디:비세토스 모노그램 캔버스 | 트림: 카프스킨 레더 | 16K 골드 도금 메탈 하드웨어 | 스웨이드 마감의 극세사 안감 | 약 5 x 22 x 11 센티미터 | 스트랩 드롭: 55 cm | 제조국: 대한민국,https://images.mcmworldwide.com/i/mcmworldwide/MWRGAXT01PZ001_01 | https://images.mcmworldwide.com/i/mcmworldwide/MWRGAXT01PZ001_09 | https://images.mcmworldwide.com/i/mcmworldwide/MWRGAXT01PZ001_02 | https://images.mcmworldwide.com/i/mcmworldwide/MWRGAXT01PZ001_03 | https://images.mcmworldwide.com/i/mcmworldwide/MWRGAXT01PZ001_04 | https://images.mcmworldwide.com/i/mcmworldwide/MWRGAXT01PZ001_05 | https://images.mcmworldwide.com/i/mcmworldwide/MWRGAXT01PZ001_06 | https://images.mcmworldwide.com/i/mcmworldwide/MWRGAXT01PZ001_10 | https://images.mcmworldwide.com/i/mcmworldwide/MWRGAXT01PZ001_11 | https://images.mcmworldwide.com/i/mcmworldwide/MWRGAXT01PZ001_01 | https://images.mcmworldwide.com/i/mcmworldwide/MWRGAXT01PZ001_09 | https://images.mcmworldwide.com/i/mcmworldwide/MWRGAXT01PZ001_02 | https://images.mcmworldwide.com/i/mcmworldwide/MWRGAXT01PZ001_03 | https://images.mcmworldwide.com/i/mcmworldwide/MWRGAXT01PZ001_04 | https://images.mcmworldwide.com/i/mcmworldwide/MWRGAXT01PZ001_05 | https://images.mcmworldwide.com/i/mcmworldwide/MWRGAXT01PZ001_06 | https://images.mcmworldwide.com/i/mcmworldwide/MWRGAXT01PZ001_10 | https://images.mcmworldwide.com/i/mcmworldwide/MWRGAXT01PZ001_11,https://kr.mcmworldwide.com/ko_KR/%EA%B0%80%EB%B0%A9/%EC%88%84%EB%8D%94%EB%B0%B1-%ED%81%AC%EB%A1%9C%EC%8A%A4%EB%B0%B1/tracy-%EB%B9%84%EC%84%B8%ED%86%A0%EC%8A%A4-%EB%A0%88%EB%8D%94%EB%AF%B9%EC%8A%A4-%ED%81%AC%EB%A1%9C%EC%8A%A4%EB%B0%94%EB%94%94/MWRGAXT01PZ001.html?cgid=bags-shoulder-crossbody-bags
MWRESAK02CO001,비세토스 레더 믹스 다이아몬드 숄더백,,비세토스,송아지 가죽 트림과 바이에른 다이아몬드 모티프 앞면 플랩이 돋보이는 비세토스 숄더백입니다.,MCM이 탄생한 독일을 상징하는 명망 높은 심볼인 바이에른 다이아몬드가 미니 비세토스 숄더백에 자랑스럽게 장식되어 있습니다. ‘형태는 기능을 따른다(form follows function)’라는 바우하우스 디자인 원칙에 충실한 시대를 초월한 이 모티프는 송아지 가죽 소재의 앞면 플랩 클로저의 실루엣에 영감을 주었습니다.,비세토스 모노그램 캔버스,스웨이드 마감 마이크로파이버 안감,약 5 x 20 x 13 센티미터,대한민국,cognac,미니,품절,탈부착 가능한 체인 레더 믹스 어깨 스트랩 | 후면 외부 슬립 포켓. | 라우렐 로고 프린트와 바이에른 다이아몬드 모티프 앞면 플랩 | 자석 스냅 클로저. | 내부 지퍼 포켓 및 카드 슬롯 | 바디: 비세토스 모노그램 캔버스 | 트림: 나파 송아지 가죽 | 24K 도금 메탈 금속 장식 | 스웨이드 마감 마이크로파이버 안감 | 약 5 x 20 x 13 센티미터 | 스트랩 드롭: 60cm. | 제조국: 대한민국,https://images.mcmworldwide.com/i/mcmworldwide/MWRESAK02CO001_01 | https://images.mcmworldwide.com/i/mcmworldwide/MWRESAK02CO001_09 | https://images.mcmworldwide.com/i/mcmworldwide/MWRESAK02CO001_02 | https://images.mcmworldwide.com/i/mcmworldwide/MWRESAK02CO001_03 | https://images.mcmworldwide.com/i/mcmworldwide/MWRESAK02CO001_04 | https://images.mcmworldwide.com/i/mcmworldwide/MWRESAK02CO001_10 | https://images.mcmworldwide.com/i/mcmworldwide/MWRESAK02CO001_01 | https://images.mcmworldwide.com/i/mcmworldwide/MWRESAK02CO001_09 | https://images.mcmworldwide.com/i/mcmworldwide/MWRESAK02CO001_02 | https://images.mcmworldwide.com/i/mcmworldwide/MWRESAK02CO001_03 | https://images.mcmworldwide.com/i/mcmworldwide/MWRESAK02CO001_04 | https://images.mcmworldwide.com/i/mcmworldwide/MWRESAK02CO001_10 | https://images.mcmworldwide.com/i/mcmworldwide/MWRESAK02CO001_01,https://kr.mcmworldwide.com/ko_KR/%EA%B0%80%EB%B0%A9/%EC%88%84%EB%8D%94%EB%B0%B1-%ED%81%AC%EB%A1%9C%EC%8A%A4%EB%B0%B1/%EB%B9%84%EC%84%B8%ED%86%A0%EC%8A%A4-%EB%A0%88%EB%8D%94-%EB%AF%B9%EC%8A%A4-%EB%8B%A4%EC%9D%B4%EC%95%84%EB%AA%AC%EB%93%9C-%EC%88%84%EB%8D%94%EB%B0%B1/MWRESAK02CO001.html?cgid=bags-shoulder-crossbody-bags
MWSGADC01BK001,Dia 퀼팅 카프스킨 숄더백,,,다이아몬드 퀼팅과 24K 골드 도금 브라스 하드웨어를 더한 카프스킨 숄더백,"하우스의 뛰어난 가죽 장인 기술을 담은 라지 사이즈 Dia 카프스킨 숄더백은 바바리안 다이아몬드에서 영감을 받은 기하학적 모티프의 퀼팅 디테일이 돋보입니다. 맞춤 제작된 24K 골드 도금 브라스 락이 세련된 실루엣을 완성하며, 체인 스트랩을 더해 우아한 핸즈프리 스타일링을 선사합니다.",카프 스킨 레더,스웨이드 마감의 극세사 안감,약 25 x 39 x 25 센티미터,이탈리아,black,L,품절,체인 스트랩 | 퀼팅 다이아몬드 모티프 | 다이아몬들 락 잠금장치 | 내부 지퍼 수납공간과 가죽 패치 | 바디: 카프 스킨 레더 | 24K 골드 도금 브라스 하드웨어 | 스웨이드 마감의 극세사 안감 | 약 25 x 39 x 25 센티미터 | 스트랩 드롭: 28 cm | 제조국: 이탈리아,https://images.mcmworldwide.com/i/mcmworldwide/MWSGADC01BK001_01 | https://images.mcmworldwide.com/i/mcmworldwide/MWSGADC01BK001_02 | https://images.mcmworldwide.com/i/mcmworldwide/MWSGADC01BK001_03 | https://images.mcmworldwide.com/i/mcmworldwide/MWSGADC01BK001_04 | https://images.mcmworldwide.com/i/mcmworldwide/MWSGADC01BK001_05 | https://images.mcmworldwide.com/i/mcmworldwide/MWSGADC01BK001_06 | https://images.mcmworldwide.com/i/mcmworldwide/MWSGADC01BK001_10 | https://images.mcmworldwide.com/i/mcmworldwide/MWSGADC01BK001_11 | https://images.mcmworldwide.com/i/mcmworldwide/MWSGADC01BK001_01 | https://images.mcmworldwide.com/i/mcmworldwide/MWSGADC01BK001_02 | https://images.mcmworldwide.com/i/mcmworldwide/MWSGADC01BK001_03 | https://images.mcmworldwide.com/i/mcmworldwide/MWSGADC01BK001_04 | https://images.mcmworldwide.com/i/mcmworldwide/MWSGADC01BK001_05 | https://images.mcmworldwide.com/i/mcmworldwide/MWSGADC01BK001_06 | https://images.mcmworldwide.com/i/mcmworldwide/MWSGADC01BK001_10 | https://images.mcmworldwide.com/i/mcmworldwide/MWSGADC01BK001_11,https://kr.mcmworldwide.com/ko_KR/%EA%B0%80%EB%B0%A9/%EC%88%84%EB%8D%94%EB%B0%B1-%ED%81%AC%EB%A1%9C%EC%8A%A4%EB%B0%B1/dia-%ED%80%BC%ED%8C%85-%EC%B9%B4%ED%94%84%EC%8A%A4%ED%82%A8-%EC%88%84%EB%8D%94%EB%B0%B1/MWSGADC01BK001.html?cgid=bags-shoulder-crossbody-bags
MWBGAEA01CO001,Ella 디스코 비세토스 보스턴,,Ella,비세토스 모노그램 캔버스에 나파 가죽 트리밍과 바바리안 다이아몬드 가죽 참을 더한 보스턴백,Ella(엘라) 보스턴백은 아이코닉한 비세토스 모노그램 위에 뮌헨 황금기의 경쾌한 멜로디에서 영감을 받은 멀티컬러 ‘MCM Disco’ 타이포그래피를 더해 완성했습니다. 탈착 가능한 바바리안 다이아몬드 가죽 참과 오렌지 나파 가죽 디테일이 클래식한 코냑 컬러 디자인에 조화를 더합니다.,비세토스 모노그램 캔버스,스웨이드 마감의 극세사 안감,약 12 x 22 x 15 센티미터,대한민국,cognac,S,품절,"탈부착이 가능하며 길이 조절이 가능한 가죽 스트랩 | 가죽 탑 핸들 | 탈착 가능한 바이에른 다이아몬드 가죽 참 | 양방향 지퍼 클로저 | 내부 슬립 포켓 | 바디:비세토스 모노그램 캔버스 | 트림: 나파 가죽 | 24K 골드 도금 브라스 하드웨어 | 스웨이드 마감의 극세사 안감 | 약 12 x 22 x 15 센티미터 | 스트랩 길이: 115cm - 139cm, 핸들 드롭: 8cm | 제조국: 대한민국",https://images.mcmworldwide.com/i/mcmworldwide/MWBGAEA01CO001_01 | https://images.mcmworldwide.com/i/mcmworldwide/MWBGAEA01CO001_09 | https://images.mcmworldwide.com/i/mcmworldwide/MWBGAEA01CO001_02 | https://images.mcmworldwide.com/i/mcmworldwide/MWBGAEA01CO001_03 | https://images.mcmworldwide.com/i/mcmworldwide/MWBGAEA01CO001_04 | https://images.mcmworldwide.com/i/mcmworldwide/MWBGAEA01CO001_05 | https://images.mcmworldwide.com/i/mcmworldwide/MWBGAEA01CO001_10 | https://images.mcmworldwide.com/i/mcmworldwide/MWBGAEA01CO001_11 | https://images.mcmworldwide.com/i/mcmworldwide/MWBGAEA01CO001_01 | https://images.mcmworldwide.com/i/mcmworldwide/MWBGAEA01CO001_09 | https://images.mcmworldwide.com/i/mcmworldwide/MWBGAEA01CO001_02 | https://images.mcmworldwide.com/i/mcmworldwide/MWBGAEA01CO001_03 | https://images.mcmworldwide.com/i/mcmworldwide/MWBGAEA01CO001_04 | https://images.mcmworldwide.com/i/mcmworldwide/MWBGAEA01CO001_05 | https://images.mcmworldwide.com/i/mcmworldwide/MWBGAEA01CO001_10 | https://images.mcmworldwide.com/i/mcmworldwide/MWBGAEA01CO001_11,https://kr.mcmworldwide.com/ko_KR/%EA%B0%80%EB%B0%A9/%EC%88%84%EB%8D%94%EB%B0%B1-%ED%81%AC%EB%A1%9C%EC%8A%A4%EB%B0%B1/-ella-%EB%94%94%EC%8A%A4%EC%BD%94-%EB%B9%84%EC%84%B8%ED%86%A0%EC%8A%A4-%EB%B3%B4%EC%8A%A4%ED%84%B4/MWBGAEA01CO001.html?cgid=bags-shoulder-crossbody-bags
MWSGADC03BK001,Dia 퀼팅 카프스킨 숄더백,,,다이아몬드 퀼팅과 24K 골드 도금 브라스 하드웨어를 더한 카프스킨 숄더백,"하우스의 뛰어난 가죽 장인 기술을 담은 스몰 사이즈 Dia 카프스킨 숄더백은 바바리안 다이아몬드에서 영감을 받은 기하학적 모티프의 퀼팅 디테일이 돋보입니다. 맞춤 제작된 24K 골드 도금 브라스 락이 세련된 실루엣을 완성하며, 체인 스트랩을 더해 우아한 핸즈프리 스타일링을 선사합니다.",카프 스킨 레더,스웨이드 마감의 극세사 안감,약 17 x 27 x 17 센티미터,이탈리아,black,S,품절,체인 스트랩 | 퀼팅 다이아몬드 모티프 | 다이아몬들 락 잠금장치 | 내부 지퍼 수납공간과 가죽 패치 | 바디: 카프 스킨 레더 | 24K 골드 도금 브라스 하드웨어 | 스웨이드 마감의 극세사 안감 | 약 17 x 27 x 17 센티미터 | 스트랩 드롭: 28 cm | 제조국: 이탈리아,https://images.mcmworldwide.com/i/mcmworldwide/MWSGADC03BK001_01 | https://images.mcmworldwide.com/i/mcmworldwide/MWSGADC03BK001_09 | https://images.mcmworldwide.com/i/mcmworldwide/MWSGADC03BK001_02 | https://images.mcmworldwide.com/i/mcmworldwide/MWSGADC03BK001_03 | https://images.mcmworldwide.com/i/mcmworldwide/MWSGADC03BK001_04 | https://images.mcmworldwide.com/i/mcmworldwide/MWSGADC03BK001_05 | https://images.mcmworldwide.com/i/mcmworldwide/MWSGADC03BK001_06 | https://images.mcmworldwide.com/i/mcmworldwide/MWSGADC03BK001_10 | https://images.mcmworldwide.com/i/mcmworldwide/MWSGADC03BK001_01 | https://images.mcmworldwide.com/i/mcmworldwide/MWSGADC03BK001_09 | https://images.mcmworldwide.com/i/mcmworldwide/MWSGADC03BK001_02 | https://images.mcmworldwide.com/i/mcmworldwide/MWSGADC03BK001_03 | https://images.mcmworldwide.com/i/mcmworldwide/MWSGADC03BK001_04 | https://images.mcmworldwide.com/i/mcmworldwide/MWSGADC03BK001_05 | https://images.mcmworldwide.com/i/mcmworldwide/MWSGADC03BK001_06 | https://images.mcmworldwide.com/i/mcmworldwide/MWSGADC03BK001_10 | https://images.mcmworldwide.com/i/mcmworldwide/MWSGADC03BK001_01,https://kr.mcmworldwide.com/ko_KR/%EA%B0%80%EB%B0%A9/%EC%88%84%EB%8D%94%EB%B0%B1-%ED%81%AC%EB%A1%9C%EC%8A%A4%EB%B0%B1/dia-%ED%80%BC%ED%8C%85-%EC%B9%B4%ED%94%84%EC%8A%A4%ED%82%A8-%EC%88%84%EB%8D%94%EB%B0%B1/MWSGADC03BK001.html?cgid=bags-shoulder-crossbody-bags
MWSGADC02D6001,Dia 퀼팅 메탈릭 카프스킨 숄더백,,,메탈릭 카프스킨에 다이아몬드 퀼팅과 24K 골드 도금 브라스 하드웨어를 더한 숄더백,"뮌헨 황금기의 화려함을 담은 스몰 Dia 숄더백. 플래티넘 골드 카프스킨 소재에 바바리안 다이아몬드를 연상시키는 퀼팅 기하학 모티프가 돋보입니다. 맞춤 제작된 24K 골드 도금 브라스 락이 감각적인 실루엣을 완성하며, 체인 스트랩으로 세련된 핸즈프리 스타일링이 가능합니다.",메탈릭 카프스킨 레더,스웨이드 마감의 극세사 안감,약 17 x 27 x 17 센티미터,이탈리아,platinum gold,S,품절,체인 스트랩 | 퀼팅 다이아몬드 모티프 | 다이아몬들 락 잠금장치 | 내부 지퍼 수납공간과 가죽 패치 | 바디: 메탈릭 카프스킨 레더 | 24K 골드 도금 브라스 하드웨어 | 스웨이드 마감의 극세사 안감 | 약 17 x 27 x 17 센티미터 | 스트랩 드롭: 28 cm | 제조국: 이탈리아,https://images.mcmworldwide.com/i/mcmworldwide/MWSGADC02D6001_01 | https://images.mcmworldwide.com/i/mcmworldwide/MWSGADC02D6001_09 | https://images.mcmworldwide.com/i/mcmworldwide/MWSGADC02D6001_02 | https://images.mcmworldwide.com/i/mcmworldwide/MWSGADC02D6001_03 | https://images.mcmworldwide.com/i/mcmworldwide/MWSGADC02D6001_04 | https://images.mcmworldwide.com/i/mcmworldwide/MWSGADC02D6001_05 | https://images.mcmworldwide.com/i/mcmworldwide/MWSGADC02D6001_06 | https://images.mcmworldwide.com/i/mcmworldwide/MWSGADC02D6001_10 | https://images.mcmworldwide.com/i/mcmworldwide/MWSGADC02D6001_01 | https://images.mcmworldwide.com/i/mcmworldwide/MWSGADC02D6001_09 | https://images.mcmworldwide.com/i/mcmworldwide/MWSGADC02D6001_02 | https://images.mcmworldwide.com/i/mcmworldwide/MWSGADC02D6001_03 | https://images.mcmworldwide.com/i/mcmworldwide/MWSGADC02D6001_04 | https://images.mcmworldwide.com/i/mcmworldwide/MWSGADC02D6001_05 | https://images.mcmworldwide.com/i/mcmworldwide/MWSGADC02D6001_06 | https://images.mcmworldwide.com/i/mcmworldwide/MWSGADC02D6001_10 | https://images.mcmworldwide.com/i/mcmworldwide/MWSGADC02D6001_01,https://kr.mcmworldwide.com/ko_KR/%EA%B0%80%EB%B0%A9/%EC%88%84%EB%8D%94%EB%B0%B1-%ED%81%AC%EB%A1%9C%EC%8A%A4%EB%B0%B1/dia-%ED%80%BC%ED%8C%85-%EB%A9%94%ED%83%88%EB%A6%AD-%EC%B9%B4%ED%94%84%EC%8A%A4%ED%82%A8-%EC%88%84%EB%8D%94%EB%B0%B1/MWSGADC02D6001.html?cgid=bags-shoulder-crossbody-bags
MMLFSTA01CO001,Aren 비세토스 슬링,,Aren,천연 나파 가죽 트림이 돋보이는 비세토스 모노그램 캔버스 소재의 슬링 백,전통적인 백팩에 대한 해방감 있는 대안. 패딩 어깨 스트랩이 있어 편안하고 손쉽게 활동할 수 있는 Aren 슬링백입니다. 내부 및 외부 지퍼 수납공간에 귀중품을 안전하게 보관할 수 있습니다.,비세토스 모노그램 캔버스,인조 나파 안감,약 11 x 31 x 44 센티미터,대한민국,cognac,M,품절,"조절 가능한 어깨 스트랩 | 옆면 손잡이 | 앞면과 뒷면의 지퍼 포켓 | 사선 지퍼 클로저 | 내부 지퍼 수납공간 | 바디: 비세토스 모노그램 캔버스 | 트림: 천연 나파 가죽 | 다크 톤 코발트 메탈 하드웨어. | 인조 나파 안감 | 약 11 x 31 x 44 센티미터 | 스트랩 길이: 83cm~101.5cm, 핸들 길이: 3.5cm | 제조국: 대한민국",https://images.mcmworldwide.com/i/mcmworldwide/MMLFSTA01CO001_01 | https://images.mcmworldwide.com/i/mcmworldwide/MMLFSTA01CO001_09 | https://images.mcmworldwide.com/i/mcmworldwide/MMLFSTA01CO001_02 | https://images.mcmworldwide.com/i/mcmworldwide/MMLFSTA01CO001_03 | https://images.mcmworldwide.com/i/mcmworldwide/MMLFSTA01CO001_04 | https://images.mcmworldwide.com/i/mcmworldwide/MMLFSTA01CO001_10 | https://images.mcmworldwide.com/i/mcmworldwide/MMLFSTA01CO001_01 | https://images.mcmworldwide.com/i/mcmworldwide/MMLFSTA01CO001_09 | https://images.mcmworldwide.com/i/mcmworldwide/MMLFSTA01CO001_02 | https://images.mcmworldwide.com/i/mcmworldwide/MMLFSTA01CO001_03 | https://images.mcmworldwide.com/i/mcmworldwide/MMLFSTA01CO001_04 | https://images.mcmworldwide.com/i/mcmworldwide/MMLFSTA01CO001_10,https://kr.mcmworldwide.com/ko_KR/%EA%B0%80%EB%B0%A9/%EB%B2%A8%ED%8A%B8%EB%B0%B1/aren-%EB%B9%84%EC%84%B8%ED%86%A0%EC%8A%A4-%EC%8A%AC%EB%A7%81/MMLFSTA01CO001.html?cgid=bags-belt-bags
MMLGSTA03BK001,Aren 비세토스 슬링,,Aren,천연 가죽 트림이 더해진 비세토스 모노그램 캔버스 슬링 백,"미니 ‘Aren’ 슬링백은 전통 백팩에 대한 세련된 대안입니다. 시그니처 비세토스와 천연 나파 가죽으로 완성되었으며, 싱글 스트랩 디자인으로 이동 시 편안함을 제공합니다. 내부와 외부 수납 공간이 조화를 이루어 실용성을 극대화한 디자인이 특징입니다.",비세토스 모노그램 캔버스,스웨이드 마감의 극세사 안감,약 7 x 23 x 31 센티미터,대한민국,black,미니,품절,길이 조절이 가능한 스트랩 | 앞면 및 뒷면 지퍼 수납공간 | 각진 지퍼 클로저 | 바바리안 다이아몬드 가죽 패치가 더해진 내부 포켓 | 바디:비세토스 모노그램 캔버스 | 트림:천연 가죽 | 다크톤 코발트 메탈 하드웨어 | 스웨이드 마감의 극세사 안감 | 약 7 x 23 x 31 센티미터 | 스트랩 길이: 93 cm - 121 츠 | 제조국: 대한민국,https://images.mcmworldwide.com/i/mcmworldwide/MMLGSTA03BK001_01 | https://images.mcmworldwide.com/i/mcmworldwide/MMLGSTA03BK001_09 | https://images.mcmworldwide.com/i/mcmworldwide/MMLGSTA03BK001_02 | https://images.mcmworldwide.com/i/mcmworldwide/MMLGSTA03BK001_03 | https://images.mcmworldwide.com/i/mcmworldwide/MMLGSTA03BK001_04 | https://images.mcmworldwide.com/i/mcmworldwide/MMLGSTA03BK001_05 | https://images.mcmworldwide.com/i/mcmworldwide/MMLGSTA03BK001_10 | https://images.mcmworldwide.com/i/mcmworldwide/MMLGSTA03BK001_11 | https://images.mcmworldwide.com/i/mcmworldwide/MMLGSTA03BK001_12 | https://images.mcmworldwide.com/i/mcmworldwide/MMLGSTA03BK001_01 | https://images.mcmworldwide.com/i/mcmworldwide/MMLGSTA03BK001_09 | https://images.mcmworldwide.com/i/mcmworldwide/MMLGSTA03BK001_02 | https://images.mcmworldwide.com/i/mcmworldwide/MMLGSTA03BK001_03 | https://images.mcmworldwide.com/i/mcmworldwide/MMLGSTA03BK001_04 | https://images.mcmworldwide.com/i/mcmworldwide/MMLGSTA03BK001_05 | https://images.mcmworldwide.com/i/mcmworldwide/MMLGSTA03BK001_10 | https://images.mcmworldwide.com/i/mcmworldwide/MMLGSTA03BK001_11 | https://images.mcmworldwide.com/i/mcmworldwide/MMLGSTA03BK001_12,https://kr.mcmworldwide.com/ko_KR/%EA%B0%80%EB%B0%A9/%EB%B2%A8%ED%8A%B8%EB%B0%B1/aren-%EB%B9%84%EC%84%B8%ED%86%A0%EC%8A%A4-%EC%8A%AC%EB%A7%81/MMLGSTA03BK001.html?cgid=bags-belt-bags
MMLFSTA07BK001,Aren 리사이클 나일론 슬링백,,Aren,비세토스 모노그램 프린트 가죽 트리밍이 돋보이는 리사이클 나일론 슬링 백,"기존 백팩의 고급스러운 대안, 미니 아렌 슬링 백은 이탈리아산 리사이클 나일론 소재로 제작되어 하나의 스트랩으로 간편하게 휴대할 수 있습니다. 클래식한 비세토스 모노그램 프린트가 돋보이는 앞면 지퍼 수납공간과 함께, 미래지향적인 디자인으로 완성되었습니다.",이탈리안 리사이클 나일론,나일론 라이닝,약 9 x 23 x 31 센티미터,대한민국,black,미니,품절,길이 조절이 가능한 스트랩 | 비세토스 모노그램 프린트가 돋보이는 가죽 전면 지퍼 수납공간 | 각진 지퍼 여밈 | 내부 포켓 | 바디: 이탈리안 리사이클 나일론 | 레더 트림 | 실버 톤 코발트 메탈 하드웨어 | 나일론 라이닝 | 약 9 x 23 x 31 센티미터 | 스트랩 길이: 88.5cm ~ 115 cm | 제조국: 대한민국,https://images.mcmworldwide.com/i/mcmworldwide/MMLFSTA07BK001_01 | https://images.mcmworldwide.com/i/mcmworldwide/MMLFSTA07BK001_09 | https://images.mcmworldwide.com/i/mcmworldwide/MMLFSTA07BK001_02 | https://images.mcmworldwide.com/i/mcmworldwide/MMLFSTA07BK001_03 | https://images.mcmworldwide.com/i/mcmworldwide/MMLFSTA07BK001_04 | https://images.mcmworldwide.com/i/mcmworldwide/MMLFSTA07BK001_10 | https://images.mcmworldwide.com/i/mcmworldwide/MMLFSTA07BK001_01 | https://images.mcmworldwide.com/i/mcmworldwide/MMLFSTA07BK001_09 | https://images.mcmworldwide.com/i/mcmworldwide/MMLFSTA07BK001_02 | https://images.mcmworldwide.com/i/mcmworldwide/MMLFSTA07BK001_03 | https://images.mcmworldwide.com/i/mcmworldwide/MMLFSTA07BK001_04 | https://images.mcmworldwide.com/i/mcmworldwide/MMLFSTA07BK001_10,https://kr.mcmworldwide.com/ko_KR/%EA%B0%80%EB%B0%A9/%EB%B2%A8%ED%8A%B8%EB%B0%B1/aren-%EB%A6%AC%EC%82%AC%EC%9D%B4%ED%81%B4-%EB%82%98%EC%9D%BC%EB%A1%A0-%EC%8A%AC%EB%A7%81%EB%B0%B1/MMLFSTA07BK001.html?cgid=bags-belt-bags
MMLGATA05K8001,Aren 비세토스 슬링백,,Aren,나파 가죽 트림이 더해진 비세토스 모노그램 캔버스 슬링백,"클래식한 백팩을 대체하는 새로운 형태. 시그니처 비세토스와 나파 가죽으로 완성된 미니 사이즈 Aren 슬링 백은, 싱글 스트랩 디테일과 기하학적 구조로 자유로운 움직임을 가능하게 합니다. 내부와 외부 수납공간을 조화롭게 구성해 실용성이 돋보입니다.",비세토스 모노그램 캔버스,스웨이드 마감의 극세사 안감,약 7 x 23 x 31 센티미터,대한민국,khaki moss,미니,품절,길이 조절이 가능한 스트랩 | 앞면 및 뒷면 지퍼 수납공간 | 각진 지퍼 클로저 | 바바리안 다이아몬드 가죽 패치가 더해진 내부 포켓 | 바디:비세토스 모노그램 캔버스 | 트림: 나파 가죽 | 실버톤 코발트 브라스 하드웨어 | 스웨이드 마감의 극세사 안감 | 약 7 x 23 x 31 센티미터 | 스트랩 길이: 93 cm - 121 cm | 제조국: 대한민국,https://images.mcmworldwide.com/i/mcmworldwide/MMLGATA05K8001_01 | https://images.mcmworldwide.com/i/mcmworldwide/MMLGATA05K8001_09 | https://images.mcmworldwide.com/i/mcmworldwide/MMLGATA05K8001_02 | https://images.mcmworldwide.com/i/mcmworldwide/MMLGATA05K8001_03 | https://images.mcmworldwide.com/i/mcmworldwide/MMLGATA05K8001_04 | https://images.mcmworldwide.com/i/mcmworldwide/MMLGATA05K8001_05 | https://images.mcmworldwide.com/i/mcmworldwide/MMLGATA05K8001_10 | https://images.mcmworldwide.com/i/mcmworldwide/MMLGATA05K8001_01 | https://images.mcmworldwide.com/i/mcmworldwide/MMLGATA05K8001_09 | https://images.mcmworldwide.com/i/mcmworldwide/MMLGATA05K8001_02 | https://images.mcmworldwide.com/i/mcmworldwide/MMLGATA05K8001_03 | https://images.mcmworldwide.com/i/mcmworldwide/MMLGATA05K8001_04 | https://images.mcmworldwide.com/i/mcmworldwide/MMLGATA05K8001_05 | https://images.mcmworldwide.com/i/mcmworldwide/MMLGATA05K8001_10,https://kr.mcmworldwide.com/ko_KR/%EA%B0%80%EB%B0%A9/%EB%B2%A8%ED%8A%B8%EB%B0%B1/aren-%EB%B9%84%EC%84%B8%ED%86%A0%EC%8A%A4-%EC%8A%AC%EB%A7%81%EB%B0%B1/MMLGATA05K8001.html?cgid=bags-belt-bags
MWZGSAK01BK001,Diamant 3D 갤러틱 갈라 양가죽 벨트백,,,갤럭틱 갈라 메탈 스터드 하드웨어가 돋보이는 램스킨 레더 벨트백,"클래식 뮌헨 휘장을 다차원적으로 재해석한 듀오 벨트백. 바이에른 다이아몬드에서 영감을 받은 양방향 지퍼 클로저로 실용성을 더했으며, 풍성한 양가죽으로 완성된 큰 사이즈 백에는 둥근 메탈 스터드 장식이 더해져 이번 시즌 테마를 우아하게 표현합니다. 가죽 벨트 스트랩을 활용해 두 백을 함께 연출하거나, 각각 단독으로 착용하여 다채로운 스타일링이 가능합니다.",양가죽,스웨이드 마감의 극세사 안감,약 11 x 24 x 18 센티미터,대한민국,black,S,품절,탈부착 가능하며 길이 조절이 가능한 가죽 벨트 스트랩 | 갤럭틱 갈라 메탈 스터드 | 스터드 장식이 더해진 미니백과 스몰백 포함된 구성 | MCM 로고 모티프 (미니백) | 양방향 지퍼 클로저 | 내부 지퍼 수납공간 (스터드 장식 가방) | 바디: 양가죽 | 실버톤 코발트 메탈 하드웨어 | 스웨이드 마감의 극세사 안감 | 약 11 x 24 x 18 센티미터 | 스트랩 길이: 68 cm - 104 cm | 제조국: 대한민국,https://images.mcmworldwide.com/i/mcmworldwide/MWZGSAK01BK001_01 | https://images.mcmworldwide.com/i/mcmworldwide/MWZGSAK01BK001_09 | https://images.mcmworldwide.com/i/mcmworldwide/MWZGSAK01BK001_03 | https://images.mcmworldwide.com/i/mcmworldwide/MWZGSAK01BK001_04 | https://images.mcmworldwide.com/i/mcmworldwide/MWZGSAK01BK001_05 | https://images.mcmworldwide.com/i/mcmworldwide/MWZGSAK01BK001_06 | https://images.mcmworldwide.com/i/mcmworldwide/MWZGSAK01BK001_10 | https://images.mcmworldwide.com/i/mcmworldwide/MWZGSAK01BK001_11 | https://images.mcmworldwide.com/i/mcmworldwide/MWZGSAK01BK001_12 | https://images.mcmworldwide.com/i/mcmworldwide/MWZGSAK01BK001_13 | https://images.mcmworldwide.com/i/mcmworldwide/MWZGSAK01BK001_01 | https://images.mcmworldwide.com/i/mcmworldwide/MWZGSAK01BK001_09 | https://images.mcmworldwide.com/i/mcmworldwide/MWZGSAK01BK001_03 | https://images.mcmworldwide.com/i/mcmworldwide/MWZGSAK01BK001_04 | https://images.mcmworldwide.com/i/mcmworldwide/MWZGSAK01BK001_05 | https://images.mcmworldwide.com/i/mcmworldwide/MWZGSAK01BK001_06 | https://images.mcmworldwide.com/i/mcmworldwide/MWZGSAK01BK001_10 | https://images.mcmworldwide.com/i/mcmworldwide/MWZGSAK01BK001_11 | https://images.mcmworldwide.com/i/mcmworldwide/MWZGSAK01BK001_12 | https://images.mcmworldwide.com/i/mcmworldwide/MWZGSAK01BK001_13,https://kr.mcmworldwide.com/ko_KR/%EA%B0%80%EB%B0%A9/%EB%B2%A8%ED%8A%B8%EB%B0%B1/diamant-3d-%EA%B0%A4%EB%9F%AC%ED%8B%B1-%EA%B0%88%EB%9D%BC-%EC%96%91%EA%B0%80%EC%A3%BD-%EB%B2%A8%ED%8A%B8%EB%B0%B1/MWZGSAK01BK001.html?cgid=bags-belt-bags
MWZFSAK04CO001,비세토스 레더 믹스 다이아몬드 3D 벨트 백,,비세토스,스페인산 송아지 가죽 트림이 있는 비세토스 모노그램 캔버스 소재의 벨트 백,"바이에른 다이아몬드를 조각적으로 해석한 스몰 벨트 백으로, 뮌헨 코드의 예리한 각도에서 영감을 받은 양방향 지퍼 디자인이 특징입니다. 비세토스와 스페인산 송아지 가죽으로 제작한 대담한 실루엣은 가죽 버클 스트랩이 더해져 허리에 걸치거나 크로스백으로 연출할 수 있습니다.",비세토스 모노그램 캔버스,스웨이드 마감 마이크로파이버 안감,약 7 x 23 x 14 센티미터,대한민국,cognac,S,품절,참을 달 수 있는 D링 디테일의 조절 가능한 가죽 스트랩 | 외부 포켓 | MCM 로고 모티프 | 양방향 사선 지퍼 클로저 | 내부 지퍼 수납공간 | 바디: 비세토스 모노그램 캔버스 | 트림: 스페인산 송아지 가죽 | 24K 도금 브라스 금속 장식 | 스웨이드 마감 마이크로파이버 안감 | 약 7 x 23 x 14 센티미터 | 스트랩 길이: 75cm~107cm | 제조국: 대한민국,https://images.mcmworldwide.com/i/mcmworldwide/MWZFSAK04CO001_01 | https://images.mcmworldwide.com/i/mcmworldwide/MWZFSAK04CO001_09 | https://images.mcmworldwide.com/i/mcmworldwide/MWZFSAK04CO001_02 | https://images.mcmworldwide.com/i/mcmworldwide/MWZFSAK04CO001_03 | https://images.mcmworldwide.com/i/mcmworldwide/MWZFSAK04CO001_04 | https://images.mcmworldwide.com/i/mcmworldwide/MWZFSAK04CO001_10 | https://images.mcmworldwide.com/i/mcmworldwide/MWZFSAK04CO001_11 | https://images.mcmworldwide.com/i/mcmworldwide/MWZFSAK04CO001_12 | https://images.mcmworldwide.com/i/mcmworldwide/MWZFSAK04CO001_13 | https://images.mcmworldwide.com/i/mcmworldwide/MWZFSAK04CO001_01 | https://images.mcmworldwide.com/i/mcmworldwide/MWZFSAK04CO001_09 | https://images.mcmworldwide.com/i/mcmworldwide/MWZFSAK04CO001_02 | https://images.mcmworldwide.com/i/mcmworldwide/MWZFSAK04CO001_03 | https://images.mcmworldwide.com/i/mcmworldwide/MWZFSAK04CO001_04 | https://images.mcmworldwide.com/i/mcmworldwide/MWZFSAK04CO001_10 | https://images.mcmworldwide.com/i/mcmworldwide/MWZFSAK04CO001_11 | https://images.mcmworldwide.com/i/mcmworldwide/MWZFSAK04CO001_12 | https://images.mcmworldwide.com/i/mcmworldwide/MWZFSAK04CO001_13,https://kr.mcmworldwide.com/ko_KR/%EA%B0%80%EB%B0%A9/%EB%B2%A8%ED%8A%B8%EB%B0%B1/%EB%B9%84%EC%84%B8%ED%86%A0%EC%8A%A4-%EB%A0%88%EB%8D%94-%EB%AF%B9%EC%8A%A4-%EB%8B%A4%EC%9D%B4%EC%95%84%EB%AA%AC%EB%93%9C-3d-%EB%B2%A8%ED%8A%B8-%EB%B0%B1/MWZFSAK04CO001.html?cgid=bags-belt-bags
MMZGSFI02BK001,Fursten 맥시 모노그램 레더 벨트백,,,엠보싱 처리된 맥시 비세토스 모노그램 모티프가 더해진 내추럴 풀그레인 레더 벨트 백,클래식 비세토스 모노그램을 업스케일해 새롭게 선보이는 ‘Fursten’ 벨트 백은 MCM의 자유로운 모빌리티 철학을 장인정신으로 구현한 작품입니다. 두 개의 지퍼 수납공간으로 효율적인 수납을 제공합니다.,천연 풀 그레인 레더,스웨이드 마감의 극세사 안감,약 10 x 38 x 14 센티미터,이탈리아,black,M,품절,버클 클로저가 더해진 길이 조절이 가능한 패브릭 웨빙 스트랩 | 엠보싱 처리된 맥시 모노그램 모티프 | 뒷면 외부 지퍼 포켓 | 참 장식 부착이 가능한 D링 디테일 | 양방향 지퍼 클로저 | 내부 슬립 포켓 | 바디: 천연 풀 그레인 레더 | 다크 메탈 하드웨어 | 스웨이드 마감의 극세사 안감 | 약 10 x 38 x 14 센티미터 | 스트랩 길이: 65 cm - 106 cm | 제조국: 이탈리아,https://images.mcmworldwide.com/i/mcmworldwide/MMZGSFI02BK001_01 | https://images.mcmworldwide.com/i/mcmworldwide/MMZGSFI02BK001_09 | https://images.mcmworldwide.com/i/mcmworldwide/MMZGSFI02BK001_02 | https://images.mcmworldwide.com/i/mcmworldwide/MMZGSFI02BK001_03 | https://images.mcmworldwide.com/i/mcmworldwide/MMZGSFI02BK001_04 | https://images.mcmworldwide.com/i/mcmworldwide/MMZGSFI02BK001_10 | https://images.mcmworldwide.com/i/mcmworldwide/MMZGSFI02BK001_01 | https://images.mcmworldwide.com/i/mcmworldwide/MMZGSFI02BK001_09 | https://images.mcmworldwide.com/i/mcmworldwide/MMZGSFI02BK001_02 | https://images.mcmworldwide.com/i/mcmworldwide/MMZGSFI02BK001_03 | https://images.mcmworldwide.com/i/mcmworldwide/MMZGSFI02BK001_04 | https://images.mcmworldwide.com/i/mcmworldwide/MMZGSFI02BK001_10,https://kr.mcmworldwide.com/ko_KR/%EA%B0%80%EB%B0%A9/%EB%B2%A8%ED%8A%B8%EB%B0%B1/fursten-%EB%A7%A5%EC%8B%9C-%EB%AA%A8%EB%85%B8%EA%B7%B8%EB%9E%A8-%EB%A0%88%EB%8D%94-%EB%B2%A8%ED%8A%B8%EB%B0%B1/MMZGSFI02BK001.html?cgid=bags-belt-bags
MMZAAFI01CO001,비세토스 프루스튼 벨트백,,비세토스,유행 중인 스트리트웨어 클래식인 프루스튼 벨트백은 간편하게 휴대할 수 있는 전설적인 아이템입니다.,날렵한 실루엣과 헤리티지 형태가 특징이며 빠르게 돌아가는 라이프스타일에 쉽게 적응합니다. 허리에 차거나 크로스바디로 착용하여 스트리트 스타일 룩을 완성해 보세요. 몸쪽에 숨겨진 슬릿 포켓은 귀중품을 보관하기 좋습니다.,,,약 10 x 38 x 14 센티미터,대한민국,cognac,M,품절,나파 가죽 트림 | 전면과 후면의 외부 지퍼 포켓 | 내부 오픈 포켓 | 24K 도금 금속 장식 | 코티드 캔버스 | 측면 D링 장식 | 약 10 x 38 x 14 센티미터 | 스트랩 길이: 65cm ~ 106cm | 제조국: 대한민국,https://images.mcmworldwide.com/i/mcmworldwide/MMZAAFI01CO001_01 | https://images.mcmworldwide.com/i/mcmworldwide/MMZAAFI01CO001_09 | https://images.mcmworldwide.com/i/mcmworldwide/MMZAAFI01CO001_03 | https://images.mcmworldwide.com/i/mcmworldwide/MMZAAFI01CO001_04 | https://images.mcmworldwide.com/i/mcmworldwide/MMZAAFI01CO001_10 | https://images.mcmworldwide.com/i/mcmworldwide/MMZAAFI01CO001_11 | https://images.mcmworldwide.com/i/mcmworldwide/MMZAAFI01CO001_01 | https://images.mcmworldwide.com/i/mcmworldwide/MMZAAFI01CO001_09 | https://images.mcmworldwide.com/i/mcmworldwide/MMZAAFI01CO001_03 | https://images.mcmworldwide.com/i/mcmworldwide/MMZAAFI01CO001_04 | https://images.mcmworldwide.com/i/mcmworldwide/MMZAAFI01CO001_10 | https://images.mcmworldwide.com/i/mcmworldwide/MMZAAFI01CO001_11 | https://images.mcmworldwide.com/i/mcmworldwide/MMZAAFI01CO001_01,https://kr.mcmworldwide.com/ko_KR/%EA%B0%80%EB%B0%A9/%EB%B2%A8%ED%8A%B8%EB%B0%B1/%EB%B9%84%EC%84%B8%ED%86%A0%EC%8A%A4-%ED%94%84%EB%A3%A8%EC%8A%A4%ED%8A%BC-%EB%B2%A8%ED%8A%B8%EB%B0%B1/MMZAAFI01CO001.html?cgid=bags-belt-bags
MMZAAFI04CO001,비세토스 프루스튼 벨트백,,비세토스,유행 중인 스트리트웨어 클래식인 스몰 Fursten 벨트백은 간편하게 휴대할 수 있는 전설적인 아이템입니다.,"모던한 Fursten은 헤리티지 실루엣을 따른 더욱 슬림한 실루엣이 특징입니다. 현대의 글로벌 노마드를 위한 활용도 높은 벨트 백으로, 스트리트 스타일의 웨이스트백 또는 크로스백으로 다양하게 스타일링할 수 있습니다.",,코튼 트윌 안감.,약 8 x 34 x 12 센티미터,대한민국,cognac,S,품절,나파 가죽 트림 | 전면과 후면의 외부 지퍼 포켓 | 양방향 지퍼 클로저 | 내부 오픈 포켓 | 측면 D링 장식 | 24K 도금 금속 장식 | 비세토스 모노그램 코티드 캔버스. | 나파 가죽 트림 | 24K 도금 메탈 금속 장식 | 코튼 트윌 안감. | 약 8 x 34 x 12 센티미터 | 스트랩 길이: 65cm ~ 106cm | 제조국: 대한민국 | 코티드 캔버스,https://images.mcmworldwide.com/i/mcmworldwide/MMZAAFI04CO001_01 | https://images.mcmworldwide.com/i/mcmworldwide/MMZAAFI04CO001_09 | https://images.mcmworldwide.com/i/mcmworldwide/MMZAAFI04CO001_02 | https://images.mcmworldwide.com/i/mcmworldwide/MMZAAFI04CO001_03 | https://images.mcmworldwide.com/i/mcmworldwide/MMZAAFI04CO001_04 | https://images.mcmworldwide.com/i/mcmworldwide/MMZAAFI04CO001_10 | https://images.mcmworldwide.com/i/mcmworldwide/MMZAAFI04CO001_11 | https://images.mcmworldwide.com/i/mcmworldwide/MMZAAFI04CO001_01 | https://images.mcmworldwide.com/i/mcmworldwide/MMZAAFI04CO001_09 | https://images.mcmworldwide.com/i/mcmworldwide/MMZAAFI04CO001_02 | https://images.mcmworldwide.com/i/mcmworldwide/MMZAAFI04CO001_03 | https://images.mcmworldwide.com/i/mcmworldwide/MMZAAFI04CO001_04 | https://images.mcmworldwide.com/i/mcmworldwide/MMZAAFI04CO001_10 | https://images.mcmworldwide.com/i/mcmworldwide/MMZAAFI04CO001_11 | https://images.mcmworldwide.com/i/mcmworldwide/MMZAAFI04CO001_01,https://kr.mcmworldwide.com/ko_KR/%EA%B0%80%EB%B0%A9/%EB%B2%A8%ED%8A%B8%EB%B0%B1/%EB%B9%84%EC%84%B8%ED%86%A0%EC%8A%A4-%ED%94%84%EB%A3%A8%EC%8A%A4%ED%8A%BC-%EB%B2%A8%ED%8A%B8%EB%B0%B1/MMZAAFI04CO001.html?cgid=bags-belt-bags
MMZAAFI01BK001,비세토스 프루스튼 벨트백,,비세토스,유행 중인 스트리트웨어 클래식인 프루스튼 벨트백은 간편하게 휴대할 수 있는 전설적인 아이템입니다.,날렵한 실루엣과 헤리티지 형태가 특징이며 빠르게 돌아가는 라이프스타일에 쉽게 적응합니다. 허리에 차거나 크로스바디로 착용하여 스트리트 스타일 룩을 완성해 보세요. 몸쪽에 숨겨진 슬릿 포켓은 귀중품을 보관하기 좋습니다.,,,약 10 x 38 x 14 센티미터,대한민국,black,M,품절,나파 가죽 트림 | 전면과 후면의 외부 지퍼 포켓 | 내부 오픈 포켓 | 코발트 하드웨어. | 측면 D링 장식 | 약 10 x 38 x 14 센티미터 | 스트랩 길이: 65cm ~ 106cm | 제조국: 대한민국 | 코티드 캔버스,https://images.mcmworldwide.com/i/mcmworldwide/MMZAAFI01BK001_01 | https://images.mcmworldwide.com/i/mcmworldwide/MMZAAFI01BK001_09 | https://images.mcmworldwide.com/i/mcmworldwide/MMZAAFI01BK001_03 | https://images.mcmworldwide.com/i/mcmworldwide/MMZAAFI01BK001_04 | https://images.mcmworldwide.com/i/mcmworldwide/MMZAAFI01BK001_10 | https://images.mcmworldwide.com/i/mcmworldwide/MMZAAFI01BK001_11 | https://images.mcmworldwide.com/i/mcmworldwide/MMZAAFI01BK001_12 | https://images.mcmworldwide.com/i/mcmworldwide/MMZAAFI01BK001_01 | https://images.mcmworldwide.com/i/mcmworldwide/MMZAAFI01BK001_09 | https://images.mcmworldwide.com/i/mcmworldwide/MMZAAFI01BK001_03 | https://images.mcmworldwide.com/i/mcmworldwide/MMZAAFI01BK001_04 | https://images.mcmworldwide.com/i/mcmworldwide/MMZAAFI01BK001_10 | https://images.mcmworldwide.com/i/mcmworldwide/MMZAAFI01BK001_11 | https://images.mcmworldwide.com/i/mcmworldwide/MMZAAFI01BK001_12 | https://images.mcmworldwide.com/i/mcmworldwide/MMZAAFI01BK001_01,https://kr.mcmworldwide.com/ko_KR/%EA%B0%80%EB%B0%A9/%EB%B2%A8%ED%8A%B8%EB%B0%B1/%EB%B9%84%EC%84%B8%ED%86%A0%EC%8A%A4-%ED%94%84%EB%A3%A8%EC%8A%A4%ED%8A%BC-%EB%B2%A8%ED%8A%B8%EB%B0%B1/MMZAAFI01BK001.html?cgid=bags-belt-bags
MMZAAFI04BK001,비세토스 프루스튼 벨트백,,비세토스,유행 중인 스트리트웨어 클래식인 스몰 Fursten 벨트백은 간편하게 휴대할 수 있는 전설적인 아이템입니다.,"모던한 Fursten은 헤리티지 실루엣을 따른 더욱 슬림한 실루엣이 특징입니다. 현대의 글로벌 노마드를 위한 활용도 높은 벨트 백으로, 스트리트 스타일의 웨이스트백 또는 크로스백으로 다양하게 스타일링할 수 있습니다.",,코튼 트윌 안감.,약 8 x 34 x 12 센티미터,대한민국,black,S,품절,나파 가죽 트림 | 버클 잠금 장치가 있는 조절 가능한 웨빙 스트랩 | 양방향 지퍼 클로저 | 내부 오픈 포켓 | 측면 D링 장식 | 코발트 금속 장식 | 비세토스 모노그램 코티드 캔버스. | 나파 가죽 트림 | 코발트 메탈 하드웨어. | 코튼 트윌 안감. | 약 8 x 34 x 12 센티미터 | 스트랩 길이: 65cm ~ 106cm | 제조국: 대한민국 | 코티드 캔버스,https://images.mcmworldwide.com/i/mcmworldwide/MMZAAFI04BK001_01 | https://images.mcmworldwide.com/i/mcmworldwide/MMZAAFI04BK001_09 | https://images.mcmworldwide.com/i/mcmworldwide/MMZAAFI04BK001_03 | https://images.mcmworldwide.com/i/mcmworldwide/MMZAAFI04BK001_04 | https://images.mcmworldwide.com/i/mcmworldwide/MMZAAFI04BK001_10 | https://images.mcmworldwide.com/i/mcmworldwide/MMZAAFI04BK001_11 | https://images.mcmworldwide.com/i/mcmworldwide/MMZAAFI04BK001_01 | https://images.mcmworldwide.com/i/mcmworldwide/MMZAAFI04BK001_09 | https://images.mcmworldwide.com/i/mcmworldwide/MMZAAFI04BK001_03 | https://images.mcmworldwide.com/i/mcmworldwide/MMZAAFI04BK001_04 | https://images.mcmworldwide.com/i/mcmworldwide/MMZAAFI04BK001_10 | https://images.mcmworldwide.com/i/mcmworldwide/MMZAAFI04BK001_11 | https://images.mcmworldwide.com/i/mcmworldwide/MMZAAFI04BK001_01,https://kr.mcmworldwide.com/ko_KR/%EA%B0%80%EB%B0%A9/%EB%B2%A8%ED%8A%B8%EB%B0%B1/%EB%B9%84%EC%84%B8%ED%86%A0%EC%8A%A4-%ED%94%84%EB%A3%A8%EC%8A%A4%ED%8A%BC-%EB%B2%A8%ED%8A%B8%EB%B0%B1/MMZAAFI04BK001.html?cgid=bags-belt-bags
MMZGSFI01BK001,Fursten 모노그램 나일론 벨트백,,,비세토스 모노그램이 더해진 프리미엄 코튼 블렌드 소재의 니트 삭스,"모노크롬 컬러의 마스터피스 벨트백으로, 블랙 이탈리안 나일론과 가죽으로 제작되어 하우스의 세련된 디자인 철학을 담았습니다. 시그니처 비세토스 모노그램으로 완성된 실루엣에 세 개의 지퍼 수납 공간이 더해져 깔끔한 구조미를 선사합니다.",이탈리안 나일론,나일론 안감,약 7 x 40 x 19 센티미터,대한민국,black,M,품절,길이 조절이 가능한 금속 버클 패브릭 웨빙 스트랩 | 비세토스 모노그램 전면 프린트 | 뒷변 외부 지퍼 포켓 | 로고 브라스 플레이트 | 앞면 지퍼 포켓 | 양방향 지퍼 클로저 | 내부 포켓 | 바디: 이탈리안 나일론 | 트림:천연 가죽 | 무광 블랙 메탈 하드웨어 | 나일론 안감 | 약 7 x 40 x 19 센티미터 | 스트랩 길이: 65 cm to 106 cm | 제조국: 대한민국,https://images.mcmworldwide.com/i/mcmworldwide/MMZGSFI01BK001_01 | https://images.mcmworldwide.com/i/mcmworldwide/MMZGSFI01BK001_09 | https://images.mcmworldwide.com/i/mcmworldwide/MMZGSFI01BK001_03 | https://images.mcmworldwide.com/i/mcmworldwide/MMZGSFI01BK001_04 | https://images.mcmworldwide.com/i/mcmworldwide/MMZGSFI01BK001_05 | https://images.mcmworldwide.com/i/mcmworldwide/MMZGSFI01BK001_10 | https://images.mcmworldwide.com/i/mcmworldwide/MMZGSFI01BK001_11 | https://images.mcmworldwide.com/i/mcmworldwide/MMZGSFI01BK001_12 | https://images.mcmworldwide.com/i/mcmworldwide/MMZGSFI01BK001_01 | https://images.mcmworldwide.com/i/mcmworldwide/MMZGSFI01BK001_09 | https://images.mcmworldwide.com/i/mcmworldwide/MMZGSFI01BK001_03 | https://images.mcmworldwide.com/i/mcmworldwide/MMZGSFI01BK001_04 | https://images.mcmworldwide.com/i/mcmworldwide/MMZGSFI01BK001_05 | https://images.mcmworldwide.com/i/mcmworldwide/MMZGSFI01BK001_10 | https://images.mcmworldwide.com/i/mcmworldwide/MMZGSFI01BK001_11 | https://images.mcmworldwide.com/i/mcmworldwide/MMZGSFI01BK001_12,https://kr.mcmworldwide.com/ko_KR/%EA%B0%80%EB%B0%A9/%EB%B2%A8%ED%8A%B8%EB%B0%B1/fursten-%EB%AA%A8%EB%85%B8%EA%B7%B8%EB%9E%A8-%EB%82%98%EC%9D%BC%EB%A1%A0-%EB%B2%A8%ED%8A%B8%EB%B0%B1/MMZGSFI01BK001.html?cgid=bags-belt-bags
MMZESFI01BK001,Fursten 맥시 모노그램 레더 벨트백,,,엠보스드 비세토스 모노그램이 돋보이는 천연 나파 가죽 벨트백,업스케일 버전의 클래식 비세토스 모노그램이 새겨져 있으며 뛰어난 휴대성으로 더욱 향상된 MCM 수공예를 선보이는 Frusten 벨트백입니다. 앞면과 중앙 및 뒷면 지퍼 수납공간을 활용하여 소지품을 깔끔하고 고급스럽게 정리할 수 있습니다.,천연 나파 가죽,스웨이드 마감 마이크로파이버 안감,약 8 x 40 x 19 센티미터,대한민국,black,M,품절,버클 잠금 장치가 있는 조절 가능한 패브릭 웨빙 스트랩 | 엠보스드 맥시 모노그램 | 앞면 및 뒷면의 외부 지퍼 포켓 | 내부 슬립 포켓이 있는 지퍼 여밈 주요 수납공간 | 바디: 천연 나파 가죽 | 매트 블랙 메탈 하드웨어. | 스웨이드 마감 마이크로파이버 안감 | 약 8 x 40 x 19 센티미터 | 스트랩 길이: 65cm ~ 106cm | 제조국: 대한민국,https://images.mcmworldwide.com/i/mcmworldwide/MMZESFI01BK001_01 | https://images.mcmworldwide.com/i/mcmworldwide/MMZESFI01BK001_09 | https://images.mcmworldwide.com/i/mcmworldwide/MMZESFI01BK001_03 | https://images.mcmworldwide.com/i/mcmworldwide/MMZESFI01BK001_04 | https://images.mcmworldwide.com/i/mcmworldwide/MMZESFI01BK001_10 | https://images.mcmworldwide.com/i/mcmworldwide/MMZESFI01BK001_11 | https://images.mcmworldwide.com/i/mcmworldwide/MMZESFI01BK001_01 | https://images.mcmworldwide.com/i/mcmworldwide/MMZESFI01BK001_09 | https://images.mcmworldwide.com/i/mcmworldwide/MMZESFI01BK001_03 | https://images.mcmworldwide.com/i/mcmworldwide/MMZESFI01BK001_04 | https://images.mcmworldwide.com/i/mcmworldwide/MMZESFI01BK001_10 | https://images.mcmworldwide.com/i/mcmworldwide/MMZESFI01BK001_11,https://kr.mcmworldwide.com/ko_KR/%EA%B0%80%EB%B0%A9/%EB%B2%A8%ED%8A%B8%EB%B0%B1/fursten-%EB%A7%A5%EC%8B%9C-%EB%AA%A8%EB%85%B8%EA%B7%B8%EB%9E%A8-%EB%A0%88%EB%8D%94-%EB%B2%A8%ED%8A%B8%EB%B0%B1/MMZESFI01BK001.html?cgid=bags-belt-bags
MMZFSFI03BK001,Fursten 리사이클 나일론 벨트 백,,,비세토스 모노그램 프린트 메시 수납공간과 천연 나파 가죽 트리밍이 돋보이는 리사이클 나일론 벨트 백,"Fursten 벨트 백의 리사이클 라일론 버전으로, 뮌헨 하우스를 상징하는 세련된 디자인 정신과 가벼운 무게감의 장인정신이 돋보이는 아이템입니다. 고급스러운 가죽 액센트가 강조된 이번 시즌 실루엣은 시그니처 비세토스 모노그램이 프린트된 메시 수납공간이 특징입니다.",이탈리아산 재생 나일론,나일론 라이닝,약 8 x 40 x 19 센티미터,대한민국,black,M,품절,조절 가능한 패브릭 웨빙 버클 스트랩 | 뒷면 외부 지퍼 포켓 | 비세토스 모노그램 프린트가 돋보이는 앞면 지퍼 수납공간 | 양면 지퍼 클로저 | 내부 포켓 | 바디: 이탈리아산 재생 나일론 | 트림: 천연 나파 가죽 | 실버 톤 코발트 메탈 하드웨어 | 나일론 라이닝 | 약 8 x 40 x 19 센티미터 | 스트랩: 65 cm ~ 106 cm | 제조국: 대한민국,https://images.mcmworldwide.com/i/mcmworldwide/MMZFSFI03BK001_01 | https://images.mcmworldwide.com/i/mcmworldwide/MMZFSFI03BK001_09 | https://images.mcmworldwide.com/i/mcmworldwide/MMZFSFI03BK001_03 | https://images.mcmworldwide.com/i/mcmworldwide/MMZFSFI03BK001_04 | https://images.mcmworldwide.com/i/mcmworldwide/MMZFSFI03BK001_10 | https://images.mcmworldwide.com/i/mcmworldwide/MMZFSFI03BK001_11 | https://images.mcmworldwide.com/i/mcmworldwide/MMZFSFI03BK001_01 | https://images.mcmworldwide.com/i/mcmworldwide/MMZFSFI03BK001_09 | https://images.mcmworldwide.com/i/mcmworldwide/MMZFSFI03BK001_03 | https://images.mcmworldwide.com/i/mcmworldwide/MMZFSFI03BK001_04 | https://images.mcmworldwide.com/i/mcmworldwide/MMZFSFI03BK001_10 | https://images.mcmworldwide.com/i/mcmworldwide/MMZFSFI03BK001_11,https://kr.mcmworldwide.com/ko_KR/%EA%B0%80%EB%B0%A9/%EB%B2%A8%ED%8A%B8%EB%B0%B1/fursten-%EB%A6%AC%EC%82%AC%EC%9D%B4%ED%81%B4-%EB%82%98%EC%9D%BC%EB%A1%A0-%EB%B2%A8%ED%8A%B8-%EB%B0%B1/MMZFSFI03BK001.html?cgid=bags-belt-bags
MMZGAFI01K8001,Fursten 비세토스 벨트 백,,비세토스,"스트리트웨어의 아이코닉 클래식, 뛰어난 휴대성을 자랑하는 Fursten 벨트백",시즌 컬러 카키 모스로 선보이는 Fursten 벨트백. 비세토스 캔버스 소재와 슬림한 실루엣으로 하우스의 모빌리티 철학을 반영했습니다. 허리에 착용 또는 크로스바디로 연출해 스트리트 감각의 스타일을 완성할 수 있습니다.,비세토스 모노그램 캔버스,스웨이드 마감의 극세사 안감,약 10 x 38 x 14 센티미터,대한민국,khaki moss,M,품절,길이 조절이 가능한 헤링본 패브릭 웨빙 버클 스트랩 | 뒷변 외부 지퍼 포켓 | 로고 브라스 플레이트 | 내부 슬립 포켓과 메인 지퍼 수납공간 | D링 참 장식 디테일 | 바디:비세토스 모노그램 캔버스 | 트림: 나파 가죽 | 실버톤 코발트 브라스 하드웨어 | 스웨이드 마감의 극세사 안감 | 약 10 x 38 x 14 센티미터 | 스트랩 길이: 65 cm - 106 cm | 제조국: 대한민국,https://images.mcmworldwide.com/i/mcmworldwide/MMZGAFI01K8001_01 | https://images.mcmworldwide.com/i/mcmworldwide/MMZGAFI01K8001_09 | https://images.mcmworldwide.com/i/mcmworldwide/MMZGAFI01K8001_03 | https://images.mcmworldwide.com/i/mcmworldwide/MMZGAFI01K8001_04 | https://images.mcmworldwide.com/i/mcmworldwide/MMZGAFI01K8001_05 | https://images.mcmworldwide.com/i/mcmworldwide/MMZGAFI01K8001_10 | https://images.mcmworldwide.com/i/mcmworldwide/MMZGAFI01K8001_11 | https://images.mcmworldwide.com/i/mcmworldwide/MMZGAFI01K8001_01 | https://images.mcmworldwide.com/i/mcmworldwide/MMZGAFI01K8001_09 | https://images.mcmworldwide.com/i/mcmworldwide/MMZGAFI01K8001_03 | https://images.mcmworldwide.com/i/mcmworldwide/MMZGAFI01K8001_04 | https://images.mcmworldwide.com/i/mcmworldwide/MMZGAFI01K8001_05 | https://images.mcmworldwide.com/i/mcmworldwide/MMZGAFI01K8001_10 | https://images.mcmworldwide.com/i/mcmworldwide/MMZGAFI01K8001_11,https://kr.mcmworldwide.com/ko_KR/%EA%B0%80%EB%B0%A9/%EB%B2%A8%ED%8A%B8%EB%B0%B1/fursten-%EB%B9%84%EC%84%B8%ED%86%A0%EC%8A%A4-%EB%B2%A8%ED%8A%B8-%EB%B0%B1/MMZGAFI01K8001.html?cgid=bags-belt-bags
MWRGAOB01CO001,Pina 비세토스 탬버린 백,,Pina,스터드 나파 가죽 트림과 레더 태슬 장식으로 포인트를 준 비세토스 모노그램 캔버스 탬버린 백,"1970~80년대의 리드미컬한 감성을 고스란히 담아낸 Pina(피나) 탬버린 백은 화려한 메탈 스터드 장식과 탈착 가능한 가죽 태슬이 더해져 대담하고 강렬한 포인트를 선사합니다. 가죽 스트랩을 연결해 클래식한 크로스바디 스타일로 연출하거나, 후면의 가죽 루프를 활용해 벨트백으로 변형하여 착용할 수도 있습니다.",탈부착이 가능하며 길이 조절이 가능한 가죽 크로스바디 스트랩,스웨이드 마감의 극세사 안감,약 6 x 19 x 19 센티미터,대한민국,cognac,S,품절,"탈부착이 가능하며 길이 조절이 가능한 가죽 크로스바디 스트랩 | 탈부착 가능한 가죽 태슬 장식 | 뒷면 가죽 벨트 루프 | 지퍼 클로저 | 내부 카드 슬롯 | 바디:비세토스 모노그램 캔버스 | 트림: 스터드 장식 나파 가죽 | 24K 골드 도금 브라스 하드웨어 | 스웨이드 마감의 극세사 안감 | 약 6 x 19 x 19 센티미터 | 120.5 cm to 140.5 cm strap length, Handle drop: 4 cm | 제조국: 대한민국",https://images.mcmworldwide.com/i/mcmworldwide/MWRGAOB01CO001_01 | https://images.mcmworldwide.com/i/mcmworldwide/MWRGAOB01CO001_09 | https://images.mcmworldwide.com/i/mcmworldwide/MWRGAOB01CO001_02 | https://images.mcmworldwide.com/i/mcmworldwide/MWRGAOB01CO001_03 | https://images.mcmworldwide.com/i/mcmworldwide/MWRGAOB01CO001_04 | https://images.mcmworldwide.com/i/mcmworldwide/MWRGAOB01CO001_05 | https://images.mcmworldwide.com/i/mcmworldwide/MWRGAOB01CO001_10 | https://images.mcmworldwide.com/i/mcmworldwide/MWRGAOB01CO001_11 | https://images.mcmworldwide.com/i/mcmworldwide/MWRGAOB01CO001_01 | https://images.mcmworldwide.com/i/mcmworldwide/MWRGAOB01CO001_09 | https://images.mcmworldwide.com/i/mcmworldwide/MWRGAOB01CO001_02 | https://images.mcmworldwide.com/i/mcmworldwide/MWRGAOB01CO001_03 | https://images.mcmworldwide.com/i/mcmworldwide/MWRGAOB01CO001_04 | https://images.mcmworldwide.com/i/mcmworldwide/MWRGAOB01CO001_05 | https://images.mcmworldwide.com/i/mcmworldwide/MWRGAOB01CO001_10 | https://images.mcmworldwide.com/i/mcmworldwide/MWRGAOB01CO001_11,https://kr.mcmworldwide.com/ko_KR/%EA%B0%80%EB%B0%A9/%EB%AF%B8%EB%8B%88%EB%B0%B1/pina-%EB%B9%84%EC%84%B8%ED%86%A0%EC%8A%A4-%ED%83%AC%EB%B2%84%EB%A6%B0-%EB%B0%B1-/MWRGAOB01CO001.html?cgid=bags-mini-bags
MWRGAOB03BK001,Pina 스터드 장식 카프스킨 탬버린 백,,Pina,로고 메탈 스터드와 레더 태슬 장식이 돋보이는 그레인 가죽 탬버린 백,"1970~80년대의 리드미컬한 화려함을 고스란히 담아낸 카프스킨 소재의 Pina(피나) 탬버린 백은 메탈 로고 스터드 하드웨어와 가죽 태슬 장식이 어우러져 한층 더 매혹적이고 고급스러운 포인트를 선사합니다. 가죽 스트랩을 활용해 클래식한 크로스바디 스타일로 연출하거나, 후면의 가죽 루프를 이용해 벨트백으로 변형하여 유니크하게 착용할 수 있습니다.",탈부착이 가능하며 길이 조절이 가능한 가죽 크로스바디 스트랩,스웨이드 마감의 극세사 안감,약 6 x 19 x 19 센티미터,이탈리아,black,S,품절,"탈부착이 가능하며 길이 조절이 가능한 가죽 크로스바디 스트랩 | 탈부착 가능한 가죽 태슬 장식 | 뒷면 가죽 벨트 루프 | 지퍼 클로저 | 내부 카드 슬롯 | 바디:100% 카프스킨 | 24K 골드 도금 브라스 하드웨어 | 스웨이드 마감의 극세사 안감 | 약 6 x 19 x 19 센티미터 | 120.5 cm to 140.5 cm strap length, Handle drop: 4 cm | 제조국: 이탈리아",https://images.mcmworldwide.com/i/mcmworldwide/MWRGAOB03BK001_01 | https://images.mcmworldwide.com/i/mcmworldwide/MWRGAOB03BK001_09 | https://images.mcmworldwide.com/i/mcmworldwide/MWRGAOB03BK001_02 | https://images.mcmworldwide.com/i/mcmworldwide/MWRGAOB03BK001_03 | https://images.mcmworldwide.com/i/mcmworldwide/MWRGAOB03BK001_04 | https://images.mcmworldwide.com/i/mcmworldwide/MWRGAOB03BK001_05 | https://images.mcmworldwide.com/i/mcmworldwide/MWRGAOB03BK001_10 | https://images.mcmworldwide.com/i/mcmworldwide/MWRGAOB03BK001_11 | https://images.mcmworldwide.com/i/mcmworldwide/MWRGAOB03BK001_01 | https://images.mcmworldwide.com/i/mcmworldwide/MWRGAOB03BK001_09 | https://images.mcmworldwide.com/i/mcmworldwide/MWRGAOB03BK001_02 | https://images.mcmworldwide.com/i/mcmworldwide/MWRGAOB03BK001_03 | https://images.mcmworldwide.com/i/mcmworldwide/MWRGAOB03BK001_04 | https://images.mcmworldwide.com/i/mcmworldwide/MWRGAOB03BK001_05 | https://images.mcmworldwide.com/i/mcmworldwide/MWRGAOB03BK001_10 | https://images.mcmworldwide.com/i/mcmworldwide/MWRGAOB03BK001_11,https://kr.mcmworldwide.com/ko_KR/%EA%B0%80%EB%B0%A9/%EB%AF%B8%EB%8B%88%EB%B0%B1/pina-%EC%8A%A4%ED%84%B0%EB%93%9C-%EC%9E%A5%EC%8B%9D-%EC%B9%B4%ED%94%84%EC%8A%A4%ED%82%A8-%ED%83%AC%EB%B2%84%EB%A6%B0-%EB%B0%B1/MWRGAOB03BK001.html?cgid=bags-mini-bags
MYLGATA01CO001,Pina 스터드 장식 크로스바디 월렛,,Pina,메탈 스터드 장식과 나파 가죽 트림이 돋보이는 비세토스 모노그램 캔버스 크로스바디 지갑,하우스의 시그니처 요소들이 우아한 메탈 스터드와 아이코닉한 로고 브라스 플레이트는 크로스바디 지갑의 전면을 더욱 돋보이게 합니다. 뮌헨 하우스의 클래식한 모노그램인 비세토스는 부드러운 가죽 디테일과 어우러져 완성되었습니다.,비세토스 모노그램 캔버스,패브릭 안감,약 4 x 20 x 11 센티미터,대한민국,cognac,L,품절,"탈부착이 가능하며 길이 조절이 가능한 가죽 스트랩 | 금속 로고 스터드 장식 | 스냅 클로저 | 로고 브라스 플레이트 | 내부 카드 슬롯, 지폐 수납공간, 지퍼 수납공간 | 바디:비세토스 모노그램 캔버스 | 트림: 나파 가죽 | 24K 골드 도금 브라스 하드웨어 | 패브릭 안감 | 약 4 x 20 x 11 센티미터 | 스트랩 길이: 133cm - 157cm, 스트랩 드롭: 55cm | 제조국: 대한민국",https://images.mcmworldwide.com/i/mcmworldwide/MYLGATA01CO001_01 | https://images.mcmworldwide.com/i/mcmworldwide/MYLGATA01CO001_09 | https://images.mcmworldwide.com/i/mcmworldwide/MYLGATA01CO001_03 | https://images.mcmworldwide.com/i/mcmworldwide/MYLGATA01CO001_04 | https://images.mcmworldwide.com/i/mcmworldwide/MYLGATA01CO001_05 | https://images.mcmworldwide.com/i/mcmworldwide/MYLGATA01CO001_10 | https://images.mcmworldwide.com/i/mcmworldwide/MYLGATA01CO001_01 | https://images.mcmworldwide.com/i/mcmworldwide/MYLGATA01CO001_09 | https://images.mcmworldwide.com/i/mcmworldwide/MYLGATA01CO001_03 | https://images.mcmworldwide.com/i/mcmworldwide/MYLGATA01CO001_04 | https://images.mcmworldwide.com/i/mcmworldwide/MYLGATA01CO001_05 | https://images.mcmworldwide.com/i/mcmworldwide/MYLGATA01CO001_10,https://kr.mcmworldwide.com/ko_KR/%EA%B0%80%EB%B0%A9/%EB%AF%B8%EB%8B%88%EB%B0%B1/pina-%EC%8A%A4%ED%84%B0%EB%93%9C-%EC%9E%A5%EC%8B%9D-%ED%81%AC%EB%A1%9C%EC%8A%A4%EB%B0%94%EB%94%94-%EC%9B%94%EB%A0%9B/MYLGATA01CO001.html?cgid=bags-mini-bags
MYLGATA03BK001,Pina 스터드 장식 크로스바디 월렛,,Pina,메탈 스터드 장식과 나파 가죽 트림이 돋보이는 그레인 가죽 크로스바디 월렛,"그레인드 카프스킨으로 완성된 크로스바디 월렛. 아이코닉한 로고 브라스 플레이트와 정교한 메탈 스터드 장식이 하우스의 시그니처를 표현합니다. 부드러운 나파 가죽으로 마감하였으며, 클러치로 들거나 가죽 스트랩을 연결해 크로스바디로 착용할 수 있습니다.",100% 카프스킨,패브릭 안감,약 4 x 20 x 11 센티미터,대한민국,black,L,품절,"탈부착이 가능하며 길이 조절이 가능한 가죽 스트랩 | 금속 로고 스터드 장식 | 스냅 클로저 | 로고 브라스 플레이트 | 내부 카드 슬롯, 지폐 수납공간, 지퍼 수납공간 | 바디:100% 카프스킨 | 트림: 나파 가죽 | 24K 골드 도금 브라스 하드웨어 | 패브릭 안감 | 약 4 x 20 x 11 센티미터 | 스트랩 길이: 133cm - 157cm, 스트랩 드롭: 55cm | 제조국: 대한민국",https://images.mcmworldwide.com/i/mcmworldwide/MYLGATA03BK001_01 | https://images.mcmworldwide.com/i/mcmworldwide/MYLGATA03BK001_09 | https://images.mcmworldwide.com/i/mcmworldwide/MYLGATA03BK001_03 | https://images.mcmworldwide.com/i/mcmworldwide/MYLGATA03BK001_04 | https://images.mcmworldwide.com/i/mcmworldwide/MYLGATA03BK001_05 | https://images.mcmworldwide.com/i/mcmworldwide/MYLGATA03BK001_10 | https://images.mcmworldwide.com/i/mcmworldwide/MYLGATA03BK001_01 | https://images.mcmworldwide.com/i/mcmworldwide/MYLGATA03BK001_09 | https://images.mcmworldwide.com/i/mcmworldwide/MYLGATA03BK001_03 | https://images.mcmworldwide.com/i/mcmworldwide/MYLGATA03BK001_04 | https://images.mcmworldwide.com/i/mcmworldwide/MYLGATA03BK001_05 | https://images.mcmworldwide.com/i/mcmworldwide/MYLGATA03BK001_10,https://kr.mcmworldwide.com/ko_KR/%EA%B0%80%EB%B0%A9/%EB%AF%B8%EB%8B%88%EB%B0%B1/pina-%EC%8A%A4%ED%84%B0%EB%93%9C-%EC%9E%A5%EC%8B%9D-%ED%81%AC%EB%A1%9C%EC%8A%A4%EB%B0%94%EB%94%94-%EC%9B%94%EB%A0%9B/MYLGATA03BK001.html?cgid=bags-mini-bags
MWDGADU01CO001,Dessau 비세토스 드로우스트링 백,,Dessau,"나파 가죽 트림과 레더 스트랩, 체인 핸들이 더해진 비세토스 모노그램 캔버스 드로스트링 백","바우하우스 디자인의 역사적 중심지에서 이름을 따온 데사우 드로스트링 백은 시대를 초월하는 디자인으로 형태와 기능을 완벽하게 조화시킨 실루엣을 통해 독일의 유명한 예술 운동을 기립니다. 클래식한 코냑 컬러의 비세토스 캔버스로 제작된 이 미니 버킷 백은 부드러운 나파 가죽 디테일로 마감되었으며, 가죽 스트랩과 골드 톤 체인 핸들 두 가지 방식으로 연출할 수 있습니다.",비세토스 모노그램 캔버스,스웨이드 마감의 극세사 안감,약 11 x 22 x 18 센티미터,대한민국,cognac,미니,품절,"탈부착이 가능하며 길이 조절이 가능한 가죽 스트랩 | 체인 핸들 | 가죽 드로스트링 잠금장치 | 로고 브라스 플레이트 | 바디:비세토스 모노그램 캔버스 | 트림: 나파 가죽 | 24K 골드 도금 브라스 하드웨어 | 스웨이드 마감의 극세사 안감 | 약 11 x 22 x 18 센티미터 | 스트랩 길이: 96 cm - 120 cm, 핸들 드롭: 19 cm | 제조국: 대한민국",https://images.mcmworldwide.com/i/mcmworldwide/MWDGADU01CO001_01 | https://images.mcmworldwide.com/i/mcmworldwide/MWDGADU01CO001_09 | https://images.mcmworldwide.com/i/mcmworldwide/MWDGADU01CO001_02 | https://images.mcmworldwide.com/i/mcmworldwide/MWDGADU01CO001_03 | https://images.mcmworldwide.com/i/mcmworldwide/MWDGADU01CO001_04 | https://images.mcmworldwide.com/i/mcmworldwide/MWDGADU01CO001_05 | https://images.mcmworldwide.com/i/mcmworldwide/MWDGADU01CO001_10 | https://images.mcmworldwide.com/i/mcmworldwide/MWDGADU01CO001_01 | https://images.mcmworldwide.com/i/mcmworldwide/MWDGADU01CO001_09 | https://images.mcmworldwide.com/i/mcmworldwide/MWDGADU01CO001_02 | https://images.mcmworldwide.com/i/mcmworldwide/MWDGADU01CO001_03 | https://images.mcmworldwide.com/i/mcmworldwide/MWDGADU01CO001_04 | https://images.mcmworldwide.com/i/mcmworldwide/MWDGADU01CO001_05 | https://images.mcmworldwide.com/i/mcmworldwide/MWDGADU01CO001_10,https://kr.mcmworldwide.com/ko_KR/%EA%B0%80%EB%B0%A9/%EB%AF%B8%EB%8B%88%EB%B0%B1/dessau-%EB%B9%84%EC%84%B8%ED%86%A0%EC%8A%A4-%EB%93%9C%EB%A1%9C%EC%9A%B0%EC%8A%A4%ED%8A%B8%EB%A7%81-%EB%B0%B1/MWDGADU01CO001.html?cgid=bags-mini-bags
MWDGADU03BK001,Pina 스터드 장식 카프스킨 드로우스트링 백,,Pina,"메탈 스터드장식과 체인 핸들, 레더 스트랩이 더해진 그레인 가죽 드로우스트링 백","그레인 카프스킨 소재의 Pina(피나) 드로우스트링 백은 바이에른 다이아몬드와 클래식 라우렐 로고를 표현한 메탈 스터드 장식이 돋보입니다. 체인 링크 핸들과 가죽 스트랩의 두 가지 방식으로 연출할 수 있어, 어떠한 장소나 상황에도 완벽하게 어우러지는 장인 정신 깃든 아이템입니다.",100% 카프스킨,스웨이드 마감의 극세사 안감,약 18 x 30 x 34 센티미터,이탈리아,black,미니,품절,"탈부착이 가능하며 길이 조절이 가능한 가죽 스트랩 | 로고 브라스 플레이트 | 금속 로고 스터드 장식 | 가죽 드로스트링 잠금장치 | 바디:100% 카프스킨 | 24K 골드 도금 브라스 하드웨어 | 스웨이드 마감의 극세사 안감 | 약 18 x 30 x 34 센티미터 | 스트랩 길이: 96cm - 120cm, 핸들 드롭: 19cm | 제조국: 이탈리아",https://images.mcmworldwide.com/i/mcmworldwide/MWDGADU03BK001_01 | https://images.mcmworldwide.com/i/mcmworldwide/MWDGADU03BK001_09 | https://images.mcmworldwide.com/i/mcmworldwide/MWDGADU03BK001_02 | https://images.mcmworldwide.com/i/mcmworldwide/MWDGADU03BK001_03 | https://images.mcmworldwide.com/i/mcmworldwide/MWDGADU03BK001_04 | https://images.mcmworldwide.com/i/mcmworldwide/MWDGADU03BK001_05 | https://images.mcmworldwide.com/i/mcmworldwide/MWDGADU03BK001_10 | https://images.mcmworldwide.com/i/mcmworldwide/MWDGADU03BK001_01 | https://images.mcmworldwide.com/i/mcmworldwide/MWDGADU03BK001_09 | https://images.mcmworldwide.com/i/mcmworldwide/MWDGADU03BK001_02 | https://images.mcmworldwide.com/i/mcmworldwide/MWDGADU03BK001_03 | https://images.mcmworldwide.com/i/mcmworldwide/MWDGADU03BK001_04 | https://images.mcmworldwide.com/i/mcmworldwide/MWDGADU03BK001_05 | https://images.mcmworldwide.com/i/mcmworldwide/MWDGADU03BK001_10,https://kr.mcmworldwide.com/ko_KR/%EA%B0%80%EB%B0%A9/%EB%AF%B8%EB%8B%88%EB%B0%B1/pina-%EC%8A%A4%ED%84%B0%EB%93%9C-%EC%9E%A5%EC%8B%9D-%EC%B9%B4%ED%94%84%EC%8A%A4%ED%82%A8-%EB%93%9C%EB%A1%9C%EC%9A%B0%EC%8A%A4%ED%8A%B8%EB%A7%81-%EB%B0%B1/MWDGADU03BK001.html?cgid=bags-mini-bags
MWRGATA01BK001,Pina 스터드 장식 카프스킨 베니티 케이스,,Pina,"레더 태슬 장식과 메탈 스터드 하드웨어, 레더 스트랩이 어우러진 그레인 가죽 바니티 케이스","70~80년대의 화려한 감성을 담아낸 카프스킨 소재의 Pina(피나) 베니티 케이스. 가죽 태슬과 메탈 로고 스터드, 아이코닉한 로고 브라스 플레이트가 어우러져 고급스러운 분위기를 완성합니다. 블랙과 골드의 대조적인 컬러 조합이 돋보이며, 핸들로 들거나 가죽 스트랩을 활용해 크로스바디로 착용할 수 있습니다.",100% 카프스킨,스웨이드 마감의 극세사 안감,약 6 x 19 x 12 센티미터,이탈리아,black,미니,품절,"탈부착이 가능하며 길이 조절이 가능한 가죽 스트랩 | 가죽 탑 핸들 | 로고 브라스 플레이트 | 가죽 태슬 장식 | 메탈 로고 스터드 | 양방향 지퍼 클로저 | 내부 카드 슬롯 | 바디:100% 카프스킨 | 24K 골드 도금 브라스 하드웨어 | 스웨이드 마감의 극세사 안감 | 약 6 x 19 x 12 센티미터 | 스트랩 길이: 103cm - 135cm, 스트랩 드롭: 60cm, 핸들 드롭: 4cm | 제조국: 이탈리아",https://images.mcmworldwide.com/i/mcmworldwide/MWRGATA01BK001_01 | https://images.mcmworldwide.com/i/mcmworldwide/MWRGATA01BK001_09 | https://images.mcmworldwide.com/i/mcmworldwide/MWRGATA01BK001_02 | https://images.mcmworldwide.com/i/mcmworldwide/MWRGATA01BK001_03 | https://images.mcmworldwide.com/i/mcmworldwide/MWRGATA01BK001_04 | https://images.mcmworldwide.com/i/mcmworldwide/MWRGATA01BK001_05 | https://images.mcmworldwide.com/i/mcmworldwide/MWRGATA01BK001_10 | https://images.mcmworldwide.com/i/mcmworldwide/MWRGATA01BK001_11 | https://images.mcmworldwide.com/i/mcmworldwide/MWRGATA01BK001_01 | https://images.mcmworldwide.com/i/mcmworldwide/MWRGATA01BK001_09 | https://images.mcmworldwide.com/i/mcmworldwide/MWRGATA01BK001_02 | https://images.mcmworldwide.com/i/mcmworldwide/MWRGATA01BK001_03 | https://images.mcmworldwide.com/i/mcmworldwide/MWRGATA01BK001_04 | https://images.mcmworldwide.com/i/mcmworldwide/MWRGATA01BK001_05 | https://images.mcmworldwide.com/i/mcmworldwide/MWRGATA01BK001_10 | https://images.mcmworldwide.com/i/mcmworldwide/MWRGATA01BK001_11,https://kr.mcmworldwide.com/ko_KR/%EA%B0%80%EB%B0%A9/%EB%AF%B8%EB%8B%88%EB%B0%B1/pina-%EC%8A%A4%ED%84%B0%EB%93%9C-%EC%9E%A5%EC%8B%9D-%EC%B9%B4%ED%94%84%EC%8A%A4%ED%82%A8-%EB%B2%A0%EB%8B%88%ED%8B%B0-%EC%BC%80%EC%9D%B4%EC%8A%A4/MWRGATA01BK001.html?cgid=bags-mini-bags
MWBGAUP01CO001,MCM X ATEEZ with MINGI Ella 비세토스 보스턴,,Ella,‘FIX ON’ 그래픽과 ATEEZ 로고로 완성한 헤리티지 보스턴 백,"민기의 시그니처 ‘FIX ON’ 그래픽이 더해진 엘라 보스턴 백은 ATEEZ 특유의 자유로운 무드를 현대적으로 풀어냈습니다. 아이코닉한 보스턴 실루엣에 워드마크 엠블럼, 가죽 행택, 로고 각인 메탈 패드락 디테일을 더해 제트세팅 헤리티지를 강조했습니다.",비세토스 모노그램 캔버스,스웨이드 마감의 극세사 안감,약 9 x 18 x 10 센티미터,대한민국,cognac,미니,품절,"탈부착 및 길이 조절 가능한 가죽 스트랩 | 가죽 탑 핸들 | 앞면의 ‘FIX ON’ 그래픽 디테일 | 뒷면의 ATEEZ 로고 디테일 | 탈부착 가능한 가죽 행택 및 자물쇠 디테일 | 양방향 지퍼 클로저 | 내부 포켓 및 카드 슬롯 | 바디:비세토스 모노그램 캔버스 | 트림: 나파 가죽 | 24K 골드 도금 브라스 하드웨어 | 스웨이드 마감의 극세사 안감 | 약 9 x 18 x 10 센티미터 | 스트랩 길이: 97 cm - 113cm, 핸들 드롭: 8cm | 제조국: 대한민국",https://images.mcmworldwide.com/i/mcmworldwide/MWBGAUP01CO001_01 | https://images.mcmworldwide.com/i/mcmworldwide/MWBGAUP01CO001_02 | https://images.mcmworldwide.com/i/mcmworldwide/MWBGAUP01CO001_03 | https://images.mcmworldwide.com/i/mcmworldwide/MWBGAUP01CO001_04 | https://images.mcmworldwide.com/i/mcmworldwide/MWBGAUP01CO001_05 | https://images.mcmworldwide.com/i/mcmworldwide/MWBGAUP01CO001_01 | https://images.mcmworldwide.com/i/mcmworldwide/MWBGAUP01CO001_02 | https://images.mcmworldwide.com/i/mcmworldwide/MWBGAUP01CO001_03 | https://images.mcmworldwide.com/i/mcmworldwide/MWBGAUP01CO001_04 | https://images.mcmworldwide.com/i/mcmworldwide/MWBGAUP01CO001_05,https://kr.mcmworldwide.com/ko_KR/%EA%B0%80%EB%B0%A9/%EB%AF%B8%EB%8B%88%EB%B0%B1/mcm-x-ateez-with-mingi-ella-%EB%B9%84%EC%84%B8%ED%86%A0%EC%8A%A4-%EB%B3%B4%EC%8A%A4%ED%84%B4/MWBGAUP01CO001.html?cgid=bags-mini-bags
MWCGAAK01CO001,Diamond 비세토스 레더 믹스 클러치,,비세토스,체인 스트랩과 카프스킨 레더 트림이 더해진 비세토스 모노그램 캔버스 클러치,"뮌헨을 상징하는 바이에른 다이아몬드에서 영감을 받은 스몰 클러치 백. 비세토스 캔버스로 완성된 기하학적 실루엣과 카프스킨 프론트 플랩이 특징이며, 가죽과 체인이 믹스된 스트랩으로 우아한 마무리를 더했습니다.",비세토스 모노그램 캔버스,스웨이드 마감의 극세사 안감,약 5 x 28 x 13 센티미터,대한민국,cognac,S,품절,탈부착이 가능하며 길이 조절이 가능한 체인 스트랩 | 뒷면 외부 슬립 포켓 | 마그네틱 탭 클로저 | 내부 슬립 포켓 및 지퍼 수납공간 | 바디:비세토스 모노그램 캔버스 | 트림: 카프스킨 레더 | 24K 골드 도금 브라스 하드웨어 | 스웨이드 마감의 극세사 안감 | 약 5 x 28 x 13 센티미터 | 스트랩 길이: 115 cm - 131 cm | 제조국: 대한민국,https://images.mcmworldwide.com/i/mcmworldwide/MWCGAAK01CO001_01 | https://images.mcmworldwide.com/i/mcmworldwide/MWCGAAK01CO001_09 | https://images.mcmworldwide.com/i/mcmworldwide/MWCGAAK01CO001_02 | https://images.mcmworldwide.com/i/mcmworldwide/MWCGAAK01CO001_03 | https://images.mcmworldwide.com/i/mcmworldwide/MWCGAAK01CO001_04 | https://images.mcmworldwide.com/i/mcmworldwide/MWCGAAK01CO001_05 | https://images.mcmworldwide.com/i/mcmworldwide/MWCGAAK01CO001_06 | https://images.mcmworldwide.com/i/mcmworldwide/MWCGAAK01CO001_10 | https://images.mcmworldwide.com/i/mcmworldwide/MWCGAAK01CO001_11 | https://images.mcmworldwide.com/i/mcmworldwide/MWCGAAK01CO001_01 | https://images.mcmworldwide.com/i/mcmworldwide/MWCGAAK01CO001_09 | https://images.mcmworldwide.com/i/mcmworldwide/MWCGAAK01CO001_02 | https://images.mcmworldwide.com/i/mcmworldwide/MWCGAAK01CO001_03 | https://images.mcmworldwide.com/i/mcmworldwide/MWCGAAK01CO001_04 | https://images.mcmworldwide.com/i/mcmworldwide/MWCGAAK01CO001_05 | https://images.mcmworldwide.com/i/mcmworldwide/MWCGAAK01CO001_06 | https://images.mcmworldwide.com/i/mcmworldwide/MWCGAAK01CO001_10 | https://images.mcmworldwide.com/i/mcmworldwide/MWCGAAK01CO001_11,https://kr.mcmworldwide.com/ko_KR/%EA%B0%80%EB%B0%A9/%EB%AF%B8%EB%8B%88%EB%B0%B1/diamond-%EB%B9%84%EC%84%B8%ED%86%A0%EC%8A%A4-%EB%A0%88%EB%8D%94-%EB%AF%B9%EC%8A%A4-%ED%81%B4%EB%9F%AC%EC%B9%98/MWCGAAK01CO001.html?cgid=bags-mini-bags
MXZGSTA01CO001,Aren 비세토스 핸드폰 랜야드,,Aren,가죽 랜야드 스트랩과 천연 가죽 트림이 더해진 비세토스 모노그램 캔버스 핸드폰 월렛,"장인정신이 깃든 모바일 액세서리, 아렌 핸드폰 랜야드는 시그니처 비세토스 캔버스와 천연 나파 가죽의 조합으로 완성되었습니다. 뮌헨 하우스의 아이코닉 브라스 플레이트로 품격을 더하였으며, 부드러운 레더 스트랩을 활용해 세련된 핸즈프리 스타일링이 가능합니다.",비세토스 모노그램 캔버스,코튼 트윌 안감,약 4 x 20 x 11 센티미터,대한민국,cognac,S,품절,아이폰 16 프로 맥스 수납 가능 | 가죽 스트랩 | 로고 브라스 플레이트 | 마그네틱 스냅 클로저 | 내부 카드 슬롯 | 지퍼 수납 공간 | 바디:비세토스 모노그램 캔버스 | 트림:천연 가죽 | 24K 골드 도금 브라스 하드웨어 | 코튼 트윌 안감 | 약 4 x 20 x 11 센티미터 | 스트랩 드롭: 55 cm | 제조국: 대한민국,https://images.mcmworldwide.com/i/mcmworldwide/MXZGSTA01CO001_01 | https://images.mcmworldwide.com/i/mcmworldwide/MXZGSTA01CO001_09 | https://images.mcmworldwide.com/i/mcmworldwide/MXZGSTA01CO001_02 | https://images.mcmworldwide.com/i/mcmworldwide/MXZGSTA01CO001_03 | https://images.mcmworldwide.com/i/mcmworldwide/MXZGSTA01CO001_04 | https://images.mcmworldwide.com/i/mcmworldwide/MXZGSTA01CO001_05 | https://images.mcmworldwide.com/i/mcmworldwide/MXZGSTA01CO001_10 | https://images.mcmworldwide.com/i/mcmworldwide/MXZGSTA01CO001_11 | https://images.mcmworldwide.com/i/mcmworldwide/MXZGSTA01CO001_01 | https://images.mcmworldwide.com/i/mcmworldwide/MXZGSTA01CO001_09 | https://images.mcmworldwide.com/i/mcmworldwide/MXZGSTA01CO001_02 | https://images.mcmworldwide.com/i/mcmworldwide/MXZGSTA01CO001_03 | https://images.mcmworldwide.com/i/mcmworldwide/MXZGSTA01CO001_04 | https://images.mcmworldwide.com/i/mcmworldwide/MXZGSTA01CO001_05 | https://images.mcmworldwide.com/i/mcmworldwide/MXZGSTA01CO001_10 | https://images.mcmworldwide.com/i/mcmworldwide/MXZGSTA01CO001_11,https://kr.mcmworldwide.com/ko_KR/%EA%B0%80%EB%B0%A9/%EB%AF%B8%EB%8B%88%EB%B0%B1/aren-%EB%B9%84%EC%84%B8%ED%86%A0%EC%8A%A4-%ED%95%B8%EB%93%9C%ED%8F%B0-%EB%9E%9C%EC%95%BC%EB%93%9C/MXZGSTA01CO001.html?cgid=bags-mini-bags
MXZGATA12PZ001,Aren Crossbody Wallet in Visetos,,Aren,Visetos monogram canvas phone wallet with leather lanyard strap and leather trim,"A mobile accessory with an artisanal foundation, the Aren lanyard wallet is sculpted from a signature duet of Visetos canvas and nappa leather. Enriched by the iconic brass plate of the Munich House, the accessory is finished with a supple leather strap for hands-free sophistication.",,,약 4 x 20 x 11 센티미터,대한민국,soft pink,M,품절,Fits iPhone 17 Pro Max | Leather strap | Logo brass plate | Magnetic snap closure | Interior card slots | Zip compartment | Body: Visetos monogram canvas | Leather trim | 16k gold-plated metal hardware | Cotton twill lining | 약 4 x 20 x 11 센티미터 | Strap drop: 55 cm | 제조국: 대한민국,https://images.mcmworldwide.com/i/mcmworldwide/MXZGATA12PZ001_01 | https://images.mcmworldwide.com/i/mcmworldwide/MXZGATA12PZ001_09 | https://images.mcmworldwide.com/i/mcmworldwide/MXZGATA12PZ001_02 | https://images.mcmworldwide.com/i/mcmworldwide/MXZGATA12PZ001_03 | https://images.mcmworldwide.com/i/mcmworldwide/MXZGATA12PZ001_04 | https://images.mcmworldwide.com/i/mcmworldwide/MXZGATA12PZ001_05 | https://images.mcmworldwide.com/i/mcmworldwide/MXZGATA12PZ001_10 | https://images.mcmworldwide.com/i/mcmworldwide/MXZGATA12PZ001_01 | https://images.mcmworldwide.com/i/mcmworldwide/MXZGATA12PZ001_09 | https://images.mcmworldwide.com/i/mcmworldwide/MXZGATA12PZ001_02 | https://images.mcmworldwide.com/i/mcmworldwide/MXZGATA12PZ001_03 | https://images.mcmworldwide.com/i/mcmworldwide/MXZGATA12PZ001_04 | https://images.mcmworldwide.com/i/mcmworldwide/MXZGATA12PZ001_05 | https://images.mcmworldwide.com/i/mcmworldwide/MXZGATA12PZ001_10,https://kr.mcmworldwide.com/ko_KR/%EA%B0%80%EB%B0%A9/%EB%AF%B8%EB%8B%88%EB%B0%B1/aren-crossbody-wallet-in-visetos/MXZGATA12PZ001.html?cgid=bags-mini-bags
MXZGATA04BK001,Aren 엠보스드 모노그램 레더 크로스바디 지갑,,Aren,엠보싱 비세토스 모노그램과 가죽 스트랩이 더해진 풀그레인 레더 폰 월렛,"시간이 지나도 변하지 않는 감성을 담은 Aren 지갑. 블랙 나파 가죽에 시그니처 비세토스 모노그램을 엠보싱으로 더했으며, 가죽 스트랩을 통해 핸즈프리 스타일을 완성합니다.",풀 그레인 나파 레더,코튼 트윌 안감,약 4 x 21 x 11 센티미터,대한민국,black,프리 사이즈,품절,iPhone 17 Pro Max 수납 가능 | 가죽 스트랩 | 엠보스드 비세토스 모노그램 | 마그네틱 스냅 클로저 | 내부 카드 슬롯 | 지퍼 수납 공간 | 바디: 풀 그레인 나파 레더 | 다크 메탈 하드웨어 | 코튼 트윌 안감 | 약 4 x 21 x 11 센티미터 | 스트랩 드롭: 55 cm | 제조국: 대한민국,https://images.mcmworldwide.com/i/mcmworldwide/MXZGATA04BK001_01 | https://images.mcmworldwide.com/i/mcmworldwide/MXZGATA04BK001_09 | https://images.mcmworldwide.com/i/mcmworldwide/MXZGATA04BK001_02 | https://images.mcmworldwide.com/i/mcmworldwide/MXZGATA04BK001_03 | https://images.mcmworldwide.com/i/mcmworldwide/MXZGATA04BK001_04 | https://images.mcmworldwide.com/i/mcmworldwide/MXZGATA04BK001_05 | https://images.mcmworldwide.com/i/mcmworldwide/MXZGATA04BK001_10 | https://images.mcmworldwide.com/i/mcmworldwide/MXZGATA04BK001_01 | https://images.mcmworldwide.com/i/mcmworldwide/MXZGATA04BK001_09 | https://images.mcmworldwide.com/i/mcmworldwide/MXZGATA04BK001_02 | https://images.mcmworldwide.com/i/mcmworldwide/MXZGATA04BK001_03 | https://images.mcmworldwide.com/i/mcmworldwide/MXZGATA04BK001_04 | https://images.mcmworldwide.com/i/mcmworldwide/MXZGATA04BK001_05 | https://images.mcmworldwide.com/i/mcmworldwide/MXZGATA04BK001_10,https://kr.mcmworldwide.com/ko_KR/%EA%B0%80%EB%B0%A9/%EB%AF%B8%EB%8B%88%EB%B0%B1/aren-%EC%97%A0%EB%B3%B4%EC%8A%A4%EB%93%9C-%EB%AA%A8%EB%85%B8%EA%B7%B8%EB%9E%A8-%EB%A0%88%EB%8D%94-%ED%81%AC%EB%A1%9C%EC%8A%A4%EB%B0%94%EB%94%94-%EC%A7%80%EA%B0%91/MXZGATA04BK001.html?cgid=bags-mini-bags
MYLFATA01CO001,Aren 비세토스 크로스바디 월렛,,Aren,"브라스 로고 플레이트 클로저와 내추럴 가죽 트리밍, 탈부착 가능한 가죽 스트랩이 더해진 비세토스 모노그램 캔버스 크로스바디 월렛.","클래식한 우아함에 브랜드 헤리티지를 더한 아이템.기능적 디자인이라는 바우하우스 철학을 반영해, 뮌헨 하우스의 시그니처 브라스 로고 플레이트를 스냅 클로저로 사용하여 모노그램 월렛에 고급스러운 포인트를 더했습니다.",비세토스 모노그램 캔버스,패브릭 라이닝,약 4 x 20 x 11 센티미터,대한민국,cognac,L,품절,탈착 가능한 가죽 스트랩 | 뒷면 외부 포켓 | 내부 카드 슬롯과 지퍼 수납공간 | Interior card slots and zip compartment | 바디: 비세토스 모노그램 캔버스 | 트림: 천연 가죽 | 24k 금도금 브라스 하드웨어 | 패브릭 라이닝 | 약 4 x 20 x 11 센티미터 | 스트랩 길이: 55cm | 제조국: 대한민국,https://images.mcmworldwide.com/i/mcmworldwide/MYLFATA01CO001_01 | https://images.mcmworldwide.com/i/mcmworldwide/MYLFATA01CO001_09 | https://images.mcmworldwide.com/i/mcmworldwide/MYLFATA01CO001_03 | https://images.mcmworldwide.com/i/mcmworldwide/MYLFATA01CO001_04 | https://images.mcmworldwide.com/i/mcmworldwide/MYLFATA01CO001_01 | https://images.mcmworldwide.com/i/mcmworldwide/MYLFATA01CO001_09 | https://images.mcmworldwide.com/i/mcmworldwide/MYLFATA01CO001_03 | https://images.mcmworldwide.com/i/mcmworldwide/MYLFATA01CO001_04 | https://images.mcmworldwide.com/i/mcmworldwide/MYLFATA01CO001_01,https://kr.mcmworldwide.com/ko_KR/%EA%B0%80%EB%B0%A9/%EB%AF%B8%EB%8B%88%EB%B0%B1/aren-%EB%B9%84%EC%84%B8%ED%86%A0%EC%8A%A4-%ED%81%AC%EB%A1%9C%EC%8A%A4%EB%B0%94%EB%94%94-%EC%9B%94%EB%A0%9B/MYLFATA01CO001.html?cgid=bags-mini-bags
MYLFATA01PZ001,Aren 비세토스 크로스바디 월렛,,Aren,브라스 로고 플레이트 클로저와 천연 가죽 트리밍이 돋보이는 크로스바디 월렛,"클래식한 우아함에 브랜드 헤리티지를 상징하는 디테일이 더해졌습니다. 바우하우스의 기능주의 철학을 반영한 디자인으로, 18K 금 도금 로고 브라스 플레이트가 스냅 잠금장치 역할을 하며 뮌헨하우스의 상징을 잘 담고 있습니다.",비세토스 모노그램 캔버스,패브릭 라이닝,약 4 x 20 x 11 센티미터,대한민국,soft pink,L,품절,탈부착 가능한 가죽 스트랩 | 뒷면 외부 포켓 | 로고 브라스 플레이트 스냅 클로저 | 내부 카드 슬로과 지퍼 수납공간 | 바디: 비세토스 모노그램 캔버스 | 트림: 천연 나파 가죽 | 18K 금 도금 메탈 하드웨어 | 패브릭 라이닝 | 약 4 x 20 x 11 센티미터 | 핸들 길이: 55cm | 제조국: 대한민국,https://images.mcmworldwide.com/i/mcmworldwide/MYLFATA01PZ001_01 | https://images.mcmworldwide.com/i/mcmworldwide/MYLFATA01PZ001_09 | https://images.mcmworldwide.com/i/mcmworldwide/MYLFATA01PZ001_03 | https://images.mcmworldwide.com/i/mcmworldwide/MYLFATA01PZ001_04 | https://images.mcmworldwide.com/i/mcmworldwide/MYLFATA01PZ001_01 | https://images.mcmworldwide.com/i/mcmworldwide/MYLFATA01PZ001_09 | https://images.mcmworldwide.com/i/mcmworldwide/MYLFATA01PZ001_03 | https://images.mcmworldwide.com/i/mcmworldwide/MYLFATA01PZ001_04 | https://images.mcmworldwide.com/i/mcmworldwide/MYLFATA01PZ001_01,https://kr.mcmworldwide.com/ko_KR/%EA%B0%80%EB%B0%A9/%EB%AF%B8%EB%8B%88%EB%B0%B1/aren-%EB%B9%84%EC%84%B8%ED%86%A0%EC%8A%A4-%ED%81%AC%EB%A1%9C%EC%8A%A4%EB%B0%94%EB%94%94-%EC%9B%94%EB%A0%9B/MYLFATA01PZ001.html?cgid=bags-mini-bags
MYLGSTA01BK001,Aren 엠보스드 모노그램 레더 체인 월렛,,Aren,엠보싱 처리된 비세토스 모노그램 모티프가 돋보이는 내추럴 풀그레인 레더 월릿,"하우스의 헤리티지 코드를 담아 완성된 풀그레인 레더 월렛은 상징적인 브라스 플레이트 클로저로 아이코닉함을 더하고, 시그니처 비세토스 모노그램으로 세련된 디테일을 완성했습니다. 함께 제공되는 스트랩으로 클러치처럼 들거나 우아한 숄더 백으로 연출할 수 있습니다.",천연 풀 그레인 레더,패브릭 안감,약 3 x 20 x 11 센티미터,대한민국,black,L,품절,탈부착 가능한 스트랩 | 엠보싱 처리된 비세토스 모노그램 모티프 | 브라스 플레이트 스냅 잠금장치 | 카드 슬롯 | 내부 지퍼 포켓 | 바디: 천연 풀 그레인 레더 | 실버톤 코발트 브라스 하드웨어 | 패브릭 안감 | 약 3 x 20 x 11 센티미터 | 스트랩 드롭: 55 cm | 제조국: 대한민국,https://images.mcmworldwide.com/i/mcmworldwide/MYLGSTA01BK001_01 | https://images.mcmworldwide.com/i/mcmworldwide/MYLGSTA01BK001_09 | https://images.mcmworldwide.com/i/mcmworldwide/MYLGSTA01BK001_03 | https://images.mcmworldwide.com/i/mcmworldwide/MYLGSTA01BK001_04 | https://images.mcmworldwide.com/i/mcmworldwide/MYLGSTA01BK001_05 | https://images.mcmworldwide.com/i/mcmworldwide/MYLGSTA01BK001_10 | https://images.mcmworldwide.com/i/mcmworldwide/MYLGSTA01BK001_11 | https://images.mcmworldwide.com/i/mcmworldwide/MYLGSTA01BK001_01 | https://images.mcmworldwide.com/i/mcmworldwide/MYLGSTA01BK001_09 | https://images.mcmworldwide.com/i/mcmworldwide/MYLGSTA01BK001_03 | https://images.mcmworldwide.com/i/mcmworldwide/MYLGSTA01BK001_04 | https://images.mcmworldwide.com/i/mcmworldwide/MYLGSTA01BK001_05 | https://images.mcmworldwide.com/i/mcmworldwide/MYLGSTA01BK001_10 | https://images.mcmworldwide.com/i/mcmworldwide/MYLGSTA01BK001_11 | https://images.mcmworldwide.com/i/mcmworldwide/MYLGSTA01BK001_01,https://kr.mcmworldwide.com/ko_KR/%EA%B0%80%EB%B0%A9/%EB%AF%B8%EB%8B%88%EB%B0%B1/aren-%EC%97%A0%EB%B3%B4%EC%8A%A4%EB%93%9C-%EB%AA%A8%EB%85%B8%EA%B7%B8%EB%9E%A8-%EB%A0%88%EB%8D%94-%EC%B2%B4%EC%9D%B8-%EC%9B%94%EB%A0%9B/MYLGSTA01BK001.html?cgid=bags-mini-bags
MYLGSTA01QA001,Aren 엠보스드 모노그램 레더 체인 월렛,,Aren,엠보싱 처리된 비세토스 모노그램 모티프가 돋보이는 내추럴 풀그레인 레더 월릿,"하우스의 헤리티지 코드를 담아 완성된 풀그레인 레더 월렛은 상징적인 브라스 플레이트 클로저로 아이코닉함을 더하고, 시그니처 비세토스 모노그램으로 세련된 디테일을 완성했습니다. 함께 제공되는 스트랩으로 클러치처럼 들거나 우아한 숄더 백으로 연출할 수 있습니다.",천연 풀 그레인 레더,패브릭 안감,약 3 x 20 x 11 센티미터,대한민국,lotus,L,품절,탈부착 가능한 스트랩 | 엠보싱 처리된 비세토스 모노그램 모티프 | 브라스 플레이트 스냅 잠금장치 | 카드 슬롯 | 내부 지퍼 포켓 | 바디: 천연 풀 그레인 레더 | 16K 골드 도금 메탈 하드웨어 | 패브릭 안감 | 약 3 x 20 x 11 센티미터 | 스트랩 드롭: 55 cm | 제조국: 대한민국,https://images.mcmworldwide.com/i/mcmworldwide/MYLGSTA01QA001_01 | https://images.mcmworldwide.com/i/mcmworldwide/MYLGSTA01QA001_09 | https://images.mcmworldwide.com/i/mcmworldwide/MYLGSTA01QA001_03 | https://images.mcmworldwide.com/i/mcmworldwide/MYLGSTA01QA001_04 | https://images.mcmworldwide.com/i/mcmworldwide/MYLGSTA01QA001_05 | https://images.mcmworldwide.com/i/mcmworldwide/MYLGSTA01QA001_10 | https://images.mcmworldwide.com/i/mcmworldwide/MYLGSTA01QA001_01 | https://images.mcmworldwide.com/i/mcmworldwide/MYLGSTA01QA001_09 | https://images.mcmworldwide.com/i/mcmworldwide/MYLGSTA01QA001_03 | https://images.mcmworldwide.com/i/mcmworldwide/MYLGSTA01QA001_04 | https://images.mcmworldwide.com/i/mcmworldwide/MYLGSTA01QA001_05 | https://images.mcmworldwide.com/i/mcmworldwide/MYLGSTA01QA001_10 | https://images.mcmworldwide.com/i/mcmworldwide/MYLGSTA01QA001_01,https://kr.mcmworldwide.com/ko_KR/%EA%B0%80%EB%B0%A9/%EB%AF%B8%EB%8B%88%EB%B0%B1/aren-%EC%97%A0%EB%B3%B4%EC%8A%A4%EB%93%9C-%EB%AA%A8%EB%85%B8%EA%B7%B8%EB%9E%A8-%EB%A0%88%EB%8D%94-%EC%B2%B4%EC%9D%B8-%EC%9B%94%EB%A0%9B/MYLGSTA01QA001.html?cgid=bags-mini-bags
MWRGSTA02CO001,Aren 비세토스 레더 믹스 베니티 케이스,,Aren,천연 가죽 트리밍과 바이에른 다이아몬드 가죽 참 장식이 어우러진 비세토스 모노그램 캔버스 배니티 케이스,"하우스의 장인정신이 돋보이는 배니티 케이스로, 시그니처 비세토스 모노그램의 클래식한 레터링, 라우렐, 다이아몬드 패턴 위에 부드러운 가죽 디테일로 마감했습니다. 뮌헨 바이에른 다이아몬드에서 영감을 받은 가죽 참 장식이 포인트를 더합니다.",비세토스 모노그램 캔버스,스웨이드 마감의 극세사 안감,약 6 x 19 x 12 센티미터,대한민국,cognac,미니,품절,"탈부착이 가능하며 길이 조절이 가능한 가죽 스트랩 | 가죽 탑 핸들 | 로고가 엠보싱 처리된 탈부착 가능한 바바리안 다이아몬드 가죽 참 | 양방향 지퍼 클로저 | 내부 카드 슬롯 | 로고 엠보싱 패치가 더해진 내부 | 바디:비세토스 모노그램 캔버스 | 트림:천연 가죽 | 24K 골드 도금 브라스 하드웨어 | 스웨이드 마감의 극세사 안감 | 약 6 x 19 x 12 센티미터 | 스트랩 길이:125 cm to 133 cm , 핸들 드롭: 4 cm | 제조국: 대한민국",https://images.mcmworldwide.com/i/mcmworldwide/MWRGSTA02CO001_01 | https://images.mcmworldwide.com/i/mcmworldwide/MWRGSTA02CO001_09 | https://images.mcmworldwide.com/i/mcmworldwide/MWRGSTA02CO001_02 | https://images.mcmworldwide.com/i/mcmworldwide/MWRGSTA02CO001_03 | https://images.mcmworldwide.com/i/mcmworldwide/MWRGSTA02CO001_04 | https://images.mcmworldwide.com/i/mcmworldwide/MWRGSTA02CO001_05 | https://images.mcmworldwide.com/i/mcmworldwide/MWRGSTA02CO001_10 | https://images.mcmworldwide.com/i/mcmworldwide/MWRGSTA02CO001_11 | https://images.mcmworldwide.com/i/mcmworldwide/MWRGSTA02CO001_01 | https://images.mcmworldwide.com/i/mcmworldwide/MWRGSTA02CO001_09 | https://images.mcmworldwide.com/i/mcmworldwide/MWRGSTA02CO001_02 | https://images.mcmworldwide.com/i/mcmworldwide/MWRGSTA02CO001_03 | https://images.mcmworldwide.com/i/mcmworldwide/MWRGSTA02CO001_04 | https://images.mcmworldwide.com/i/mcmworldwide/MWRGSTA02CO001_05 | https://images.mcmworldwide.com/i/mcmworldwide/MWRGSTA02CO001_10 | https://images.mcmworldwide.com/i/mcmworldwide/MWRGSTA02CO001_11 | https://images.mcmworldwide.com/i/mcmworldwide/MWRGSTA02CO001_01,https://kr.mcmworldwide.com/ko_KR/%EA%B0%80%EB%B0%A9/%EB%AF%B8%EB%8B%88%EB%B0%B1/aren-%EB%B9%84%EC%84%B8%ED%86%A0%EC%8A%A4-%EB%A0%88%EB%8D%94-%EB%AF%B9%EC%8A%A4-%EB%B2%A0%EB%8B%88%ED%8B%B0-%EC%BC%80%EC%9D%B4%EC%8A%A4/MWRGSTA02CO001.html?cgid=bags-mini-bags
MWRGATA05CO001,Aren 비세토스 레더 믹스 베니티 케이스,,Aren,나파 가죽과 바바리안 다이아몬드 레더 참을 매치한 비세토스 모노그램 캔버스 바니티 케이스,"뷰티 제품을 포함하여 필수품을 우아하게 수납할 수 있는 베니티 케이스. 비세토스 캔버스와 부드러운 나파 가죽을 조화롭게 사용해 MCM의 클래식한 장인정신을 담아냈습니다. 가죽 크로스바디 스트랩이 함께 구성되며, 바이에른 다이아몬드에서 영감을 받은 가죽 로고 참으로 하우스의 독일 헤리티지를 표현했습니다.",탈부착이 가능하며 길이 조절이 가능한 가죽 크로스바디 스트랩,스웨이드 마감의 극세사 안감,약 9 x 23 x 14 센티미터,대한민국,cognac,S,품절,"탈부착이 가능하며 길이 조절이 가능한 가죽 크로스바디 스트랩 | 가죽 탑 핸들 | 탈부착 가능한 바이에른 다이아몬드 로고 레더 참 | 양방향 지퍼 클로저 | 내부 카드 슬롯 | 바디:비세토스 모노그램 캔버스 | 트림: 나파 가죽 | 24K 골드 도금 브라스 하드웨어 | 스웨이드 마감의 극세사 안감 | 약 9 x 23 x 14 센티미터 | 스트랩 길이: 99 cm - 123 cm, 핸들 드롭: 4.5 cm | 제조국: 대한민국",https://images.mcmworldwide.com/i/mcmworldwide/MWRGATA05CO001_01 | https://images.mcmworldwide.com/i/mcmworldwide/MWRGATA05CO001_09 | https://images.mcmworldwide.com/i/mcmworldwide/MWRGATA05CO001_02 | https://images.mcmworldwide.com/i/mcmworldwide/MWRGATA05CO001_03 | https://images.mcmworldwide.com/i/mcmworldwide/MWRGATA05CO001_04 | https://images.mcmworldwide.com/i/mcmworldwide/MWRGATA05CO001_05 | https://images.mcmworldwide.com/i/mcmworldwide/MWRGATA05CO001_10 | https://images.mcmworldwide.com/i/mcmworldwide/MWRGATA05CO001_11 | https://images.mcmworldwide.com/i/mcmworldwide/MWRGATA05CO001_01 | https://images.mcmworldwide.com/i/mcmworldwide/MWRGATA05CO001_09 | https://images.mcmworldwide.com/i/mcmworldwide/MWRGATA05CO001_02 | https://images.mcmworldwide.com/i/mcmworldwide/MWRGATA05CO001_03 | https://images.mcmworldwide.com/i/mcmworldwide/MWRGATA05CO001_04 | https://images.mcmworldwide.com/i/mcmworldwide/MWRGATA05CO001_05 | https://images.mcmworldwide.com/i/mcmworldwide/MWRGATA05CO001_10 | https://images.mcmworldwide.com/i/mcmworldwide/MWRGATA05CO001_11 | https://images.mcmworldwide.com/i/mcmworldwide/MWRGATA05CO001_01,https://kr.mcmworldwide.com/ko_KR/%EA%B0%80%EB%B0%A9/%EB%AF%B8%EB%8B%88%EB%B0%B1/aren-%EB%B9%84%EC%84%B8%ED%86%A0%EC%8A%A4-%EB%A0%88%EB%8D%94-%EB%AF%B9%EC%8A%A4-%EB%B2%A0%EB%8B%88%ED%8B%B0-%EC%BC%80%EC%9D%B4%EC%8A%A4/MWRGATA05CO001.html?cgid=bags-mini-bags
MWRGSTA02PZ001,Aren 비세토스 레더 믹스 베니티 케이스,,Aren,천연 가죽 트리밍과 바이에른 다이아몬드 가죽 참 장식이 어우러진 비세토스 모노그램 캔버스 배니티 케이스,"하우스의 장인정신이 돋보이는 배니티 케이스로, 시그니처 비세토스 모노그램의 클래식한 레터링, 라우렐, 다이아몬드 패턴 위에 부드러운 가죽 디테일로 마감했습니다. 뮌헨 바이에른 다이아몬드에서 영감을 받은 가죽 참 장식이 포인트를 더합니다.",비세토스 모노그램 캔버스,스웨이드 마감의 극세사 안감,약 6 x 19 x 12 센티미터,대한민국,soft pink,미니,품절,"탈부착이 가능하며 길이 조절이 가능한 가죽 스트랩 | 가죽 탑 핸들 | 로고가 엠보싱 처리된 탈부착 가능한 바바리안 다이아몬드 가죽 참 | 양방향 지퍼 클로저 | 내부 카드 슬롯 | 로고 엠보싱 패치가 더해진 내부 | 바디:비세토스 모노그램 캔버스 | 트림:천연 가죽 | 16K 골드 도금 메탈 하드웨어 | 스웨이드 마감의 극세사 안감 | 약 6 x 19 x 12 센티미터 | 스트랩 길이:125 cm to 133 cm , 핸들 드롭: 4 cm | 제조국: 대한민국",https://images.mcmworldwide.com/i/mcmworldwide/MWRGSTA02PZ001_01 | https://images.mcmworldwide.com/i/mcmworldwide/MWRGSTA02PZ001_09 | https://images.mcmworldwide.com/i/mcmworldwide/MWRGSTA02PZ001_02 | https://images.mcmworldwide.com/i/mcmworldwide/MWRGSTA02PZ001_03 | https://images.mcmworldwide.com/i/mcmworldwide/MWRGSTA02PZ001_04 | https://images.mcmworldwide.com/i/mcmworldwide/MWRGSTA02PZ001_05 | https://images.mcmworldwide.com/i/mcmworldwide/MWRGSTA02PZ001_10 | https://images.mcmworldwide.com/i/mcmworldwide/MWRGSTA02PZ001_11 | https://images.mcmworldwide.com/i/mcmworldwide/MWRGSTA02PZ001_12 | https://images.mcmworldwide.com/i/mcmworldwide/MWRGSTA02PZ001_01 | https://images.mcmworldwide.com/i/mcmworldwide/MWRGSTA02PZ001_09 | https://images.mcmworldwide.com/i/mcmworldwide/MWRGSTA02PZ001_02 | https://images.mcmworldwide.com/i/mcmworldwide/MWRGSTA02PZ001_03 | https://images.mcmworldwide.com/i/mcmworldwide/MWRGSTA02PZ001_04 | https://images.mcmworldwide.com/i/mcmworldwide/MWRGSTA02PZ001_05 | https://images.mcmworldwide.com/i/mcmworldwide/MWRGSTA02PZ001_10 | https://images.mcmworldwide.com/i/mcmworldwide/MWRGSTA02PZ001_11 | https://images.mcmworldwide.com/i/mcmworldwide/MWRGSTA02PZ001_12 | https://images.mcmworldwide.com/i/mcmworldwide/MWRGSTA02PZ001_01,https://kr.mcmworldwide.com/ko_KR/%EA%B0%80%EB%B0%A9/%EB%AF%B8%EB%8B%88%EB%B0%B1/aren-%EB%B9%84%EC%84%B8%ED%86%A0%EC%8A%A4-%EB%A0%88%EB%8D%94-%EB%AF%B9%EC%8A%A4-%EB%B2%A0%EB%8B%88%ED%8B%B0-%EC%BC%80%EC%9D%B4%EC%8A%A4/MWRGSTA02PZ001.html?cgid=bags-mini-bags
MWRGSTA01BK001,Aren 맥시 모노그램 레더 베니티 케이스,,Aren,엠보싱 처리된 맥시 비세토스 모노그램 모티프와 바이에른 다이아몬드 레더 참이 어우러진 내추럴 풀그레인 레더 베니티 케이스,뮌헨 하우스의 클래식 코드를 담아 이탈리아산 풀그레인 레더로 제작된 미니 베니티 케이스. 시그니처 비세토스 모노그램의 엠보싱 디테일과 바이에른 다이아몬드에서 영감을 받은 레더 참이 더해져 고급스러움을 한층 강조합니다.,천연 풀 그레인 레더,스웨이드 마감의 극세사 안감,약 6 x 19 x 12 센티미터,이탈리아,black,미니,품절,"탈부착이 가능하며 길이 조절이 가능한 가죽 스트랩 | 가죽 탑 핸들 | 엠보싱 처리된 맥시 비세토스 모노그램 모티프 | 로고가 엠보싱 처리된 탈부착 가능한 바바리안 다이아몬드 가죽 참 | 양방향 지퍼 클로저 | 내부 카드 슬롯 | 로고 엠보싱 패치가 더해진 내부 | 바디: 천연 풀 그레인 레더 | 실버톤 코발트 브라스 하드웨어 | 스웨이드 마감의 극세사 안감 | 약 6 x 19 x 12 센티미터 | 스트랩 길이: 125 cm - 133 cm, 핸들 드롭: 4 cm | 제조국: 이탈리아",https://images.mcmworldwide.com/i/mcmworldwide/MWRGSTA01BK001_01 | https://images.mcmworldwide.com/i/mcmworldwide/MWRGSTA01BK001_09 | https://images.mcmworldwide.com/i/mcmworldwide/MWRGSTA01BK001_02 | https://images.mcmworldwide.com/i/mcmworldwide/MWRGSTA01BK001_03 | https://images.mcmworldwide.com/i/mcmworldwide/MWRGSTA01BK001_04 | https://images.mcmworldwide.com/i/mcmworldwide/MWRGSTA01BK001_05 | https://images.mcmworldwide.com/i/mcmworldwide/MWRGSTA01BK001_10 | https://images.mcmworldwide.com/i/mcmworldwide/MWRGSTA01BK001_11 | https://images.mcmworldwide.com/i/mcmworldwide/MWRGSTA01BK001_01 | https://images.mcmworldwide.com/i/mcmworldwide/MWRGSTA01BK001_09 | https://images.mcmworldwide.com/i/mcmworldwide/MWRGSTA01BK001_02 | https://images.mcmworldwide.com/i/mcmworldwide/MWRGSTA01BK001_03 | https://images.mcmworldwide.com/i/mcmworldwide/MWRGSTA01BK001_04 | https://images.mcmworldwide.com/i/mcmworldwide/MWRGSTA01BK001_05 | https://images.mcmworldwide.com/i/mcmworldwide/MWRGSTA01BK001_10 | https://images.mcmworldwide.com/i/mcmworldwide/MWRGSTA01BK001_11 | https://images.mcmworldwide.com/i/mcmworldwide/MWRGSTA01BK001_01,https://kr.mcmworldwide.com/ko_KR/%EA%B0%80%EB%B0%A9/%EB%AF%B8%EB%8B%88%EB%B0%B1/aren-%EB%A7%A5%EC%8B%9C-%EB%AA%A8%EB%85%B8%EA%B7%B8%EB%9E%A8-%EB%A0%88%EB%8D%94-%EB%B2%A0%EB%8B%88%ED%8B%B0-%EC%BC%80%EC%9D%B4%EC%8A%A4/MWRGSTA01BK001.html?cgid=bags-mini-bags
MWRGATA05BK001,Aren 비세토스 레더 믹스 베니티 케이스,,Aren,천연 가죽 트리밍과 바이에른 다이아몬드 가죽 참 장식이 어우러진 비세토스 모노그램 캔버스 배니티 케이스,"하우스의 장인정신이 돋보이는 배니티 케이스로, 시그니처 비세토스 모노그램의 클래식한 레터링, 라우렐, 다이아몬드 패턴 위에 부드러운 가죽 디테일로 마감했습니다. 뮌헨 바이에른 다이아몬드에서 영감을 받은 가죽 참 장식이 포인트를 더합니다.",,스웨이드 마감의 극세사 안감,약 9 x 23 x 14 센티미터,대한민국,black,S,품절,"탈부착이 가능하며 길이 조절이 가능한 가죽 스트랩 | 가죽 탑 핸들 | 로고가 엠보싱 처리된 탈부착 가능한 바바리안 다이아몬드 가죽 참 | 양방향 지퍼 클로저 | 내부 카드 슬롯 | 로고 엠보싱 패치가 더해진 내부 | Body: Visetos monogram canvas | 트림:천연 가죽 | 24K 골드 도금 브라스 하드웨어 | 스웨이드 마감의 극세사 안감 | 약 9 x 23 x 14 센티미터 | 스트랩 길이:125 cm to 133 cm , 핸들 드롭: 4 cm | 제조국: 대한민국",https://images.mcmworldwide.com/i/mcmworldwide/MWRGATA05BK001_01 | https://images.mcmworldwide.com/i/mcmworldwide/MWRGATA05BK001_09 | https://images.mcmworldwide.com/i/mcmworldwide/MWRGATA05BK001_02 | https://images.mcmworldwide.com/i/mcmworldwide/MWRGATA05BK001_03 | https://images.mcmworldwide.com/i/mcmworldwide/MWRGATA05BK001_04 | https://images.mcmworldwide.com/i/mcmworldwide/MWRGATA05BK001_05 | https://images.mcmworldwide.com/i/mcmworldwide/MWRGATA05BK001_10 | https://images.mcmworldwide.com/i/mcmworldwide/MWRGATA05BK001_11 | https://images.mcmworldwide.com/i/mcmworldwide/MWRGATA05BK001_01 | https://images.mcmworldwide.com/i/mcmworldwide/MWRGATA05BK001_09 | https://images.mcmworldwide.com/i/mcmworldwide/MWRGATA05BK001_02 | https://images.mcmworldwide.com/i/mcmworldwide/MWRGATA05BK001_03 | https://images.mcmworldwide.com/i/mcmworldwide/MWRGATA05BK001_04 | https://images.mcmworldwide.com/i/mcmworldwide/MWRGATA05BK001_05 | https://images.mcmworldwide.com/i/mcmworldwide/MWRGATA05BK001_10 | https://images.mcmworldwide.com/i/mcmworldwide/MWRGATA05BK001_11 | https://images.mcmworldwide.com/i/mcmworldwide/MWRGATA05BK001_01,https://kr.mcmworldwide.com/ko_KR/%EA%B0%80%EB%B0%A9/%EB%AF%B8%EB%8B%88%EB%B0%B1/aren-%EB%B9%84%EC%84%B8%ED%86%A0%EC%8A%A4-%EB%A0%88%EB%8D%94-%EB%AF%B9%EC%8A%A4-%EB%B2%A0%EB%8B%88%ED%8B%B0-%EC%BC%80%EC%9D%B4%EC%8A%A4/MWRGATA05BK001.html?cgid=bags-mini-bags
MWRGSTA01OQ001,Aren 맥시 모노그램 레더 베니티 케이스,,Aren,엠보싱 처리된 맥시 비세토스 모노그램 모티프와 바이에른 다이아몬드 가죽 참이 더해진 천연 풀그레인 가죽 베니티 케이스,뮌헨 하우스의 클래식 코드를 담아낸 이 베니티 케이스는 이탈리아산 천연 풀그레인 가죽에 시그니처 비세토스 모노그램을 엠보싱으로 표현했습니다. 바이에른 다이아몬드를 모티프로 한 가죽 참이 미니멀한 실루엣에 정제된 포인트를 더합니다.,천연 풀 그레인 레더,스웨이드 마감의 극세사 안감,약 6 x 19 x 12 센티미터,이탈리아,orangeade,미니,품절,"탈부착이 가능하며 길이 조절이 가능한 가죽 스트랩 | 가죽 탑 핸들 | 엠보싱 처리된 맥시 비세토스 모노그램 모티프 | 로고가 엠보싱 처리된 탈부착 가능한 바바리안 다이아몬드 가죽 참 | 양방향 지퍼 클로저 | 내부 카드 슬롯 | 로고 엠보싱 패치가 더해진 내부 | 바디: 천연 풀 그레인 레더 | 24K 골드 도금 브라스 하드웨어 | 스웨이드 마감의 극세사 안감 | 약 6 x 19 x 12 센티미터 | 스트랩 길이: 125 cm - 133 cm, 핸들 드롭: 4 cm | 제조국: 이탈리아",https://images.mcmworldwide.com/i/mcmworldwide/MWRGSTA01OQ001_01 | https://images.mcmworldwide.com/i/mcmworldwide/MWRGSTA01OQ001_09 | https://images.mcmworldwide.com/i/mcmworldwide/MWRGSTA01OQ001_02 | https://images.mcmworldwide.com/i/mcmworldwide/MWRGSTA01OQ001_03 | https://images.mcmworldwide.com/i/mcmworldwide/MWRGSTA01OQ001_04 | https://images.mcmworldwide.com/i/mcmworldwide/MWRGSTA01OQ001_05 | https://images.mcmworldwide.com/i/mcmworldwide/MWRGSTA01OQ001_10 | https://images.mcmworldwide.com/i/mcmworldwide/MWRGSTA01OQ001_11 | https://images.mcmworldwide.com/i/mcmworldwide/MWRGSTA01OQ001_01 | https://images.mcmworldwide.com/i/mcmworldwide/MWRGSTA01OQ001_09 | https://images.mcmworldwide.com/i/mcmworldwide/MWRGSTA01OQ001_02 | https://images.mcmworldwide.com/i/mcmworldwide/MWRGSTA01OQ001_03 | https://images.mcmworldwide.com/i/mcmworldwide/MWRGSTA01OQ001_04 | https://images.mcmworldwide.com/i/mcmworldwide/MWRGSTA01OQ001_05 | https://images.mcmworldwide.com/i/mcmworldwide/MWRGSTA01OQ001_10 | https://images.mcmworldwide.com/i/mcmworldwide/MWRGSTA01OQ001_11 | https://images.mcmworldwide.com/i/mcmworldwide/MWRGSTA01OQ001_01,https://kr.mcmworldwide.com/ko_KR/%EA%B0%80%EB%B0%A9/%EB%AF%B8%EB%8B%88%EB%B0%B1/aren-%EB%A7%A5%EC%8B%9C-%EB%AA%A8%EB%85%B8%EA%B7%B8%EB%9E%A8-%EB%A0%88%EB%8D%94-%EB%B2%A0%EB%8B%88%ED%8B%B0-%EC%BC%80%EC%9D%B4%EC%8A%A4/MWRGSTA01OQ001.html?cgid=bags-mini-bags
MWRGSTA01QA001,Aren 맥시 모노그램 레더 베니티 케이스,,Aren,엠보싱 맥시 비세토스 모노그램과 바이에른 다이아몬드 레더 참이 더해진 그레인 레더 베니티 케이스,뮌헨 하우스의 클래식 코드를 담아 이탈리아산 풀그레인 레더로 제작된 미니 베니티 케이스. 시그니처 비세토스 모노그램의 엠보싱 디테일과 바이에른 다이아몬드에서 영감을 받은 레더 참이 더해져 고급스러움을 한층 강조합니다.,풀그레인 가죽,스웨이드 마감의 극세사 안감,약 6 x 19 x 12 센티미터,이탈리아,lotus,미니,품절,"탈부착이 가능하며 길이 조절이 가능한 가죽 스트랩 | 가죽 탑 핸들 | 엠보싱 처리된 맥시 비세토스 모노그램 모티프 | 로고가 엠보싱 처리된 탈부착 가능한 바바리안 다이아몬드 가죽 참 | 양방향 지퍼 클로저 | 내부 카드 슬롯 | 바디:풀그레인 가죽 | 16K 골드 도금 메탈 하드웨어 | 스웨이드 마감의 극세사 안감 | 약 6 x 19 x 12 센티미터 | 스트랩 길이: 103 cm - 135 cm, 핸들 드롭: 4 cm | 제조국: 이탈리아",https://images.mcmworldwide.com/i/mcmworldwide/MWRGSTA01QA001_01 | https://images.mcmworldwide.com/i/mcmworldwide/MWRGSTA01QA001_09 | https://images.mcmworldwide.com/i/mcmworldwide/MWRGSTA01QA001_02 | https://images.mcmworldwide.com/i/mcmworldwide/MWRGSTA01QA001_03 | https://images.mcmworldwide.com/i/mcmworldwide/MWRGSTA01QA001_04 | https://images.mcmworldwide.com/i/mcmworldwide/MWRGSTA01QA001_05 | https://images.mcmworldwide.com/i/mcmworldwide/MWRGSTA01QA001_10 | https://images.mcmworldwide.com/i/mcmworldwide/MWRGSTA01QA001_01 | https://images.mcmworldwide.com/i/mcmworldwide/MWRGSTA01QA001_09 | https://images.mcmworldwide.com/i/mcmworldwide/MWRGSTA01QA001_02 | https://images.mcmworldwide.com/i/mcmworldwide/MWRGSTA01QA001_03 | https://images.mcmworldwide.com/i/mcmworldwide/MWRGSTA01QA001_04 | https://images.mcmworldwide.com/i/mcmworldwide/MWRGSTA01QA001_05 | https://images.mcmworldwide.com/i/mcmworldwide/MWRGSTA01QA001_10 | https://images.mcmworldwide.com/i/mcmworldwide/MWRGSTA01QA001_01,https://kr.mcmworldwide.com/ko_KR/%EA%B0%80%EB%B0%A9/%EB%AF%B8%EB%8B%88%EB%B0%B1/aren-%EB%A7%A5%EC%8B%9C-%EB%AA%A8%EB%85%B8%EA%B7%B8%EB%9E%A8-%EB%A0%88%EB%8D%94-%EB%B2%A0%EB%8B%88%ED%8B%B0-%EC%BC%80%EC%9D%B4%EC%8A%A4/MWRGSTA01QA001.html?cgid=bags-mini-bags
MWRGSXT01CO001,Tracy 비세토스 레더 믹스 크로스바디,,Tracy,라우렐 락 잠금장치와 이탈리안 카프스킨 레더 트림이 더해진 비세토스 모노그램 캔버스 크로스바디,이탈리아산 카프스킨 레더로 우아하게 마감된 미니 ‘트레이시’ 크로스바디 백은 시그니처 비세토스 캔버스 위에 하우스의 상징적인 라우렐 락 잠금장치로 완성되었습니다. 체인 링크 디자인이 더해진 가죽 스트랩이 사랑스러운 미니 실루엣을 더욱 돋보이게 합니다.,비세토스 모노그램 캔버스,스웨이드 마감의 극세사 안감,약 5 x 22 x 11 센티미터,대한민국,cognac,미니,품절,탈부착 가능한 레더 체인 믹스 스트랩 | 라우렐 락 클로저 | 내부 카드 슬롯과 지퍼 수납공간 | 바디:비세토스 모노그램 캔버스 | 트림: 이탈리안 카프스킨 | 24K 골드 도금 브라스 하드웨어 | 스웨이드 마감의 극세사 안감 | 약 5 x 22 x 11 센티미터 | 스트랩 드롭: 55 cm | 제조국: 대한민국,https://images.mcmworldwide.com/i/mcmworldwide/MWRGSXT01CO001_01 | https://images.mcmworldwide.com/i/mcmworldwide/MWRGSXT01CO001_09 | https://images.mcmworldwide.com/i/mcmworldwide/MWRGSXT01CO001_02 | https://images.mcmworldwide.com/i/mcmworldwide/MWRGSXT01CO001_03 | https://images.mcmworldwide.com/i/mcmworldwide/MWRGSXT01CO001_04 | https://images.mcmworldwide.com/i/mcmworldwide/MWRGSXT01CO001_05 | https://images.mcmworldwide.com/i/mcmworldwide/MWRGSXT01CO001_10 | https://images.mcmworldwide.com/i/mcmworldwide/MWRGSXT01CO001_11 | https://images.mcmworldwide.com/i/mcmworldwide/MWRGSXT01CO001_01 | https://images.mcmworldwide.com/i/mcmworldwide/MWRGSXT01CO001_09 | https://images.mcmworldwide.com/i/mcmworldwide/MWRGSXT01CO001_02 | https://images.mcmworldwide.com/i/mcmworldwide/MWRGSXT01CO001_03 | https://images.mcmworldwide.com/i/mcmworldwide/MWRGSXT01CO001_04 | https://images.mcmworldwide.com/i/mcmworldwide/MWRGSXT01CO001_05 | https://images.mcmworldwide.com/i/mcmworldwide/MWRGSXT01CO001_10 | https://images.mcmworldwide.com/i/mcmworldwide/MWRGSXT01CO001_11 | https://images.mcmworldwide.com/i/mcmworldwide/MWRGSXT01CO001_01,https://kr.mcmworldwide.com/ko_KR/%EA%B0%80%EB%B0%A9/%EB%AF%B8%EB%8B%88%EB%B0%B1/tracy-%EB%B9%84%EC%84%B8%ED%86%A0%EC%8A%A4-%EB%A0%88%EB%8D%94-%EB%AF%B9%EC%8A%A4-%ED%81%AC%EB%A1%9C%EC%8A%A4%EB%B0%94%EB%94%94/MWRGSXT01CO001.html?cgid=bags-mini-bags
MWRGSXT01BK001,Tracy 비세토스 레더 믹스 크로스바디,,Tracy,라우렐 락 잠금장치와 이탈리안 카프스킨 레더 트림이 더해진 비세토스 모노그램 캔버스 크로스바디,이탈리아산 카프스킨 레더로 우아하게 마감된 미니 ‘트레이시’ 크로스바디 백은 시그니처 비세토스 캔버스 위에 하우스의 상징적인 라우렐 락 잠금장치로 완성되었습니다. 체인 링크 디자인이 더해진 가죽 스트랩이 사랑스러운 미니 실루엣을 더욱 돋보이게 합니다.,비세토스 모노그램 캔버스,스웨이드 마감의 극세사 안감,약 5 x 22 x 11 센티미터,대한민국,black,미니,품절,탈부착 가능한 레더 체인 믹스 스트랩 | 라우렐 락 클로저 | 내부 카드 슬롯과 지퍼 수납공간 | 바디:비세토스 모노그램 캔버스 | 트림: 이탈리안 카프스킨 | 실버톤 코발트 브라스 하드웨어 | 스웨이드 마감의 극세사 안감 | 약 5 x 22 x 11 센티미터 | 스트랩 드롭: 55 cm | 제조국: 대한민국,https://images.mcmworldwide.com/i/mcmworldwide/MWRGSXT01BK001_01 | https://images.mcmworldwide.com/i/mcmworldwide/MWRGSXT01BK001_09 | https://images.mcmworldwide.com/i/mcmworldwide/MWRGSXT01BK001_02 | https://images.mcmworldwide.com/i/mcmworldwide/MWRGSXT01BK001_03 | https://images.mcmworldwide.com/i/mcmworldwide/MWRGSXT01BK001_04 | https://images.mcmworldwide.com/i/mcmworldwide/MWRGSXT01BK001_05 | https://images.mcmworldwide.com/i/mcmworldwide/MWRGSXT01BK001_10 | https://images.mcmworldwide.com/i/mcmworldwide/MWRGSXT01BK001_11 | https://images.mcmworldwide.com/i/mcmworldwide/MWRGSXT01BK001_01 | https://images.mcmworldwide.com/i/mcmworldwide/MWRGSXT01BK001_09 | https://images.mcmworldwide.com/i/mcmworldwide/MWRGSXT01BK001_02 | https://images.mcmworldwide.com/i/mcmworldwide/MWRGSXT01BK001_03 | https://images.mcmworldwide.com/i/mcmworldwide/MWRGSXT01BK001_04 | https://images.mcmworldwide.com/i/mcmworldwide/MWRGSXT01BK001_05 | https://images.mcmworldwide.com/i/mcmworldwide/MWRGSXT01BK001_10 | https://images.mcmworldwide.com/i/mcmworldwide/MWRGSXT01BK001_11 | https://images.mcmworldwide.com/i/mcmworldwide/MWRGSXT01BK001_01,https://kr.mcmworldwide.com/ko_KR/%EA%B0%80%EB%B0%A9/%EB%AF%B8%EB%8B%88%EB%B0%B1/tracy-%EB%B9%84%EC%84%B8%ED%86%A0%EC%8A%A4-%EB%A0%88%EB%8D%94-%EB%AF%B9%EC%8A%A4-%ED%81%AC%EB%A1%9C%EC%8A%A4%EB%B0%94%EB%94%94/MWRGSXT01BK001.html?cgid=bags-mini-bags
MWREATA01CO001,비세토스 아렌 숄더 백.,,비세토스,체인 스트랩과 나파 가죽 트림이 돋보이는 비세토스 모노그램 숄더백,클래식 코냑 비세토스와 천연 나파 가죽으로 제작하여 우아한 이동성을 간결하게 표현한 미니 체인 숄더백입니다. MCM만의 헤리티지 홀마크인 도금 브라스 로고 플레이트가 실루엣의 앞면을 장식합니다.,비세토스 모노그램 캔버스,스웨이드 마감 마이크로파이버 안감,약 6 x 21 x 11 센티미터,대한민국,cognac,미니,품절,골드톤 체인 스트랩 | 뒷면 외부 포켓 | MCM 로고 플레이트. | 자석 스냅 클로저. | 내부 지퍼 포켓 및 카드 슬롯. | 바디: 비세토스 모노그램 캔버스 | 트림: 천연 나파 가죽 | 24K 도금 브라스 금속 장식 | 스웨이드 마감 마이크로파이버 안감 | 약 6 x 21 x 11 센티미터 | 스트랩 드롭: 55cm. | 제조국: 대한민국,https://images.mcmworldwide.com/i/mcmworldwide/MWREATA01CO001_01 | https://images.mcmworldwide.com/i/mcmworldwide/MWREATA01CO001_09 | https://images.mcmworldwide.com/i/mcmworldwide/MWREATA01CO001_02 | https://images.mcmworldwide.com/i/mcmworldwide/MWREATA01CO001_03 | https://images.mcmworldwide.com/i/mcmworldwide/MWREATA01CO001_04 | https://images.mcmworldwide.com/i/mcmworldwide/MWREATA01CO001_01 | https://images.mcmworldwide.com/i/mcmworldwide/MWREATA01CO001_09 | https://images.mcmworldwide.com/i/mcmworldwide/MWREATA01CO001_02 | https://images.mcmworldwide.com/i/mcmworldwide/MWREATA01CO001_03 | https://images.mcmworldwide.com/i/mcmworldwide/MWREATA01CO001_04,https://kr.mcmworldwide.com/ko_KR/%EA%B0%80%EB%B0%A9/%EB%AF%B8%EB%8B%88%EB%B0%B1/%EB%B9%84%EC%84%B8%ED%86%A0%EC%8A%A4-%EC%95%84%EB%A0%8C-%EC%88%84%EB%8D%94-%EB%B0%B1./MWREATA01CO001.html?cgid=bags-mini-bags
MWRGSTA03BK001,Aren 비세토스 숄더백,,Aren,체인 스트랩과 천연 가죽 트림이 더해진 비세토스 모노그램 캔버스 숄더백,클래식 비세토스 캔버스와 천연 나파 가죽으로 제작된 미니 체인 숄더 백으로 간결한 실루엣 속에 우아한 감성을 담고 있습니다. 뮌헨 하우스의 상징인 로고 각인 브라스 플레이트는 헤리티지 무드를 더합니다.,비세토스 모노그램 캔버스,스웨이드 마감의 극세사 안감,약 6 x 21 x 11 센티미터,대한민국,black,엑스트라 미니,품절,체인 스트랩 | 뒷면의 외부 포켓 | 로고 브라스 플레이트 | 마그네틱 스냅 클로저 | 내부 지퍼 포켓과 카드 슬롯 | 바디:비세토스 모노그램 캔버스 | 트림:천연 가죽 | 실버톤 코발트 브라스 하드웨어 | 스웨이드 마감의 극세사 안감 | 약 6 x 21 x 11 센티미터 | 스트랩 드롭: 55 cm | 제조국: 대한민국,https://images.mcmworldwide.com/i/mcmworldwide/MWRGSTA03BK001_01 | https://images.mcmworldwide.com/i/mcmworldwide/MWRGSTA03BK001_09 | https://images.mcmworldwide.com/i/mcmworldwide/MWRGSTA03BK001_02 | https://images.mcmworldwide.com/i/mcmworldwide/MWRGSTA03BK001_03 | https://images.mcmworldwide.com/i/mcmworldwide/MWRGSTA03BK001_04 | https://images.mcmworldwide.com/i/mcmworldwide/MWRGSTA03BK001_05 | https://images.mcmworldwide.com/i/mcmworldwide/MWRGSTA03BK001_10 | https://images.mcmworldwide.com/i/mcmworldwide/MWRGSTA03BK001_01 | https://images.mcmworldwide.com/i/mcmworldwide/MWRGSTA03BK001_09 | https://images.mcmworldwide.com/i/mcmworldwide/MWRGSTA03BK001_02 | https://images.mcmworldwide.com/i/mcmworldwide/MWRGSTA03BK001_03 | https://images.mcmworldwide.com/i/mcmworldwide/MWRGSTA03BK001_04 | https://images.mcmworldwide.com/i/mcmworldwide/MWRGSTA03BK001_05 | https://images.mcmworldwide.com/i/mcmworldwide/MWRGSTA03BK001_10,https://kr.mcmworldwide.com/ko_KR/%EA%B0%80%EB%B0%A9/%EB%AF%B8%EB%8B%88%EB%B0%B1/aren-%EB%B9%84%EC%84%B8%ED%86%A0%EC%8A%A4-%EC%88%84%EB%8D%94%EB%B0%B1/MWRGSTA03BK001.html?cgid=bags-mini-bags
MYZGATA05CO001,Aren 비세토스 트라이엥글 크로스바디,,Aren,나파 가죽 트림과 가죽 크로스바디 스트랩을 더한 비세토스 모노그램 캔버스 트라이앵글 백,뮌헨의 헤리티지를 담아낸 미니 Aren(아렌) 트라이앵글 파우치는 바이에른 다이아몬드에서 영감을 받은 독창적인 디자인으로 완성되었습니다. 비세토스 캔버스로 제작된 기하학적 실루엣의 백으로 클래식 코냑 컬러의 시그니처 모노그램으로 완성되었습니다. 함께 제공되는 가죽 스트랩을 연결하거나 뒷면의 가죽 루프를 활용해 크로스바디 백 또는 벨트 백으로 연출할 수 있습니다.,,,약 6 x 24 x 19 센티미터,대한민국,cognac,미니,품절,"Detachable, adjustable crossbody leather strap | Logo brass plate | Zip closure | Interior card slots | Rear leather belt loops | Body: Visetos monogram canvas | Trim: Nappa leather | 24k gold-plated brass hardware | Microfiber lining with suede finish | 약 6 x 24 x 19 센티미터 | 104 cm to 128 cm strap length, Strap drop: 55 cm | 제조국: 대한민국",https://images.mcmworldwide.com/i/mcmworldwide/MYZGATA05CO001_01 | https://images.mcmworldwide.com/i/mcmworldwide/MYZGATA05CO001_09 | https://images.mcmworldwide.com/i/mcmworldwide/MYZGATA05CO001_02 | https://images.mcmworldwide.com/i/mcmworldwide/MYZGATA05CO001_03 | https://images.mcmworldwide.com/i/mcmworldwide/MYZGATA05CO001_04 | https://images.mcmworldwide.com/i/mcmworldwide/MYZGATA05CO001_05 | https://images.mcmworldwide.com/i/mcmworldwide/MYZGATA05CO001_06 | https://images.mcmworldwide.com/i/mcmworldwide/MYZGATA05CO001_10 | https://images.mcmworldwide.com/i/mcmworldwide/MYZGATA05CO001_11 | https://images.mcmworldwide.com/i/mcmworldwide/MYZGATA05CO001_01 | https://images.mcmworldwide.com/i/mcmworldwide/MYZGATA05CO001_09 | https://images.mcmworldwide.com/i/mcmworldwide/MYZGATA05CO001_02 | https://images.mcmworldwide.com/i/mcmworldwide/MYZGATA05CO001_03 | https://images.mcmworldwide.com/i/mcmworldwide/MYZGATA05CO001_04 | https://images.mcmworldwide.com/i/mcmworldwide/MYZGATA05CO001_05 | https://images.mcmworldwide.com/i/mcmworldwide/MYZGATA05CO001_06 | https://images.mcmworldwide.com/i/mcmworldwide/MYZGATA05CO001_10 | https://images.mcmworldwide.com/i/mcmworldwide/MYZGATA05CO001_11,https://kr.mcmworldwide.com/ko_KR/%EA%B0%80%EB%B0%A9/%EB%AF%B8%EB%8B%88%EB%B0%B1/aren-%EB%B9%84%EC%84%B8%ED%86%A0%EC%8A%A4-%ED%8A%B8%EB%9D%BC%EC%9D%B4%EC%97%A5%EA%B8%80-%ED%81%AC%EB%A1%9C%EC%8A%A4%EB%B0%94%EB%94%94/MYZGATA05CO001.html?cgid=bags-mini-bags
MYLFATA03CO001,Aren 비세토스 체인 월렛,,Aren,로고가 새겨진 브라스 플레이트 클로저와 천연 가죽 트림이 더해진 비세토스 모노그램 캔버스 체인 월렛,"시그니처 코냑 비세토스 캔버스로 제작된 미니 체인 월렛은 하우스의 클래식한 코드와 실용적인 우아함을 보여줍니다. 로고가 새겨진 브라스 플레이트 잠금장치로 포인트를 더하고 천연 가죽으로 마감된 내부에는 카드, 현금, 신분증 등을 수납할 수 있는 네 개의 공간으로 구성되어 있습니다.",비세토스 모노그램 캔버스,패브릭 안감,약 4 x 11 x 8 센티미터,대한민국,cognac,미니,품절,탈부착 가능한 체인 스트랩 | 로고가 각인된 브라스 스냅 잠금장치 | 4개의 내부 수납공간 | 바디:비세토스 모노그램 캔버스 | 트림:천연 가죽 | 24K 골드 도금 브라스 하드웨어 | 패브릭 안감 | 약 4 x 11 x 8 센티미터 | 스트랩 길이: 60 cm | 제조국: 대한민국,https://images.mcmworldwide.com/i/mcmworldwide/MYLFATA03CO001_01 | https://images.mcmworldwide.com/i/mcmworldwide/MYLFATA03CO001_09 | https://images.mcmworldwide.com/i/mcmworldwide/MYLFATA03CO001_03 | https://images.mcmworldwide.com/i/mcmworldwide/MYLFATA03CO001_04 | https://images.mcmworldwide.com/i/mcmworldwide/MYLFATA03CO001_01 | https://images.mcmworldwide.com/i/mcmworldwide/MYLFATA03CO001_09 | https://images.mcmworldwide.com/i/mcmworldwide/MYLFATA03CO001_03 | https://images.mcmworldwide.com/i/mcmworldwide/MYLFATA03CO001_04,https://kr.mcmworldwide.com/ko_KR/%EA%B0%80%EB%B0%A9/%EB%AF%B8%EB%8B%88%EB%B0%B1/aren-%EB%B9%84%EC%84%B8%ED%86%A0%EC%8A%A4-%EC%B2%B4%EC%9D%B8-%EC%9B%94%EB%A0%9B/MYLFATA03CO001.html?cgid=bags-mini-bags
MYLFATA03PZ001,Aren 비세토스 체인 월렛,,Aren,로고 브라스 플레이트 잠금장치와 천연 가죽 트리밍이 돋보이는 비세토스 모노그램 캔버스 체인 월렛,"부드러운 핑크 컬러의 비세토스 캔버스로 제작된 미니 체인 월렛입니다.하우스의 클래식한 코드를 담고 있으며, 아이코닉한 18K 골드 도금 로고 브라스 플레이트 잠금장치가 특징입니다. 천연 가죽으로 마감된 내부에는 카드, 현금, 신분증 등을 위한 네 개의 수납 공간으로 구성되어 있습니다.",비세토스 모노그램 캔버스,패브릭 안감,약 4 x 11 x 8 센티미터,대한민국,soft pink,미니,품절,탈부착 가능한 체인 스트랩 | 로고가 각인된 브라스 스냅 잠금장치 | 4개의 내부 수납공간 | 바디:비세토스 모노그램 캔버스 | 트림: 천연 나파 가죽 | 18K 골드 도금 메탈 하드웨어 | 패브릭 안감 | 약 4 x 11 x 8 센티미터 | 스트랩 길이: 60cm | 제조국: 대한민국,https://images.mcmworldwide.com/i/mcmworldwide/MYLFATA03PZ001_01 | https://images.mcmworldwide.com/i/mcmworldwide/MYLFATA03PZ001_09 | https://images.mcmworldwide.com/i/mcmworldwide/MYLFATA03PZ001_03 | https://images.mcmworldwide.com/i/mcmworldwide/MYLFATA03PZ001_04 | https://images.mcmworldwide.com/i/mcmworldwide/MYLFATA03PZ001_01 | https://images.mcmworldwide.com/i/mcmworldwide/MYLFATA03PZ001_09 | https://images.mcmworldwide.com/i/mcmworldwide/MYLFATA03PZ001_03 | https://images.mcmworldwide.com/i/mcmworldwide/MYLFATA03PZ001_04,https://kr.mcmworldwide.com/ko_KR/%EA%B0%80%EB%B0%A9/%EB%AF%B8%EB%8B%88%EB%B0%B1/aren-%EB%B9%84%EC%84%B8%ED%86%A0%EC%8A%A4-%EC%B2%B4%EC%9D%B8-%EC%9B%94%EB%A0%9B/MYLFATA03PZ001.html?cgid=bags-mini-bags
MYLGSTA02BK001,Aren 엠보스드 모노그램 레더 체인 월렛,,Aren,엠보싱 처리된 비세토스 모노그램 모티프가 돋보이는 내추럴 풀그레인 레더 월릿,"하우스의 헤리티지 코드를 담아 완성된 풀그레인 레더 월렛은 상징적인 브라스 플레이트 클로저로 아이코닉함을 더하고, 시그니처 비세토스 모노그램으로 세련된 디테일을 완성했습니다. 가벼운 체인 스트랩이 클래식한 디자인에 우아함을 더합니다.",천연 풀 그레인 레더,패브릭 안감,약 3 x 11 x 8 센티미터,대한민국,black,미니,품절,탈부착 가능한 체인 스트랩 | 엠보싱 처리된 비세토스 모노그램 모티프 | 브라스 플레이트 스냅 잠금장치 | 내부 수납공간 | 바디: 천연 풀 그레인 레더 | 실버톤 코발트 브라스 하드웨어 | 패브릭 안감 | 약 3 x 11 x 8 센티미터 | 스트랩 길이: 60cm | 제조국: 대한민국,https://images.mcmworldwide.com/i/mcmworldwide/MYLGSTA02BK001_01 | https://images.mcmworldwide.com/i/mcmworldwide/MYLGSTA02BK001_09 | https://images.mcmworldwide.com/i/mcmworldwide/MYLGSTA02BK001_03 | https://images.mcmworldwide.com/i/mcmworldwide/MYLGSTA02BK001_04 | https://images.mcmworldwide.com/i/mcmworldwide/MYLGSTA02BK001_05 | https://images.mcmworldwide.com/i/mcmworldwide/MYLGSTA02BK001_10 | https://images.mcmworldwide.com/i/mcmworldwide/MYLGSTA02BK001_01 | https://images.mcmworldwide.com/i/mcmworldwide/MYLGSTA02BK001_09 | https://images.mcmworldwide.com/i/mcmworldwide/MYLGSTA02BK001_03 | https://images.mcmworldwide.com/i/mcmworldwide/MYLGSTA02BK001_04 | https://images.mcmworldwide.com/i/mcmworldwide/MYLGSTA02BK001_05 | https://images.mcmworldwide.com/i/mcmworldwide/MYLGSTA02BK001_10,https://kr.mcmworldwide.com/ko_KR/%EA%B0%80%EB%B0%A9/%EB%AF%B8%EB%8B%88%EB%B0%B1/aren-%EC%97%A0%EB%B3%B4%EC%8A%A4%EB%93%9C-%EB%AA%A8%EB%85%B8%EA%B7%B8%EB%9E%A8-%EB%A0%88%EB%8D%94-%EC%B2%B4%EC%9D%B8-%EC%9B%94%EB%A0%9B/MYLGSTA02BK001.html?cgid=bags-mini-bags
MWPGSMT024B001,Toni 비세토스 탑 지퍼 쇼퍼,,Toni,가죽 트림과 레더 스트랩이 돋보이는 비세토스 모노그램 캔버스 쇼퍼백,"시나몬 비세토스 캔버스와 가죽으로 완성된 미니 Toni 쇼퍼. 기하학적 디자인이 시각적인 개성과 실용성을 동시에 구현합니다. 상단 지퍼 클로저가 더해졌으며, 마이크로파이버 스웨이드 안감은 고급스러운 내부 공간을 제공하며 소지품을 안전하게 보관하도록 도와줍니다.",비세토스 모노그램 캔버스,스웨이드 마감의 극세사 안감,약 10 x 19 x 19 센티미터,대한민국,cinnamon,미니,품절,"탈부착이 가능하며 길이 조절이 가능한 가죽 스트랩 | 가죽 탑 핸들 | 로고 브라스 플레이트 | 탑 지퍼 클로저 | Interior slip pocket with leather patch | D-ring detail for charms | 바디:비세토스 모노그램 캔버스 | 레더 트림 | 24K 골드 도금 브라스 하드웨어 | 스웨이드 마감의 극세사 안감 | 약 10 x 19 x 19 센티미터 | 스트랩 길이: 102cm - 128cm, 핸들 길이 11cm | 제조국: 대한민국",https://images.mcmworldwide.com/i/mcmworldwide/MWPGSMT024B001_01 | https://images.mcmworldwide.com/i/mcmworldwide/MWPGSMT024B001_09 | https://images.mcmworldwide.com/i/mcmworldwide/MWPGSMT024B001_02 | https://images.mcmworldwide.com/i/mcmworldwide/MWPGSMT024B001_03 | https://images.mcmworldwide.com/i/mcmworldwide/MWPGSMT024B001_04 | https://images.mcmworldwide.com/i/mcmworldwide/MWPGSMT024B001_05 | https://images.mcmworldwide.com/i/mcmworldwide/MWPGSMT024B001_10 | https://images.mcmworldwide.com/i/mcmworldwide/MWPGSMT024B001_01 | https://images.mcmworldwide.com/i/mcmworldwide/MWPGSMT024B001_09 | https://images.mcmworldwide.com/i/mcmworldwide/MWPGSMT024B001_02 | https://images.mcmworldwide.com/i/mcmworldwide/MWPGSMT024B001_03 | https://images.mcmworldwide.com/i/mcmworldwide/MWPGSMT024B001_04 | https://images.mcmworldwide.com/i/mcmworldwide/MWPGSMT024B001_05 | https://images.mcmworldwide.com/i/mcmworldwide/MWPGSMT024B001_10 | https://images.mcmworldwide.com/i/mcmworldwide/MWPGSMT024B001_01,https://kr.mcmworldwide.com/ko_KR/%EA%B0%80%EB%B0%A9/%EB%AF%B8%EB%8B%88%EB%B0%B1/toni-%EB%B9%84%EC%84%B8%ED%86%A0%EC%8A%A4-%ED%83%91-%EC%A7%80%ED%8D%BC-%EC%87%BC%ED%8D%BC/MWPGSMT024B001.html?cgid=bags-mini-bags
MWPGSMT02WT001,Toni 비세토스 탑 지퍼 쇼퍼,,Toni,나파 가죽 트림과 레더 스트랩이 더해진 비세토스 모노그램 캔버스 쇼퍼백,"비세토스 캔버스와 가죽으로 완성된 미니 Toni 쇼퍼. 기하학적 디자인이 시각적인 개성과 실용성을 동시에 구현합니다. 상단 지퍼 클로저가 더해졌으며, 마이크로파이버 스웨이드 안감은 고급스러운 내부 공간을 제공하며 소지품을 안전하게 보관하도록 도와줍니다.",비세토스 모노그램 캔버스,스웨이드 마감의 극세사 안감,약 10 x 19 x 19 센티미터,대한민국,white,미니,품절,"탈부착이 가능하며 길이 조절이 가능한 가죽 스트랩 | 가죽 탑 핸들 | 로고 브라스 플레이트 | 탑 지퍼 클로저 | 가죽 패치가 더해진 내부 슬립 포켓 | 참을 달 수 있는 D링 디테일 | 바디:비세토스 모노그램 캔버스 | 트림: 나파 가죽 | 실버톤 코발트 브라스 하드웨어 | 스웨이드 마감의 극세사 안감 | 약 10 x 19 x 19 센티미터 | 스트랩 길이: 108 cm - 132 cm, 핸들 드롭: 11 cm | 제조국: 대한민국",https://images.mcmworldwide.com/i/mcmworldwide/MWPGSMT02WT001_01 | https://images.mcmworldwide.com/i/mcmworldwide/MWPGSMT02WT001_09 | https://images.mcmworldwide.com/i/mcmworldwide/MWPGSMT02WT001_02 | https://images.mcmworldwide.com/i/mcmworldwide/MWPGSMT02WT001_03 | https://images.mcmworldwide.com/i/mcmworldwide/MWPGSMT02WT001_04 | https://images.mcmworldwide.com/i/mcmworldwide/MWPGSMT02WT001_05 | https://images.mcmworldwide.com/i/mcmworldwide/MWPGSMT02WT001_10 | https://images.mcmworldwide.com/i/mcmworldwide/MWPGSMT02WT001_01 | https://images.mcmworldwide.com/i/mcmworldwide/MWPGSMT02WT001_09 | https://images.mcmworldwide.com/i/mcmworldwide/MWPGSMT02WT001_02 | https://images.mcmworldwide.com/i/mcmworldwide/MWPGSMT02WT001_03 | https://images.mcmworldwide.com/i/mcmworldwide/MWPGSMT02WT001_04 | https://images.mcmworldwide.com/i/mcmworldwide/MWPGSMT02WT001_05 | https://images.mcmworldwide.com/i/mcmworldwide/MWPGSMT02WT001_10 | https://images.mcmworldwide.com/i/mcmworldwide/MWPGSMT02WT001_01,https://kr.mcmworldwide.com/ko_KR/%EA%B0%80%EB%B0%A9/%EB%AF%B8%EB%8B%88%EB%B0%B1/toni-%EB%B9%84%EC%84%B8%ED%86%A0%EC%8A%A4-%ED%83%91-%EC%A7%80%ED%8D%BC-%EC%87%BC%ED%8D%BC/MWPGSMT02WT001.html?cgid=bags-mini-bags
MWPAATN04CO001,Toni 비세토스 상단 지퍼 쇼퍼,,Toni,포함된 가죽 스트랩을 활용해 핸즈프리로 착용할 수 있는 탁월한 활용성의 컴팩트한 쇼퍼.,나파 가죽 트림과 시그니처 비세토스 코티드 캔버스로 제작되었으며 독특하고 실용적이며 기하학적 형태가 돋보이는 미니 토니 쇼퍼입니다. 상단 지퍼 클로저는 스트리트 헤리티지를 담은 인테리어 프린트가 더해진 고급 코튼 캔버스 내부에 소지품을 안전하게 보관해 줍니다.,,코튼 캔버스 안감.,약 10 x 19 x 19 센티미터,대한민국,cognac,미니,품절,외부 뒷면 슬립 포켓 | 상단 지퍼 클로저 | 내부 지퍼 포켓 및 슬립 포켓 | 참을 달 수 있는 D링 | 비세토스 모노그램 코티드 캔버스 | 나파 가죽 트림 | 24K 도금 메탈 금속 장식 | 코튼 캔버스 안감. | 약 10 x 19 x 19 센티미터 | 스트랩 길이: 98cm~114cm | 제조국: 대한민국,https://images.mcmworldwide.com/i/mcmworldwide/MWPAATN04CO001_01 | https://images.mcmworldwide.com/i/mcmworldwide/MWPAATN04CO001_09 | https://images.mcmworldwide.com/i/mcmworldwide/MWPAATN04CO001_02 | https://images.mcmworldwide.com/i/mcmworldwide/MWPAATN04CO001_03 | https://images.mcmworldwide.com/i/mcmworldwide/MWPAATN04CO001_04 | https://images.mcmworldwide.com/i/mcmworldwide/MWPAATN04CO001_05 | https://images.mcmworldwide.com/i/mcmworldwide/MWPAATN04CO001_06 | https://images.mcmworldwide.com/i/mcmworldwide/MWPAATN04CO001_10 | https://images.mcmworldwide.com/i/mcmworldwide/MWPAATN04CO001_01 | https://images.mcmworldwide.com/i/mcmworldwide/MWPAATN04CO001_09 | https://images.mcmworldwide.com/i/mcmworldwide/MWPAATN04CO001_02 | https://images.mcmworldwide.com/i/mcmworldwide/MWPAATN04CO001_03 | https://images.mcmworldwide.com/i/mcmworldwide/MWPAATN04CO001_04 | https://images.mcmworldwide.com/i/mcmworldwide/MWPAATN04CO001_05 | https://images.mcmworldwide.com/i/mcmworldwide/MWPAATN04CO001_06 | https://images.mcmworldwide.com/i/mcmworldwide/MWPAATN04CO001_10 | https://images.mcmworldwide.com/i/mcmworldwide/MWPAATN04CO001_01,https://kr.mcmworldwide.com/ko_KR/%EA%B0%80%EB%B0%A9/%EB%AF%B8%EB%8B%88%EB%B0%B1/toni-%EB%B9%84%EC%84%B8%ED%86%A0%EC%8A%A4-%EC%83%81%EB%8B%A8-%EC%A7%80%ED%8D%BC-%EC%87%BC%ED%8D%BC/MWPAATN04CO001.html?cgid=bags-mini-bags
MWPAATN04BK001,Toni 비세토스 상단 지퍼 쇼퍼,,Toni,포함된 가죽 스트랩을 활용해 핸즈프리로 착용할 수 있는 탁월한 활용성의 컴팩트한 쇼퍼.,나파 가죽 트림과 시그니처 비세토스 코티드 캔버스로 제작되었으며 독특하고 실용적이며 기하학적 형태가 돋보이는 미니 토니 쇼퍼입니다. 상단 지퍼 클로저는 스트리트 헤리티지를 담은 인테리어 프린트가 더해진 고급 코튼 캔버스 내부에 소지품을 안전하게 보관해 줍니다.,,코튼 캔버스 안감.,약 10 x 19 x 19 센티미터,대한민국,black,미니,품절,외부 뒷면 슬립 포켓 | 상단 지퍼 클로저 | 내부 지퍼 포켓 및 슬립 포켓 | 외부의 D-링 디테일 | 참을 달 수 있는 D링 | 비세토스 모노그램 코티드 캔버스 | 나파 가죽 트림 | 실버 톤 코발트 메탈 하드웨어. | 코튼 캔버스 안감. | 약 10 x 19 x 19 센티미터 | 스트랩 길이: 98cm~114cm | 제조국: 대한민국,https://images.mcmworldwide.com/i/mcmworldwide/MWPAATN04BK001_01 | https://images.mcmworldwide.com/i/mcmworldwide/MWPAATN04BK001_09 | https://images.mcmworldwide.com/i/mcmworldwide/MWPAATN04BK001_02 | https://images.mcmworldwide.com/i/mcmworldwide/MWPAATN04BK001_03 | https://images.mcmworldwide.com/i/mcmworldwide/MWPAATN04BK001_04 | https://images.mcmworldwide.com/i/mcmworldwide/MWPAATN04BK001_10 | https://images.mcmworldwide.com/i/mcmworldwide/MWPAATN04BK001_01 | https://images.mcmworldwide.com/i/mcmworldwide/MWPAATN04BK001_09 | https://images.mcmworldwide.com/i/mcmworldwide/MWPAATN04BK001_02 | https://images.mcmworldwide.com/i/mcmworldwide/MWPAATN04BK001_03 | https://images.mcmworldwide.com/i/mcmworldwide/MWPAATN04BK001_04 | https://images.mcmworldwide.com/i/mcmworldwide/MWPAATN04BK001_10 | https://images.mcmworldwide.com/i/mcmworldwide/MWPAATN04BK001_01,https://kr.mcmworldwide.com/ko_KR/%EA%B0%80%EB%B0%A9/%EB%AF%B8%EB%8B%88%EB%B0%B1/toni-%EB%B9%84%EC%84%B8%ED%86%A0%EC%8A%A4-%EC%83%81%EB%8B%A8-%EC%A7%80%ED%8D%BC-%EC%87%BC%ED%8D%BC/MWPAATN04BK001.html?cgid=bags-mini-bags
MWPFSMT06PZ001,Toni 비세토스 상단 지퍼 쇼퍼,,Toni,가죽 크로스바디 스트랩과 천연 나파 가죽 트림이 있는 비세토스 모노그램 캔버스 쇼퍼,토니 쇼퍼의 독특한 기하학적 디자인은 소프트 핑크 컬러의 우아함으로 표현됩니다. 부드러운 가죽 손잡이와 조절 가능한 가죽 스트랩으로 두 가지 스타일로 착용 가능.,비세토스 모노그램 캔버스,패브릭 안감.,약 10 x 19 x 19 센티미터,대한민국,soft pink,미니,품절,"탈부착 및 조절 가능한 가죽 스트랩 | 가죽 손잡이 부분 | MCM 로고 플레이트. | 뒷면 외부 포켓 | 지퍼 클로저 | 내부 포켓 및 지퍼 수납 공간. | 바디: 비세토스 모노그램 캔버스 | 트림: 천연 나파 가죽 | 18K 금 도금 메탈 하드웨어 | 패브릭 안감. | 약 10 x 19 x 19 센티미터 | 스트랩 길이: 98cm ~ 114cm, 핸들 드롭: 10cm | 제조국: 대한민국",https://images.mcmworldwide.com/i/mcmworldwide/MWPFSMT06PZ001_01 | https://images.mcmworldwide.com/i/mcmworldwide/MWPFSMT06PZ001_09 | https://images.mcmworldwide.com/i/mcmworldwide/MWPFSMT06PZ001_02 | https://images.mcmworldwide.com/i/mcmworldwide/MWPFSMT06PZ001_03 | https://images.mcmworldwide.com/i/mcmworldwide/MWPFSMT06PZ001_04 | https://images.mcmworldwide.com/i/mcmworldwide/MWPFSMT06PZ001_10 | https://images.mcmworldwide.com/i/mcmworldwide/MWPFSMT06PZ001_01 | https://images.mcmworldwide.com/i/mcmworldwide/MWPFSMT06PZ001_09 | https://images.mcmworldwide.com/i/mcmworldwide/MWPFSMT06PZ001_02 | https://images.mcmworldwide.com/i/mcmworldwide/MWPFSMT06PZ001_03 | https://images.mcmworldwide.com/i/mcmworldwide/MWPFSMT06PZ001_04 | https://images.mcmworldwide.com/i/mcmworldwide/MWPFSMT06PZ001_10 | https://images.mcmworldwide.com/i/mcmworldwide/MWPFSMT06PZ001_01,https://kr.mcmworldwide.com/ko_KR/%EA%B0%80%EB%B0%A9/%EB%AF%B8%EB%8B%88%EB%B0%B1/toni-%EB%B9%84%EC%84%B8%ED%86%A0%EC%8A%A4-%EC%83%81%EB%8B%A8-%EC%A7%80%ED%8D%BC-%EC%87%BC%ED%8D%BC/MWPFSMT06PZ001.html?cgid=bags-mini-bags
MWPFAMT08K8001,Toni 비세토스 탑 지퍼 쇼퍼,,Toni,뛰어난 활용성을 자랑하는 다재다능한 컴팩트 쇼퍼백,시그니처 비세토스 캔버스와 천연 가죽으로 제작된 미니 Toni 쇼퍼백은 클래식한 우아함과 실용성을 겸비합니다. 부드러운 마이크로파이버 스웨이드 안감과 뮌헨의 바이에른 다이아몬드에서 영감을 받은 가죽 패치 장식은 하우스의 뛰어난 장인정신과 세심한 디테일을 담아 정교하게 표현되었습니다.,탈부착이 가능하며 길이 조절이 가능한 가죽 크로스바디 스트랩,스웨이드 마감의 극세사 안감,약 10 x 19 x 19 센티미터,대한민국,khaki moss,미니,품절,"탈부착이 가능하며 길이 조절이 가능한 가죽 크로스바디 스트랩 | D링 디테일이 더해진 가죽 탑 핸들 | 로고 브라스 플레이트 | 탑 지퍼 클로저 | 내부 포켓과 가죽 다이아몬드 패치 | 바디:비세토스 모노그램 캔버스 | 트림:천연 가죽 | 실버톤 코발트 메탈 하드웨어 | 스웨이드 마감의 극세사 안감 | 약 10 x 19 x 19 센티미터 | 스트랩 길이: 102cm - 128cm, 핸들 길이 11cm | 제조국: 대한민국",https://images.mcmworldwide.com/i/mcmworldwide/MWPFAMT08K8001_01 | https://images.mcmworldwide.com/i/mcmworldwide/MWPFAMT08K8001_09 | https://images.mcmworldwide.com/i/mcmworldwide/MWPFAMT08K8001_02 | https://images.mcmworldwide.com/i/mcmworldwide/MWPFAMT08K8001_03 | https://images.mcmworldwide.com/i/mcmworldwide/MWPFAMT08K8001_04 | https://images.mcmworldwide.com/i/mcmworldwide/MWPFAMT08K8001_10 | https://images.mcmworldwide.com/i/mcmworldwide/MWPFAMT08K8001_01 | https://images.mcmworldwide.com/i/mcmworldwide/MWPFAMT08K8001_09 | https://images.mcmworldwide.com/i/mcmworldwide/MWPFAMT08K8001_02 | https://images.mcmworldwide.com/i/mcmworldwide/MWPFAMT08K8001_03 | https://images.mcmworldwide.com/i/mcmworldwide/MWPFAMT08K8001_04 | https://images.mcmworldwide.com/i/mcmworldwide/MWPFAMT08K8001_10 | https://images.mcmworldwide.com/i/mcmworldwide/MWPFAMT08K8001_01,https://kr.mcmworldwide.com/ko_KR/%EA%B0%80%EB%B0%A9/%EB%AF%B8%EB%8B%88%EB%B0%B1/toni-%EB%B9%84%EC%84%B8%ED%86%A0%EC%8A%A4-%ED%83%91-%EC%A7%80%ED%8D%BC-%EC%87%BC%ED%8D%BC/MWPFAMT08K8001.html?cgid=bags-mini-bags
MWPAATN04I8001,Toni 비세토스 상단 지퍼 쇼퍼,,Toni,포함된 가죽 스트랩을 활용해 핸즈프리로 착용할 수 있는 탁월한 활용성의 컴팩트한 쇼퍼.,나파 가죽 트림과 시그니처 비세토스 캔버스로 제작되었으며 개성 있고 실용적이며 기하학적 형태가 돋보이는 미니 토니 쇼퍼입니다. 고급스러운 코튼 캔버스 내부에 상단 지퍼 클로저로 소지품을 안전하게 보관할 수 있으며 하우스의 메트로폴리탄 정신에서 영감을 받은 그래픽 프린트가 돋보입니다.,,코튼 캔버스 안감.,약 10 x 19 x 19 센티미터,대한민국,beige + black,미니,품절,"탈부착 및 조절 가능한 가죽 스트랩 | 가죽 손잡이 부분 | 외부 포켓 | 상단 지퍼 클로저 | 내부 지퍼 포켓 및 슬립 포켓 | 참을 달 수 있는 D링 | 비세토스 모노그램 코티드 캔버스 | 나파 가죽 트림 | 24K 도금 브라스 금속 장식 | 코튼 캔버스 안감. | 약 10 x 19 x 19 센티미터 | 스트랩 길이: 98cm ~ 114cm, 핸들 드롭: 10cm | 제조국: 대한민국",https://images.mcmworldwide.com/i/mcmworldwide/MWPAATN04I8001_01 | https://images.mcmworldwide.com/i/mcmworldwide/MWPAATN04I8001_09 | https://images.mcmworldwide.com/i/mcmworldwide/MWPAATN04I8001_02 | https://images.mcmworldwide.com/i/mcmworldwide/MWPAATN04I8001_03 | https://images.mcmworldwide.com/i/mcmworldwide/MWPAATN04I8001_04 | https://images.mcmworldwide.com/i/mcmworldwide/MWPAATN04I8001_10 | https://images.mcmworldwide.com/i/mcmworldwide/MWPAATN04I8001_01 | https://images.mcmworldwide.com/i/mcmworldwide/MWPAATN04I8001_09 | https://images.mcmworldwide.com/i/mcmworldwide/MWPAATN04I8001_02 | https://images.mcmworldwide.com/i/mcmworldwide/MWPAATN04I8001_03 | https://images.mcmworldwide.com/i/mcmworldwide/MWPAATN04I8001_04 | https://images.mcmworldwide.com/i/mcmworldwide/MWPAATN04I8001_10 | https://images.mcmworldwide.com/i/mcmworldwide/MWPAATN04I8001_01,https://kr.mcmworldwide.com/ko_KR/%EA%B0%80%EB%B0%A9/%EB%AF%B8%EB%8B%88%EB%B0%B1/toni-%EB%B9%84%EC%84%B8%ED%86%A0%EC%8A%A4-%EC%83%81%EB%8B%A8-%EC%A7%80%ED%8D%BC-%EC%87%BC%ED%8D%BC/MWPAATN04I8001.html?cgid=bags-mini-bags
MWPGSMT04BK001,Toni 맥시 모노그램 레더 탑 지퍼 쇼퍼,,Toni,엠보싱 처리된 맥시 비세토스 모노그램 모티프가 돋보이는 내추럴 풀그레인 레더 쇼퍼,"이탈리아산 풀그레인 레더로 정교하게 제작된 Toni 쇼퍼는 시그니처 비세토스 모노그램의 업스케일 버전으로 뮌헨 하우스의 유서 깊은 헤리티지를 담았습니다. 부드러운 핸들을 이용해 토트로 연출하거나, 함께 제공되는 레더 스트랩을 사용하여 숄더백으로 연출, 다양한 룩을 완성할 수 있습니다.",천연 풀 그레인 레더,스웨이드 마감의 극세사 안감,약 9 x 19 x 19 센티미터,이탈리아,black,미니,품절,"탈부착이 가능하며 길이 조절이 가능한 가죽 스트랩 | 가죽 탑 핸들 | 엠보싱 처리된 맥시 모노그램 모티프 | 지퍼 클로저 | 가죽 패치가 더해진 내부 포켓 | 바디: 천연 풀 그레인 레더 | 실버톤 코발트 브라스 하드웨어 | 스웨이드 마감의 극세사 안감 | 약 9 x 19 x 19 센티미터 | 스트랩 길이: 108 cm - 132 cm, 핸들 드롭: 10.5 cm | 제조국: 이탈리아",https://images.mcmworldwide.com/i/mcmworldwide/MWPGSMT04BK001_01 | https://images.mcmworldwide.com/i/mcmworldwide/MWPGSMT04BK001_09 | https://images.mcmworldwide.com/i/mcmworldwide/MWPGSMT04BK001_02 | https://images.mcmworldwide.com/i/mcmworldwide/MWPGSMT04BK001_03 | https://images.mcmworldwide.com/i/mcmworldwide/MWPGSMT04BK001_04 | https://images.mcmworldwide.com/i/mcmworldwide/MWPGSMT04BK001_05 | https://images.mcmworldwide.com/i/mcmworldwide/MWPGSMT04BK001_10 | https://images.mcmworldwide.com/i/mcmworldwide/MWPGSMT04BK001_11 | https://images.mcmworldwide.com/i/mcmworldwide/MWPGSMT04BK001_12 | https://images.mcmworldwide.com/i/mcmworldwide/MWPGSMT04BK001_01 | https://images.mcmworldwide.com/i/mcmworldwide/MWPGSMT04BK001_09 | https://images.mcmworldwide.com/i/mcmworldwide/MWPGSMT04BK001_02 | https://images.mcmworldwide.com/i/mcmworldwide/MWPGSMT04BK001_03 | https://images.mcmworldwide.com/i/mcmworldwide/MWPGSMT04BK001_04 | https://images.mcmworldwide.com/i/mcmworldwide/MWPGSMT04BK001_05 | https://images.mcmworldwide.com/i/mcmworldwide/MWPGSMT04BK001_10 | https://images.mcmworldwide.com/i/mcmworldwide/MWPGSMT04BK001_11 | https://images.mcmworldwide.com/i/mcmworldwide/MWPGSMT04BK001_12,https://kr.mcmworldwide.com/ko_KR/%EA%B0%80%EB%B0%A9/%EB%AF%B8%EB%8B%88%EB%B0%B1/toni-%EB%A7%A5%EC%8B%9C-%EB%AA%A8%EB%85%B8%EA%B7%B8%EB%9E%A8-%EB%A0%88%EB%8D%94-%ED%83%91-%EC%A7%80%ED%8D%BC-%EC%87%BC%ED%8D%BC/MWPGSMT04BK001.html?cgid=bags-mini-bags
MWPGSMT03WT001,Toni 비세토스 탑 지퍼 쇼퍼,,Toni,나파 가죽 트림과 레더 스트랩이 더해진 비세토스 모노그램 캔버스 쇼퍼백,토니 쇼퍼백 특유 디자인을 축소하여 완성판 컴팩트한 백. 부드러운 가죽 핸들과 길이 조절이 가능한 가죽 스트랩이 더해져 다양한 룩으로 연출 할 수 있습니다.,비세토스 모노그램 캔버스,스웨이드 마감의 극세사 안감,약 9 x 16 x 14 센티미터,대한민국,white,엑스트라 미니,품절,"탈부착이 가능하며 길이 조절이 가능한 가죽 스트랩 | 가죽 탑 핸들 | 로고 브라스 플레이트 | 지퍼 클로저 | 가죽 패치가 더해진 내부 슬립 포켓 | 바디:비세토스 모노그램 캔버스 | 트림: 나파 가죽 | 실버톤 코발트 브라스 하드웨어 | 스웨이드 마감의 극세사 안감 | 약 9 x 16 x 14 센티미터 | 스트랩 길이: 106 cm - 130 cm, 핸들 드롭: 9 cm | 제조국: 대한민국",https://images.mcmworldwide.com/i/mcmworldwide/MWPGSMT03WT001_01 | https://images.mcmworldwide.com/i/mcmworldwide/MWPGSMT03WT001_09 | https://images.mcmworldwide.com/i/mcmworldwide/MWPGSMT03WT001_02 | https://images.mcmworldwide.com/i/mcmworldwide/MWPGSMT03WT001_03 | https://images.mcmworldwide.com/i/mcmworldwide/MWPGSMT03WT001_04 | https://images.mcmworldwide.com/i/mcmworldwide/MWPGSMT03WT001_05 | https://images.mcmworldwide.com/i/mcmworldwide/MWPGSMT03WT001_10 | https://images.mcmworldwide.com/i/mcmworldwide/MWPGSMT03WT001_11 | https://images.mcmworldwide.com/i/mcmworldwide/MWPGSMT03WT001_01 | https://images.mcmworldwide.com/i/mcmworldwide/MWPGSMT03WT001_09 | https://images.mcmworldwide.com/i/mcmworldwide/MWPGSMT03WT001_02 | https://images.mcmworldwide.com/i/mcmworldwide/MWPGSMT03WT001_03 | https://images.mcmworldwide.com/i/mcmworldwide/MWPGSMT03WT001_04 | https://images.mcmworldwide.com/i/mcmworldwide/MWPGSMT03WT001_05 | https://images.mcmworldwide.com/i/mcmworldwide/MWPGSMT03WT001_10 | https://images.mcmworldwide.com/i/mcmworldwide/MWPGSMT03WT001_11 | https://images.mcmworldwide.com/i/mcmworldwide/MWPGSMT03WT001_01,https://kr.mcmworldwide.com/ko_KR/%EA%B0%80%EB%B0%A9/%EB%AF%B8%EB%8B%88%EB%B0%B1/toni-%EB%B9%84%EC%84%B8%ED%86%A0%EC%8A%A4-%ED%83%91-%EC%A7%80%ED%8D%BC-%EC%87%BC%ED%8D%BC/MWPGSMT03WT001.html?cgid=bags-mini-bags
MWPFSMT03PZ001,Toni 비세토스 상단 지퍼 쇼퍼,,Toni,가죽 크로스바디 스트랩과 천연 나파 가죽 트림이 있는 비세토스 모노그램 캔버스 쇼퍼,토니 쇼퍼의 독특한 기하학적 디자인은 소프트 핑크 컬러의 우아함으로 표현됩니다. 부드러운 가죽 손잡이와 조절 가능한 가죽 스트랩으로 두 가지 스타일로 착용 가능.,비세토스 모노그램 캔버스,패브릭 안감.,약 9 x 16 x 14 센티미터,대한민국,soft pink,엑스트라 미니,품절,"탈부착 및 조절 가능한 가죽 스트랩 | 가죽 손잡이 부분 | MCM 로고 플레이트. | 뒷면 외부 포켓 | 지퍼 클로저 | 내부 포켓 및 카드 슬롯 | 바디: 비세토스 모노그램 캔버스 | 트림: 천연 나파 가죽 | 18K 금 도금 메탈 하드웨어 | 패브릭 안감. | 약 9 x 16 x 14 센티미터 | 스트랩 길이: 100cm ~ 126cm, 핸들 드롭: 9cm | 제조국: 대한민국",https://images.mcmworldwide.com/i/mcmworldwide/MWPFSMT03PZ001_01 | https://images.mcmworldwide.com/i/mcmworldwide/MWPFSMT03PZ001_09 | https://images.mcmworldwide.com/i/mcmworldwide/MWPFSMT03PZ001_02 | https://images.mcmworldwide.com/i/mcmworldwide/MWPFSMT03PZ001_03 | https://images.mcmworldwide.com/i/mcmworldwide/MWPFSMT03PZ001_04 | https://images.mcmworldwide.com/i/mcmworldwide/MWPFSMT03PZ001_10 | https://images.mcmworldwide.com/i/mcmworldwide/MWPFSMT03PZ001_01 | https://images.mcmworldwide.com/i/mcmworldwide/MWPFSMT03PZ001_09 | https://images.mcmworldwide.com/i/mcmworldwide/MWPFSMT03PZ001_02 | https://images.mcmworldwide.com/i/mcmworldwide/MWPFSMT03PZ001_03 | https://images.mcmworldwide.com/i/mcmworldwide/MWPFSMT03PZ001_04 | https://images.mcmworldwide.com/i/mcmworldwide/MWPFSMT03PZ001_10 | https://images.mcmworldwide.com/i/mcmworldwide/MWPFSMT03PZ001_01,https://kr.mcmworldwide.com/ko_KR/%EA%B0%80%EB%B0%A9/%EB%AF%B8%EB%8B%88%EB%B0%B1/toni-%EB%B9%84%EC%84%B8%ED%86%A0%EC%8A%A4-%EC%83%81%EB%8B%A8-%EC%A7%80%ED%8D%BC-%EC%87%BC%ED%8D%BC/MWPFSMT03PZ001.html?cgid=bags-mini-bags
MWPFSMT03BK001,Toni 비세토스 탑 지퍼 숄더,,Toni,가죽 크로스바디 스트랩과 천연 나파 가죽 트림이 더해진 비세토스 모노그램 캔버스 쇼퍼백,토니 쇼퍼백 특유 디자인을 축소하여 완성판 컴팩트한 백. 부드러운 가죽 핸들과 길이 조절이 가능한 가죽 스트랩이 더해져 다양한 룩으로 연출 할 수 있습니다.,비세토스 모노그램 캔버스,패브릭 안감,약 9 x 16 x 14 센티미터,대한민국,black,엑스트라 미니,품절,"탈부착이 가능하며 길이 조절이 가능한 가죽 스트랩 | 가죽 탑 핸들 | 로고 브라스 플레이트 | 뒷면의 외부 포켓 | 상단 지퍼 클로저 | 내부 포켓 및 카드 슬롯 | 바디:비세토스 모노그램 캔버스 | 트림: 천연 나파 가죽 | 실버톤 코발트 메탈 하드웨어 | 패브릭 안감 | 약 9 x 16 x 14 센티미터 | 스트랩 길이: 109.5cm - 13.5cm, 핸들 길이 9cm | 제조국: 대한민국",https://images.mcmworldwide.com/i/mcmworldwide/MWPFSMT03BK001_01 | https://images.mcmworldwide.com/i/mcmworldwide/MWPFSMT03BK001_09 | https://images.mcmworldwide.com/i/mcmworldwide/MWPFSMT03BK001_02 | https://images.mcmworldwide.com/i/mcmworldwide/MWPFSMT03BK001_03 | https://images.mcmworldwide.com/i/mcmworldwide/MWPFSMT03BK001_04 | https://images.mcmworldwide.com/i/mcmworldwide/MWPFSMT03BK001_10 | https://images.mcmworldwide.com/i/mcmworldwide/MWPFSMT03BK001_01 | https://images.mcmworldwide.com/i/mcmworldwide/MWPFSMT03BK001_09 | https://images.mcmworldwide.com/i/mcmworldwide/MWPFSMT03BK001_02 | https://images.mcmworldwide.com/i/mcmworldwide/MWPFSMT03BK001_03 | https://images.mcmworldwide.com/i/mcmworldwide/MWPFSMT03BK001_04 | https://images.mcmworldwide.com/i/mcmworldwide/MWPFSMT03BK001_10 | https://images.mcmworldwide.com/i/mcmworldwide/MWPFSMT03BK001_01,https://kr.mcmworldwide.com/ko_KR/%EA%B0%80%EB%B0%A9/%EB%AF%B8%EB%8B%88%EB%B0%B1/toni-%EB%B9%84%EC%84%B8%ED%86%A0%EC%8A%A4-%ED%83%91-%EC%A7%80%ED%8D%BC-%EC%88%84%EB%8D%94/MWPFSMT03BK001.html?cgid=bags-mini-bags
MWBESEA01CO001,Ella 비세토스 보스턴 백,,Ella,천연 나파 가죽 트림과 가죽 행택 및 금속 자물쇠가 돋보이는 비세토스 보스턴 백,Ella 미니 보스턴 백은 뮌헨의 황금기에서 탄생한 데일리 캐리올입니다. 당시의 여행용 트렁크에서 직접적으로 영감을 받아 가죽 행택과 로고 인그레이빙 금속 자물쇠로 제트 세터의 계보를 이은 실루엣입니다.,비세토스 모노그램 캔버스,스웨이드 마감 마이크로파이버 안감,약 9 x 18 x 10 센티미터,대한민국,cognac,미니,품절,"탈부착 및 조절 가능한 가죽 스트랩 | 가죽 손잡이 부분 | 탈부착 가능한 가죽 행택 및 금속 자물쇠 | 양방향 지퍼 클로저 | 내부 포켓 및 카드 슬롯 | 바디: 비세토스 모노그램 캔버스 | 트림: 나파 가죽 | 24K 도금 브라스 금속 장식 | 스웨이드 마감 마이크로파이버 안감 | 약 9 x 18 x 10 센티미터 | 스트랩 길이: 97cm ~ 113cm, 핸들 드롭: 8cm | 제조국: 대한민국",https://images.mcmworldwide.com/i/mcmworldwide/MWBESEA01CO001_01 | https://images.mcmworldwide.com/i/mcmworldwide/MWBESEA01CO001_09 | https://images.mcmworldwide.com/i/mcmworldwide/MWBESEA01CO001_02 | https://images.mcmworldwide.com/i/mcmworldwide/MWBESEA01CO001_03 | https://images.mcmworldwide.com/i/mcmworldwide/MWBESEA01CO001_04 | https://images.mcmworldwide.com/i/mcmworldwide/MWBESEA01CO001_10 | https://images.mcmworldwide.com/i/mcmworldwide/MWBESEA01CO001_11 | https://images.mcmworldwide.com/i/mcmworldwide/MWBESEA01CO001_01 | https://images.mcmworldwide.com/i/mcmworldwide/MWBESEA01CO001_09 | https://images.mcmworldwide.com/i/mcmworldwide/MWBESEA01CO001_02 | https://images.mcmworldwide.com/i/mcmworldwide/MWBESEA01CO001_03 | https://images.mcmworldwide.com/i/mcmworldwide/MWBESEA01CO001_04 | https://images.mcmworldwide.com/i/mcmworldwide/MWBESEA01CO001_10 | https://images.mcmworldwide.com/i/mcmworldwide/MWBESEA01CO001_11 | https://images.mcmworldwide.com/i/mcmworldwide/MWBESEA01CO001_01,https://kr.mcmworldwide.com/ko_KR/%EA%B0%80%EB%B0%A9/%EB%AF%B8%EB%8B%88%EB%B0%B1/ella-%EB%B9%84%EC%84%B8%ED%86%A0%EC%8A%A4-%EB%B3%B4%EC%8A%A4%ED%84%B4-%EB%B0%B1/MWBESEA01CO001.html?cgid=bags-mini-bags
MWBESEA01BK001,Ella 비세토스 보스턴 백,,Ella,천연 나파 가죽 트림과 가죽 행택 및 금속 자물쇠가 돋보이는 비세토스 보스턴 백,Ella 미니 보스턴 백은 뮌헨의 황금기에서 탄생한 데일리 캐리올입니다. 당시의 여행용 트렁크에서 직접적으로 영감을 받아 가죽 행택과 로고 인그레이빙 금속 자물쇠로 제트 세터의 계보를 이은 실루엣입니다.,비세토스 모노그램 캔버스,스웨이드 마감 마이크로파이버 안감,약 9 x 18 x 10 센티미터,대한민국,black,미니,품절,"탈부착 및 조절 가능한 가죽 스트랩 | 가죽 손잡이 부분 | 탈부착 가능한 가죽 행택 및 금속 자물쇠 | 양방향 지퍼 클로저 | 내부 포켓 및 카드 슬롯 | 바디: 비세토스 모노그램 캔버스 | 트림: 나파 가죽 | 24K 도금 브라스 금속 장식 | 스웨이드 마감 마이크로파이버 안감 | 약 9 x 18 x 10 센티미터 | 스트랩 길이: 97cm ~ 113cm, 핸들 드롭: 8cm | 제조국: 대한민국",https://images.mcmworldwide.com/i/mcmworldwide/MWBESEA01BK001_01 | https://images.mcmworldwide.com/i/mcmworldwide/MWBESEA01BK001_09 | https://images.mcmworldwide.com/i/mcmworldwide/MWBESEA01BK001_02 | https://images.mcmworldwide.com/i/mcmworldwide/MWBESEA01BK001_03 | https://images.mcmworldwide.com/i/mcmworldwide/MWBESEA01BK001_04 | https://images.mcmworldwide.com/i/mcmworldwide/MWBESEA01BK001_10 | https://images.mcmworldwide.com/i/mcmworldwide/MWBESEA01BK001_01 | https://images.mcmworldwide.com/i/mcmworldwide/MWBESEA01BK001_09 | https://images.mcmworldwide.com/i/mcmworldwide/MWBESEA01BK001_02 | https://images.mcmworldwide.com/i/mcmworldwide/MWBESEA01BK001_03 | https://images.mcmworldwide.com/i/mcmworldwide/MWBESEA01BK001_04 | https://images.mcmworldwide.com/i/mcmworldwide/MWBESEA01BK001_10 | https://images.mcmworldwide.com/i/mcmworldwide/MWBESEA01BK001_01,https://kr.mcmworldwide.com/ko_KR/%EA%B0%80%EB%B0%A9/%EB%AF%B8%EB%8B%88%EB%B0%B1/ella-%EB%B9%84%EC%84%B8%ED%86%A0%EC%8A%A4-%EB%B3%B4%EC%8A%A4%ED%84%B4-%EB%B0%B1/MWBESEA01BK001.html?cgid=bags-mini-bags
MWBESEA01PZ001,Ella 비세토스 보스턴 백,,Ella,천연 나파 가죽 트림과 가죽 행택 및 금속 자물쇠가 돋보이는 비세토스 보스턴 백,"뮌헨의 황금기에서 영감을 받은 엘라 보스턴 백은, 그 시대의 여행 트렁크에 대한 우아한 오마주입니다. 동봉된 가죽 행 태그와 로고가 각인된 메탈 패들락은 제품의 여행 스타일 유산을 상징합니다.",비세토스 모노그램 캔버스,스웨이드 마감 마이크로파이버 안감,약 9 x 18 x 10 센티미터,대한민국,soft pink,미니,품절,"탈부착 및 조절 가능한 가죽 스트랩 | 가죽 손잡이 부분 | 탈부착 가능한 가죽 행택 및 금속 자물쇠 | 양방향 지퍼 클로저 | 내부 포켓 및 카드 슬롯 | 바디: 비세토스 모노그램 캔버스 | 트림: 천연 나파 가죽 | 18K 금 도금 메탈 하드웨어 | 스웨이드 마감 마이크로파이버 안감 | 약 9 x 18 x 10 센티미터 | 스트랩 길이: 97cm ~ 113cm, 핸들 드롭: 8cm | 제조국: 대한민국",https://images.mcmworldwide.com/i/mcmworldwide/MWBESEA01PZ001_01 | https://images.mcmworldwide.com/i/mcmworldwide/MWBESEA01PZ001_09 | https://images.mcmworldwide.com/i/mcmworldwide/MWBESEA01PZ001_02 | https://images.mcmworldwide.com/i/mcmworldwide/MWBESEA01PZ001_03 | https://images.mcmworldwide.com/i/mcmworldwide/MWBESEA01PZ001_04 | https://images.mcmworldwide.com/i/mcmworldwide/MWBESEA01PZ001_10 | https://images.mcmworldwide.com/i/mcmworldwide/MWBESEA01PZ001_01 | https://images.mcmworldwide.com/i/mcmworldwide/MWBESEA01PZ001_09 | https://images.mcmworldwide.com/i/mcmworldwide/MWBESEA01PZ001_02 | https://images.mcmworldwide.com/i/mcmworldwide/MWBESEA01PZ001_03 | https://images.mcmworldwide.com/i/mcmworldwide/MWBESEA01PZ001_04 | https://images.mcmworldwide.com/i/mcmworldwide/MWBESEA01PZ001_10 | https://images.mcmworldwide.com/i/mcmworldwide/MWBESEA01PZ001_01,https://kr.mcmworldwide.com/ko_KR/%EA%B0%80%EB%B0%A9/%EB%AF%B8%EB%8B%88%EB%B0%B1/ella-%EB%B9%84%EC%84%B8%ED%86%A0%EC%8A%A4-%EB%B3%B4%EC%8A%A4%ED%84%B4-%EB%B0%B1/MWBESEA01PZ001.html?cgid=bags-mini-bags
MYLDSXT01BK001,Tracy 비세토스 체인 지갑,,Tracy,비세토스 모노그램 캔버스와 나파 가죽 소재의 라지 체인 지갑,모던한 감각과 클래식한 감성을 결합한 라지 Tracy 체인 지갑으로 헤리티지 수공예로 뒷받침되는 현대적인 실루엣이 특징입니다. 부드러운 나파 가죽이 우아한 형태를 감싸며 비세토스 모노그램 캔버스 바디의 시대를 초월한 아이콘을 강조합니다. 24K 도금 라우렐 잠금 장치로 여미는 넉넉한 내부에는 여러 개의 카드 슬롯과 가장 귀중한 소지품을 위한 지퍼 수납공간이 있습니다.,,패브릭 안감 (카드 슬롯 포함).,약 3 x 19 x 10 센티미터,대한민국,black,L,품절,"탈부착 가능한 체인 스트랩 | 레더 풀탭이 있는 라우렐 잠금 장치 | 내부 지퍼 포켓, 슬립 포켓, 카드 슬롯 | 비세토스 모노그램 캔버스 | 나파 가죽 트림 | 24K 도금 메탈 금속 장식 | 패브릭 안감 (카드 슬롯 포함). | 약 3 x 19 x 10 센티미터 | 스트랩 드롭: 60cm. | 제조국: 대한민국",https://images.mcmworldwide.com/i/mcmworldwide/MYLDSXT01BK001_01 | https://images.mcmworldwide.com/i/mcmworldwide/MYLDSXT01BK001_09 | https://images.mcmworldwide.com/i/mcmworldwide/MYLDSXT01BK001_03 | https://images.mcmworldwide.com/i/mcmworldwide/MYLDSXT01BK001_04 | https://images.mcmworldwide.com/i/mcmworldwide/MYLDSXT01BK001_10 | https://images.mcmworldwide.com/i/mcmworldwide/MYLDSXT01BK001_01 | https://images.mcmworldwide.com/i/mcmworldwide/MYLDSXT01BK001_09 | https://images.mcmworldwide.com/i/mcmworldwide/MYLDSXT01BK001_03 | https://images.mcmworldwide.com/i/mcmworldwide/MYLDSXT01BK001_04 | https://images.mcmworldwide.com/i/mcmworldwide/MYLDSXT01BK001_10 | https://images.mcmworldwide.com/i/mcmworldwide/MYLDSXT01BK001_01,https://kr.mcmworldwide.com/ko_KR/%EA%B0%80%EB%B0%A9/%EB%AF%B8%EB%8B%88%EB%B0%B1/tracy-%EB%B9%84%EC%84%B8%ED%86%A0%EC%8A%A4-%EC%B2%B4%EC%9D%B8-%EC%A7%80%EA%B0%91/MYLDSXT01BK001.html?cgid=bags-mini-bags
MYLDSXT01PZ001,Tracy 비세토스 체인 지갑,,Tracy,천연 나파 가죽 트림이 돋보이는 비세토스 모노그램 체인 지갑,모던하면서도 클래식한 감성을 녹였습니다. 시그니처 비세토스 모노그램의 타임리스한 아이콘을 강조한 고급스러운 가죽 프레임의 라지 Tracy 체인 지갑입니다. 아이코닉한 라우렐 잠금 장치로 여미는 넉넉한 내부에는 여러 개의 카드 슬롯과 귀중품을 위한 지퍼 수납공간이 있습니다.,비세토스 모노그램 캔버스,패브릭 안감.,약 3 x 19 x 10 센티미터,대한민국,soft pink,L,품절,탈부착 가능한 체인 스트랩 | 레더 풀탭이 있는 라우렐 잠금 장치 | 내부의 지퍼 포켓과 지폐 슬리브 및 카드 슬롯 | 바디: 비세토스 모노그램 캔버스 | 트림: 천연 나파 가죽 | 18K 금 도금 메탈 하드웨어 | 패브릭 안감. | 약 3 x 19 x 10 센티미터 | 스트랩 드롭: 60cm. | 제조국: 대한민국,https://images.mcmworldwide.com/i/mcmworldwide/MYLDSXT01PZ001_01 | https://images.mcmworldwide.com/i/mcmworldwide/MYLDSXT01PZ001_09 | https://images.mcmworldwide.com/i/mcmworldwide/MYLDSXT01PZ001_03 | https://images.mcmworldwide.com/i/mcmworldwide/MYLDSXT01PZ001_04 | https://images.mcmworldwide.com/i/mcmworldwide/MYLDSXT01PZ001_10 | https://images.mcmworldwide.com/i/mcmworldwide/MYLDSXT01PZ001_01 | https://images.mcmworldwide.com/i/mcmworldwide/MYLDSXT01PZ001_09 | https://images.mcmworldwide.com/i/mcmworldwide/MYLDSXT01PZ001_03 | https://images.mcmworldwide.com/i/mcmworldwide/MYLDSXT01PZ001_04 | https://images.mcmworldwide.com/i/mcmworldwide/MYLDSXT01PZ001_10 | https://images.mcmworldwide.com/i/mcmworldwide/MYLDSXT01PZ001_01,https://kr.mcmworldwide.com/ko_KR/%EA%B0%80%EB%B0%A9/%EB%AF%B8%EB%8B%88%EB%B0%B1/tracy-%EB%B9%84%EC%84%B8%ED%86%A0%EC%8A%A4-%EC%B2%B4%EC%9D%B8-%EC%A7%80%EA%B0%91/MYLDSXT01PZ001.html?cgid=bags-mini-bags
MYLDSXT01WT001,Tracy 비세토스 체인 지갑,,Tracy,비세토스 모노그램 캔버스와 나파 가죽 소재의 체인 지갑,천연 나파 가죽으로 감싸고 시그니처 모노그램 아이콘으로 포인트를 더해 모던한 감각과 클래식한 감성을 녹여낸 라지 Tracy 체인 지갑입니다. 도금 라우렐 잠금 장치로 여미는 넉넉한 내부에는 여러 개의 카드 슬롯과 귀중품을 위한 지퍼 수납공간이 있습니다.,비세토스 모노그램 캔버스,패브릭 안감.,약 3 x 19 x 10 센티미터,대한민국,white,L,품절,"탈부착 가능한 체인 스트랩 | 레더 풀탭이 있는 라우렐 잠금 장치 | 내부 지퍼 포켓, 슬립 포켓, 카드 슬롯 | 바디: 비세토스 모노그램 캔버스 | 트림: 나파 가죽 | 24K 도금 브라스 금속 장식 | 패브릭 안감. | 약 3 x 19 x 10 센티미터 | 스트랩 드롭: 60cm. | 제조국: 대한민국",https://images.mcmworldwide.com/i/mcmworldwide/MYLDSXT01WT001_01 | https://images.mcmworldwide.com/i/mcmworldwide/MYLDSXT01WT001_03 | https://images.mcmworldwide.com/i/mcmworldwide/MYLDSXT01WT001_04 | https://images.mcmworldwide.com/i/mcmworldwide/MYLDSXT01WT001_01 | https://images.mcmworldwide.com/i/mcmworldwide/MYLDSXT01WT001_03 | https://images.mcmworldwide.com/i/mcmworldwide/MYLDSXT01WT001_04 | https://images.mcmworldwide.com/i/mcmworldwide/MYLDSXT01WT001_01,https://kr.mcmworldwide.com/ko_KR/%EA%B0%80%EB%B0%A9/%EB%AF%B8%EB%8B%88%EB%B0%B1/tracy-%EB%B9%84%EC%84%B8%ED%86%A0%EC%8A%A4-%EC%B2%B4%EC%9D%B8-%EC%A7%80%EA%B0%91/MYLDSXT01WT001.html?cgid=bags-mini-bags
MYLDSXT01I8001,Tracy 비세토스 체인 지갑,,Tracy,비세토스 모노그램 캔버스와 나파 가죽 소재의 라지 체인 지갑,모던한 감각과 클래식한 감성을 결합한 라지 Tracy 체인 지갑으로 헤리티지 수공예로 뒷받침되는 현대적인 실루엣이 특징입니다. 부드러운 나파 가죽이 우아한 형태를 감싸며 비세토스 모노그램 캔버스 바디의 시대를 초월한 아이콘을 강조합니다. 24K 도금 라우렐 잠금 장치로 여미는 넉넉한 내부에는 여러 개의 카드 슬롯과 가장 귀중한 소지품을 위한 지퍼 수납공간이 있습니다.,,패브릭 안감 (카드 슬롯 포함).,약 3 x 19 x 10 센티미터,대한민국,beige + black,L,품절,"탈부착 가능한 체인 스트랩 | 레더 풀탭이 있는 라우렐 잠금 장치 | 내부 지퍼 포켓, 슬립 포켓, 카드 슬롯 | 비세토스 모노그램 캔버스 | 나파 가죽 트림 | 24K 도금 메탈 금속 장식 | 패브릭 안감 (카드 슬롯 포함). | 약 3 x 19 x 10 센티미터 | 스트랩 드롭: 60cm. | 제조국: 대한민국",https://images.mcmworldwide.com/i/mcmworldwide/MYLDSXT01I8001_01 | https://images.mcmworldwide.com/i/mcmworldwide/MYLDSXT01I8001_09 | https://images.mcmworldwide.com/i/mcmworldwide/MYLDSXT01I8001_03 | https://images.mcmworldwide.com/i/mcmworldwide/MYLDSXT01I8001_04 | https://images.mcmworldwide.com/i/mcmworldwide/MYLDSXT01I8001_10 | https://images.mcmworldwide.com/i/mcmworldwide/MYLDSXT01I8001_01 | https://images.mcmworldwide.com/i/mcmworldwide/MYLDSXT01I8001_09 | https://images.mcmworldwide.com/i/mcmworldwide/MYLDSXT01I8001_03 | https://images.mcmworldwide.com/i/mcmworldwide/MYLDSXT01I8001_04 | https://images.mcmworldwide.com/i/mcmworldwide/MYLDSXT01I8001_10 | https://images.mcmworldwide.com/i/mcmworldwide/MYLDSXT01I8001_01,https://kr.mcmworldwide.com/ko_KR/%EA%B0%80%EB%B0%A9/%EB%AF%B8%EB%8B%88%EB%B0%B1/tracy-%EB%B9%84%EC%84%B8%ED%86%A0%EC%8A%A4-%EC%B2%B4%EC%9D%B8-%EC%A7%80%EA%B0%91/MYLDSXT01I8001.html?cgid=bags-mini-bags
MYLESXT01BK001,Tracy 엠보스드 모노그램 레더 체인 지갑,,Tracy,엠보스드 비세토스 모노그램이 돋보이는 천연 풀 그레인 가죽 체인 지갑,모던하면서도 클래식한 감성을 녹였습니다. 명망 높은 MCM 레터와 라우렐 및 다이아몬드가 새겨진 풀 그레인 나파 가죽 체인 지갑입니다. 도금 라우렐 잠금 장치로 여미는 넉넉한 내부에는 여러 개의 카드 슬롯과 귀중품을 위한 지퍼 수납공간이 있습니다.,,패브릭 안감.,약 3 x 19 x 11 센티미터,대한민국,black,L,품절,"탈부착 가능한 체인 스트랩 | 레더 풀탭이 있는 라우렐 잠금 장치 | 내부 지퍼 포켓, 슬립 포켓, 카드 슬롯 | 천연 풀 그레인 나파 가죽 | 24K 도금 브라스 금속 장식 | 패브릭 안감. | 약 3 x 19 x 11 센티미터 | 스트랩 드롭: 60cm. | 제조국: 대한민국",https://images.mcmworldwide.com/i/mcmworldwide/MYLESXT01BK001_01 | https://images.mcmworldwide.com/i/mcmworldwide/MYLESXT01BK001_09 | https://images.mcmworldwide.com/i/mcmworldwide/MYLESXT01BK001_03 | https://images.mcmworldwide.com/i/mcmworldwide/MYLESXT01BK001_04 | https://images.mcmworldwide.com/i/mcmworldwide/MYLESXT01BK001_10 | https://images.mcmworldwide.com/i/mcmworldwide/MYLESXT01BK001_01 | https://images.mcmworldwide.com/i/mcmworldwide/MYLESXT01BK001_09 | https://images.mcmworldwide.com/i/mcmworldwide/MYLESXT01BK001_03 | https://images.mcmworldwide.com/i/mcmworldwide/MYLESXT01BK001_04 | https://images.mcmworldwide.com/i/mcmworldwide/MYLESXT01BK001_10,https://kr.mcmworldwide.com/ko_KR/%EA%B0%80%EB%B0%A9/%EB%AF%B8%EB%8B%88%EB%B0%B1/tracy-%EC%97%A0%EB%B3%B4%EC%8A%A4%EB%93%9C-%EB%AA%A8%EB%85%B8%EA%B7%B8%EB%9E%A8-%EB%A0%88%EB%8D%94-%EC%B2%B4%EC%9D%B8-%EC%A7%80%EA%B0%91/MYLESXT01BK001.html?cgid=bags-mini-bags
MYLAAPA02CO001,Tracy 비세토스 크로스바디 지갑,,Tracy,간결한 라인의 세련된 디자인의 트레이시 숄더 백에서 영감을 받은 지갑,넉넉한 수납공간을 갖춘 이 크로스바디 월렛은 MCM의 로고가 각인된 로렐 락 클로저로 완성되었습니다. 체인 스트랩을 탈부착해 크로스바디 또는 클러치처럼 다양하게 연출할 수 있습니다.,비세토스 모노그램 캔버스,패브릭 안감,약 3 x 19 x 10 센티미터,대한민국,cognac,L,품절,탈착 가능한 체인 스트랩 | 구획된 내부 수납공간 | 중앙 지퍼 포켓 | 내부 카드 슬롯 | 바디:비세토스 모노그램 캔버스 | 트림:천연 가죽 | 24K 골드 도금 메탈 하드웨어 | 패브릭 안감 | 약 3 x 19 x 10 센티미터 | 스트랩 길이: 60cm | 제조국: 대한민국,https://images.mcmworldwide.com/i/mcmworldwide/MYLAAPA02CO001_01 | https://images.mcmworldwide.com/i/mcmworldwide/MYLAAPA02CO001_02 | https://images.mcmworldwide.com/i/mcmworldwide/MYLAAPA02CO001_03 | https://images.mcmworldwide.com/i/mcmworldwide/MYLAAPA02CO001_04 | https://images.mcmworldwide.com/i/mcmworldwide/MYLAAPA02CO001_01 | https://images.mcmworldwide.com/i/mcmworldwide/MYLAAPA02CO001_02 | https://images.mcmworldwide.com/i/mcmworldwide/MYLAAPA02CO001_03 | https://images.mcmworldwide.com/i/mcmworldwide/MYLAAPA02CO001_04,https://kr.mcmworldwide.com/ko_KR/%EA%B0%80%EB%B0%A9/%EB%AF%B8%EB%8B%88%EB%B0%B1/tracy-%EB%B9%84%EC%84%B8%ED%86%A0%EC%8A%A4-%ED%81%AC%EB%A1%9C%EC%8A%A4%EB%B0%94%EB%94%94-%EC%A7%80%EA%B0%91/MYLAAPA02CO001.html?cgid=bags-mini-bags
MYZGSTA07QA001,Aren 맥시 모노그램 레더 체인 크로스바디,,Aren,"엠보싱 처리된 맥시 모노그램과 체인 핸들, 가죽 스트랩이 더해진 천연 풀그레인 가죽 크로스바디 백",뮌헨 하우스의 장인정신을 보여주는 이 천연 풀그레인 가죽 크로스바디 백은 비세토스 모노그램을 정교하게 엠보싱 처리해 완성되었습니다. 탈부착 가능한 체인 핸들과 가죽 스트랩이 함께 구성되어 두 가지 방식의 연출이 가능합니다.,천연 풀 그레인 레더,코튼 트윌 안감,약 5 x 20 x 11 센티미터,대한민국,lotus pink,M,품절,"탈부착 가능한 레더 스트랩 | 탈착 가능한 체인 핸들 | 엠보싱 처리된 맥시 비세토스 모노그램 | 뒷면 외부 슬립 포켓 | 지퍼 클로저 | 가죽 패치가 더해진 내부 슬립 포켓 | 바디: 천연 풀 그레인 레더 | 16K 골드 도금 메탈 하드웨어 | 코튼 트윌 안감 | 약 5 x 20 x 11 센티미터 | 스트랩 드롭: 55cm, 핸들 드롭: 20cm | 제조국: 대한민국",https://images.mcmworldwide.com/i/mcmworldwide/MYZGSTA07QA001_01 | https://images.mcmworldwide.com/i/mcmworldwide/MYZGSTA07QA001_09 | https://images.mcmworldwide.com/i/mcmworldwide/MYZGSTA07QA001_02 | https://images.mcmworldwide.com/i/mcmworldwide/MYZGSTA07QA001_03 | https://images.mcmworldwide.com/i/mcmworldwide/MYZGSTA07QA001_04 | https://images.mcmworldwide.com/i/mcmworldwide/MYZGSTA07QA001_05 | https://images.mcmworldwide.com/i/mcmworldwide/MYZGSTA07QA001_10 | https://images.mcmworldwide.com/i/mcmworldwide/MYZGSTA07QA001_11 | https://images.mcmworldwide.com/i/mcmworldwide/MYZGSTA07QA001_01 | https://images.mcmworldwide.com/i/mcmworldwide/MYZGSTA07QA001_09 | https://images.mcmworldwide.com/i/mcmworldwide/MYZGSTA07QA001_02 | https://images.mcmworldwide.com/i/mcmworldwide/MYZGSTA07QA001_03 | https://images.mcmworldwide.com/i/mcmworldwide/MYZGSTA07QA001_04 | https://images.mcmworldwide.com/i/mcmworldwide/MYZGSTA07QA001_05 | https://images.mcmworldwide.com/i/mcmworldwide/MYZGSTA07QA001_10 | https://images.mcmworldwide.com/i/mcmworldwide/MYZGSTA07QA001_11,https://kr.mcmworldwide.com/ko_KR/%EA%B0%80%EB%B0%A9/%EB%AF%B8%EB%8B%88%EB%B0%B1/aren-%EB%A7%A5%EC%8B%9C-%EB%AA%A8%EB%85%B8%EA%B7%B8%EB%9E%A8-%EB%A0%88%EB%8D%94-%EC%B2%B4%EC%9D%B8-%ED%81%AC%EB%A1%9C%EC%8A%A4%EB%B0%94%EB%94%94/MYZGSTA07QA001.html?cgid=bags-mini-bags
MMMEATA02CO001,Aren 비세토스 메신저 백,,Aren,천연 나파 가죽 트림이 돋보이는 비세토스 모노그램 캔버스 소재의 메신저 벨트 백,시그니처 비세토스와 나파 가죽 디테일로 제작되었으며 독특한 곡선형 디자인이 특징인 미니 Aren 메신저 백입니다. 가죽 버클형 스트랩 장식이 실루엣의 앞면에 클래식한 터치를 더하고 뒷면의 벨트 고리를 활용해서 컴팩트한 웨이스트 백으로 연출할 수 있습니다.,비세토스 모노그램 캔버스,스웨이드 마감 마이크로파이버 안감,약 5 x 18 x 14 센티미터,대한민국,cognac,미니,품절,탈부착 및 길이 조절 가능한 패브릭 웨빙 스트랩 | 벨트백 착용을 위한 뒷면의 가죽 벨트 고리 | 자석 탭 클로저 | 내부 지퍼 수납공간 및 카드 슬롯 | 바디: 비세토스 모노그램 캔버스 | 트림: 천연 나파 가죽 | 24K 도금 브라스 금속 장식 | 스웨이드 마감 마이크로파이버 안감 | 약 5 x 18 x 14 센티미터 | 스트랩 길이: 85cm~134cm | 제조국: 대한민국,https://images.mcmworldwide.com/i/mcmworldwide/MMMEATA02CO001_01 | https://images.mcmworldwide.com/i/mcmworldwide/MMMEATA02CO001_09 | https://images.mcmworldwide.com/i/mcmworldwide/MMMEATA02CO001_02 | https://images.mcmworldwide.com/i/mcmworldwide/MMMEATA02CO001_03 | https://images.mcmworldwide.com/i/mcmworldwide/MMMEATA02CO001_04 | https://images.mcmworldwide.com/i/mcmworldwide/MMMEATA02CO001_10 | https://images.mcmworldwide.com/i/mcmworldwide/MMMEATA02CO001_11 | https://images.mcmworldwide.com/i/mcmworldwide/MMMEATA02CO001_01 | https://images.mcmworldwide.com/i/mcmworldwide/MMMEATA02CO001_09 | https://images.mcmworldwide.com/i/mcmworldwide/MMMEATA02CO001_02 | https://images.mcmworldwide.com/i/mcmworldwide/MMMEATA02CO001_03 | https://images.mcmworldwide.com/i/mcmworldwide/MMMEATA02CO001_04 | https://images.mcmworldwide.com/i/mcmworldwide/MMMEATA02CO001_10 | https://images.mcmworldwide.com/i/mcmworldwide/MMMEATA02CO001_11 | https://images.mcmworldwide.com/i/mcmworldwide/MMMEATA02CO001_01,https://kr.mcmworldwide.com/ko_KR/%EA%B0%80%EB%B0%A9/%EB%AF%B8%EB%8B%88%EB%B0%B1/aren-%EB%B9%84%EC%84%B8%ED%86%A0%EC%8A%A4-%EB%A9%94%EC%8B%A0%EC%A0%80-%EB%B0%B1/MMMEATA02CO001.html?cgid=bags-mini-bags
MMMEATA02BK001,Aren 비세토스 메신저 백,,Aren,천연 나파 가죽 트림이 돋보이는 비세토스 모노그램 캔버스 소재의 메신저 백,시그니처 비세토스와 독특한 나파 가죽 디테일로 제작되었으며 뛰어난 휴대성을 자랑하는 실루엣에 곡선형 엣지를 더한 Aren 메신저 백입니다. 가죽 버클형 스트랩 장식이 실루엣의 앞면에 클래식한 터치를 더하고 뒷면의 가죽 벨트를 활용해서 벨트백으로 연출할 수 있습니다.,비세토스 모노그램 캔버스,스웨이드 마감 마이크로파이버 안감,약 5 x 18 x 14 센티미터,대한민국,black,미니,품절,탈부착 및 길이 조절 가능한 패브릭 웨빙 스트랩 | 뒷면의 가죽 벨트 루프 | 자석 탭 클로저 | 내부 지퍼 수납공간 및 카드 슬롯 | 바디: 비세토스 모노그램 캔버스 | 트림: 천연 나파 가죽 | 앤틱 실버톤 금속 장식 | 스웨이드 마감 마이크로파이버 안감 | 약 5 x 18 x 14 센티미터 | 스트랩 길이: 85cm~134cm | 제조국: 대한민국,https://images.mcmworldwide.com/i/mcmworldwide/MMMEATA02BK001_01 | https://images.mcmworldwide.com/i/mcmworldwide/MMMEATA02BK001_09 | https://images.mcmworldwide.com/i/mcmworldwide/MMMEATA02BK001_02 | https://images.mcmworldwide.com/i/mcmworldwide/MMMEATA02BK001_03 | https://images.mcmworldwide.com/i/mcmworldwide/MMMEATA02BK001_04 | https://images.mcmworldwide.com/i/mcmworldwide/MMMEATA02BK001_10 | https://images.mcmworldwide.com/i/mcmworldwide/MMMEATA02BK001_11 | https://images.mcmworldwide.com/i/mcmworldwide/MMMEATA02BK001_12 | https://images.mcmworldwide.com/i/mcmworldwide/MMMEATA02BK001_01 | https://images.mcmworldwide.com/i/mcmworldwide/MMMEATA02BK001_09 | https://images.mcmworldwide.com/i/mcmworldwide/MMMEATA02BK001_02 | https://images.mcmworldwide.com/i/mcmworldwide/MMMEATA02BK001_03 | https://images.mcmworldwide.com/i/mcmworldwide/MMMEATA02BK001_04 | https://images.mcmworldwide.com/i/mcmworldwide/MMMEATA02BK001_10 | https://images.mcmworldwide.com/i/mcmworldwide/MMMEATA02BK001_11 | https://images.mcmworldwide.com/i/mcmworldwide/MMMEATA02BK001_12 | https://images.mcmworldwide.com/i/mcmworldwide/MMMEATA02BK001_01,https://kr.mcmworldwide.com/ko_KR/%EA%B0%80%EB%B0%A9/%EB%AF%B8%EB%8B%88%EB%B0%B1/aren-%EB%B9%84%EC%84%B8%ED%86%A0%EC%8A%A4-%EB%A9%94%EC%8B%A0%EC%A0%80-%EB%B0%B1/MMMEATA02BK001.html?cgid=bags-mini-bags
MMMEATA02K8001,Aren 비세토스 메신저,,Aren,천연 가죽 트림이 더해진 비세토스 모노그램 캔버스 메신저백,"시그니처 비세토스와 독특한 나파 가죽 디테일이 어우러진 미니 Aren 메신저 백은 클래식한 실루엣에 부드러운 곡선을 더해 세련된 변주를 선사합니다. 앞면 가죽 버클 스트랩이 클래식한 감성을 더하며, 뒷면 가죽 벨트 고리를 이용해 크로스바디 백을 벨트 백으로도 연출할 수 있습니다.",비세토스 모노그램 캔버스,스웨이드 마감의 극세사 안감,약 5 x 18 x 14 센티미터,대한민국,khaki moss,미니,품절,탈부착이 가능하며 길이 조절이 가능한 위빙 스트랩 | 뒷면 가죽 벨트 루프 | 마그네틱 탭 클로저 | 내부 지퍼 수납공간과 카드 슬롯 | 바디:비세토스 모노그램 캔버스 | 트림: 천연 나파 가죽 | 실버톤 코발트 메탈 하드웨어 | 스웨이드 마감의 극세사 안감 | 약 5 x 18 x 14 센티미터 | 스트랩 길이: 83cm - 134cm | 제조국: 대한민국,https://images.mcmworldwide.com/i/mcmworldwide/MMMEATA02K8001_01 | https://images.mcmworldwide.com/i/mcmworldwide/MMMEATA02K8001_09 | https://images.mcmworldwide.com/i/mcmworldwide/MMMEATA02K8001_02 | https://images.mcmworldwide.com/i/mcmworldwide/MMMEATA02K8001_03 | https://images.mcmworldwide.com/i/mcmworldwide/MMMEATA02K8001_04 | https://images.mcmworldwide.com/i/mcmworldwide/MMMEATA02K8001_01 | https://images.mcmworldwide.com/i/mcmworldwide/MMMEATA02K8001_09 | https://images.mcmworldwide.com/i/mcmworldwide/MMMEATA02K8001_02 | https://images.mcmworldwide.com/i/mcmworldwide/MMMEATA02K8001_03 | https://images.mcmworldwide.com/i/mcmworldwide/MMMEATA02K8001_04 | https://images.mcmworldwide.com/i/mcmworldwide/MMMEATA02K8001_01,https://kr.mcmworldwide.com/ko_KR/%EA%B0%80%EB%B0%A9/%EB%AF%B8%EB%8B%88%EB%B0%B1/aren-%EB%B9%84%EC%84%B8%ED%86%A0%EC%8A%A4-%EB%A9%94%EC%8B%A0%EC%A0%80/MMMEATA02K8001.html?cgid=bags-mini-bags
MMRESKK02VC001,Klassik 맥시 모노그램 레더 크로스바디,,,엠보스드 맥시 모노그램이 돋보이는 천연 나파 가죽 크로스바디 백,클라식 크로스바디 백은 뮌헨 하우스의 이동성을 중요시하는 마인드를 간결한 형태로 구현한 것이 특징입니다. 천연 나파 가죽으로 제작된 기하학적인 실루엣에 시그니처 비세토스 모노그램을 업그레이드하여 각인한 디자인이 돋보입니다.,조절 가능한 가죽 크로스바디 스트랩,스웨이드 마감 마이크로파이버 안감,약 5 x 18 x 22 센티미터,대한민국,navy blazer,미니,품절,조절 가능한 가죽 크로스바디 스트랩 | 엠보스드 맥시 모노그램 | 뒷면 외부 포켓 | 지퍼 클로저 | 내부 포켓 및 지퍼 수납공간 | 바디: 천연 나파 가죽 | 실버톤 코발트 금속 장식 | 스웨이드 마감 마이크로파이버 안감 | 약 5 x 18 x 22 센티미터 | 스트랩 길이: 124cm~148cm | 제조국: 대한민국,https://images.mcmworldwide.com/i/mcmworldwide/MMRESKK02VC001_01 | https://images.mcmworldwide.com/i/mcmworldwide/MMRESKK02VC001_09 | https://images.mcmworldwide.com/i/mcmworldwide/MMRESKK02VC001_02 | https://images.mcmworldwide.com/i/mcmworldwide/MMRESKK02VC001_03 | https://images.mcmworldwide.com/i/mcmworldwide/MMRESKK02VC001_04 | https://images.mcmworldwide.com/i/mcmworldwide/MMRESKK02VC001_10 | https://images.mcmworldwide.com/i/mcmworldwide/MMRESKK02VC001_01 | https://images.mcmworldwide.com/i/mcmworldwide/MMRESKK02VC001_09 | https://images.mcmworldwide.com/i/mcmworldwide/MMRESKK02VC001_02 | https://images.mcmworldwide.com/i/mcmworldwide/MMRESKK02VC001_03 | https://images.mcmworldwide.com/i/mcmworldwide/MMRESKK02VC001_04 | https://images.mcmworldwide.com/i/mcmworldwide/MMRESKK02VC001_10 | https://images.mcmworldwide.com/i/mcmworldwide/MMRESKK02VC001_01,https://kr.mcmworldwide.com/ko_KR/%EA%B0%80%EB%B0%A9/%EB%AF%B8%EB%8B%88%EB%B0%B1/klassik-%EB%A7%A5%EC%8B%9C-%EB%AA%A8%EB%85%B8%EA%B7%B8%EB%9E%A8-%EB%A0%88%EB%8D%94-%ED%81%AC%EB%A1%9C%EC%8A%A4%EB%B0%94%EB%94%94/MMRESKK02VC001.html?cgid=bags-mini-bags
MMRESKK02BK001,Klassik 맥시 모노그램 레더 크로스바디,,,엠보스드 맥시 모노그램이 돋보이는 천연 가죽 소재의 크로스바디 백,현대 사회를 살아가는 글로벌 노마드의 이동성을 중시하는 사고방식을 간결한 형태로 구현한 Klassik 크로스바디 백입니다. 천연 나파 가죽으로 제작된 실루엣에 고급스러운 버전의 명망 높은 비세토스 모노그램이 새겨져 있습니다.,조절 가능한 가죽 크로스바디 스트랩,스웨이드 마감 마이크로파이버 안감,약 5 x 18 x 22 센티미터,대한민국,black,미니,품절,조절 가능한 가죽 크로스바디 스트랩 | 엠보스드 맥시 모노그램 | 후면 외부 슬립 포켓. | 지퍼 클로저 | 내부 슬립 포켓 및 지퍼 포켓. | 바디: 천연 나파 가죽 | 매트 블랙 메탈 하드웨어. | 스웨이드 마감 마이크로파이버 안감 | 약 5 x 18 x 22 센티미터 | 스트랩 길이: 125.5cm ~ 149.5cm | 제조국: 대한민국,https://images.mcmworldwide.com/i/mcmworldwide/MMRESKK02BK001_01 | https://images.mcmworldwide.com/i/mcmworldwide/MMRESKK02BK001_09 | https://images.mcmworldwide.com/i/mcmworldwide/MMRESKK02BK001_02 | https://images.mcmworldwide.com/i/mcmworldwide/MMRESKK02BK001_03 | https://images.mcmworldwide.com/i/mcmworldwide/MMRESKK02BK001_04 | https://images.mcmworldwide.com/i/mcmworldwide/MMRESKK02BK001_10 | https://images.mcmworldwide.com/i/mcmworldwide/MMRESKK02BK001_01 | https://images.mcmworldwide.com/i/mcmworldwide/MMRESKK02BK001_09 | https://images.mcmworldwide.com/i/mcmworldwide/MMRESKK02BK001_02 | https://images.mcmworldwide.com/i/mcmworldwide/MMRESKK02BK001_03 | https://images.mcmworldwide.com/i/mcmworldwide/MMRESKK02BK001_04 | https://images.mcmworldwide.com/i/mcmworldwide/MMRESKK02BK001_10 | https://images.mcmworldwide.com/i/mcmworldwide/MMRESKK02BK001_01,https://kr.mcmworldwide.com/ko_KR/%EA%B0%80%EB%B0%A9/%EB%AF%B8%EB%8B%88%EB%B0%B1/klassik-%EB%A7%A5%EC%8B%9C-%EB%AA%A8%EB%85%B8%EA%B7%B8%EB%9E%A8-%EB%A0%88%EB%8D%94-%ED%81%AC%EB%A1%9C%EC%8A%A4%EB%B0%94%EB%94%94/MMRESKK02BK001.html?cgid=bags-mini-bags
MMTGSTA04CO001,Aren 비세토스 N/S 토트,,Aren,천연 가죽 트림과 로고 우븐 웨빙 스트랩이 어우러진 비세토스 모노그램 캔버스 토트 백,"뮌헨 하우스의 ‘트래블 스피릿’을 담아 완성된 ‘Aren’ 토트백은 이동 중에도 우아함을 잃지 않도록 세심하게 디자인되었습니다. 아카이브 트렁크에서 영감을 받은 로고 직조 웨빙 스트랩과 레더 행택이 더해져, 하우스 특유의 제트셋 감성을 완벽하게 담아냅니다.",비세토스 모노그램 캔버스,코튼 트윌 안감,약 9 x 17 x 21 센티미터,대한민국,cognac,미니,품절,"탈부착 가능하며 길이 조절이 가능한 로고 우븐 스트랩 | 가죽 탑 핸들 | 탈착가능한 가죽 행 테그 | 지퍼 클로저 | 내부 슬립 포켓 및 지퍼 수납공간 | 바디:비세토스 모노그램 캔버스 | 트림:천연 가죽 | 24K 골드 도금 브라스 하드웨어 | 코튼 트윌 안감 | 약 9 x 17 x 21 센티미터 | 스트랩 길이: 79 cm - 138 cm, 핸들 드롭: 8.5 cm | 제조국: 대한민국",https://images.mcmworldwide.com/i/mcmworldwide/MMTGSTA04CO001_01 | https://images.mcmworldwide.com/i/mcmworldwide/MMTGSTA04CO001_09 | https://images.mcmworldwide.com/i/mcmworldwide/MMTGSTA04CO001_02 | https://images.mcmworldwide.com/i/mcmworldwide/MMTGSTA04CO001_03 | https://images.mcmworldwide.com/i/mcmworldwide/MMTGSTA04CO001_04 | https://images.mcmworldwide.com/i/mcmworldwide/MMTGSTA04CO001_05 | https://images.mcmworldwide.com/i/mcmworldwide/MMTGSTA04CO001_06 | https://images.mcmworldwide.com/i/mcmworldwide/MMTGSTA04CO001_10 | https://images.mcmworldwide.com/i/mcmworldwide/MMTGSTA04CO001_11 | https://images.mcmworldwide.com/i/mcmworldwide/MMTGSTA04CO001_01 | https://images.mcmworldwide.com/i/mcmworldwide/MMTGSTA04CO001_09 | https://images.mcmworldwide.com/i/mcmworldwide/MMTGSTA04CO001_02 | https://images.mcmworldwide.com/i/mcmworldwide/MMTGSTA04CO001_03 | https://images.mcmworldwide.com/i/mcmworldwide/MMTGSTA04CO001_04 | https://images.mcmworldwide.com/i/mcmworldwide/MMTGSTA04CO001_05 | https://images.mcmworldwide.com/i/mcmworldwide/MMTGSTA04CO001_06 | https://images.mcmworldwide.com/i/mcmworldwide/MMTGSTA04CO001_10 | https://images.mcmworldwide.com/i/mcmworldwide/MMTGSTA04CO001_11 | https://images.mcmworldwide.com/i/mcmworldwide/MMTGSTA04CO001_01,https://kr.mcmworldwide.com/ko_KR/%EA%B0%80%EB%B0%A9/%EB%AF%B8%EB%8B%88%EB%B0%B1/aren-%EB%B9%84%EC%84%B8%ED%86%A0%EC%8A%A4-n%2Fs-%ED%86%A0%ED%8A%B8/MMTGSTA04CO001.html?cgid=bags-mini-bags
MMTGSTA04BK001,Aren 비세토스 N/S 토트,,Aren,천연 가죽 트림과 로고 우븐 웨빙 스트랩이 어우러진 비세토스 모노그램 캔버스 토트 백,"뮌헨 하우스의 ‘트래블 스피릿’을 담아 완성된 ‘Aren’ 토트백은 이동 중에도 우아함을 잃지 않도록 세심하게 디자인되었습니다. 아카이브 트렁크에서 영감을 받은 로고 직조 웨빙 스트랩과 레더 행택이 더해져, 하우스 특유의 제트셋 감성을 완벽하게 담아냅니다.",비세토스 모노그램 캔버스,코튼 트윌 안감,약 9 x 17 x 21 센티미터,대한민국,black,미니,품절,"탈부착 가능하며 길이 조절이 가능한 로고 우븐 스트랩 | 가죽 탑 핸들 | 탈착가능한 가죽 행 테그 | 지퍼 클로저 | 내부 슬립 포켓 및 지퍼 수납공간 | 바디:비세토스 모노그램 캔버스 | 트림:천연 가죽 | 다크톤 코발트 메탈 하드웨어 | 코튼 트윌 안감 | 약 9 x 17 x 21 센티미터 | 스트랩 길이: 79 cm - 138 cm, 핸들 드롭: 8.5 cm | 제조국: 대한민국",https://images.mcmworldwide.com/i/mcmworldwide/MMTGSTA04BK001_01 | https://images.mcmworldwide.com/i/mcmworldwide/MMTGSTA04BK001_09 | https://images.mcmworldwide.com/i/mcmworldwide/MMTGSTA04BK001_02 | https://images.mcmworldwide.com/i/mcmworldwide/MMTGSTA04BK001_03 | https://images.mcmworldwide.com/i/mcmworldwide/MMTGSTA04BK001_04 | https://images.mcmworldwide.com/i/mcmworldwide/MMTGSTA04BK001_05 | https://images.mcmworldwide.com/i/mcmworldwide/MMTGSTA04BK001_06 | https://images.mcmworldwide.com/i/mcmworldwide/MMTGSTA04BK001_10 | https://images.mcmworldwide.com/i/mcmworldwide/MMTGSTA04BK001_11 | https://images.mcmworldwide.com/i/mcmworldwide/MMTGSTA04BK001_01 | https://images.mcmworldwide.com/i/mcmworldwide/MMTGSTA04BK001_09 | https://images.mcmworldwide.com/i/mcmworldwide/MMTGSTA04BK001_02 | https://images.mcmworldwide.com/i/mcmworldwide/MMTGSTA04BK001_03 | https://images.mcmworldwide.com/i/mcmworldwide/MMTGSTA04BK001_04 | https://images.mcmworldwide.com/i/mcmworldwide/MMTGSTA04BK001_05 | https://images.mcmworldwide.com/i/mcmworldwide/MMTGSTA04BK001_06 | https://images.mcmworldwide.com/i/mcmworldwide/MMTGSTA04BK001_10 | https://images.mcmworldwide.com/i/mcmworldwide/MMTGSTA04BK001_11 | https://images.mcmworldwide.com/i/mcmworldwide/MMTGSTA04BK001_01,https://kr.mcmworldwide.com/ko_KR/%EA%B0%80%EB%B0%A9/%EB%AF%B8%EB%8B%88%EB%B0%B1/aren-%EB%B9%84%EC%84%B8%ED%86%A0%EC%8A%A4-n%2Fs-%ED%86%A0%ED%8A%B8/MMTGSTA04BK001.html?cgid=bags-mini-bags
MYZGATA01CO001,Aren 비세토스 크로스바디 파우치,,Aren,가죽 크로스바디 스트랩과 나파 가죽 트림이 더해진 비세토스 모노그램 캔버스 지퍼 파우치,"클래식한 MCM의 디자인을 컴팩트하게 재해석한 Aren 미니 크로스바디 파우치. 작은 크기의 디바이스와 데일리 소지품 수납이 용이하며, 클러치로 또는 가죽 스트랩을 활용하여 핸즈프리 스타일로 연출할 수 있습니다.",비세토스 모노그램 캔버스,코튼 트윌 안감,약 2 x 26 x 15 센티미터,대한민국,cognac,미니,품절,"탈착이 가능하며 길이 조절이 가능한 레더 스트랩 | 뒷면 외부 슬립 포켓 | 지퍼 클로저 | 내부 카드 슬롯 | 바디:비세토스 모노그램 캔버스 | 트림: 나파 가죽 | 24K 골드 도금 브라스 하드웨어 | 코튼 트윌 안감 | 약 2 x 26 x 15 센티미터 | 스트랩 길이: 111.5 cm - 135.5 cm, 스트랩 드롭: 60 cm | 제조국: 대한민국",https://images.mcmworldwide.com/i/mcmworldwide/MYZGATA01CO001_01 | https://images.mcmworldwide.com/i/mcmworldwide/MYZGATA01CO001_09 | https://images.mcmworldwide.com/i/mcmworldwide/MYZGATA01CO001_02 | https://images.mcmworldwide.com/i/mcmworldwide/MYZGATA01CO001_03 | https://images.mcmworldwide.com/i/mcmworldwide/MYZGATA01CO001_04 | https://images.mcmworldwide.com/i/mcmworldwide/MYZGATA01CO001_05 | https://images.mcmworldwide.com/i/mcmworldwide/MYZGATA01CO001_10 | https://images.mcmworldwide.com/i/mcmworldwide/MYZGATA01CO001_11 | https://images.mcmworldwide.com/i/mcmworldwide/MYZGATA01CO001_01 | https://images.mcmworldwide.com/i/mcmworldwide/MYZGATA01CO001_09 | https://images.mcmworldwide.com/i/mcmworldwide/MYZGATA01CO001_02 | https://images.mcmworldwide.com/i/mcmworldwide/MYZGATA01CO001_03 | https://images.mcmworldwide.com/i/mcmworldwide/MYZGATA01CO001_04 | https://images.mcmworldwide.com/i/mcmworldwide/MYZGATA01CO001_05 | https://images.mcmworldwide.com/i/mcmworldwide/MYZGATA01CO001_10 | https://images.mcmworldwide.com/i/mcmworldwide/MYZGATA01CO001_11 | https://images.mcmworldwide.com/i/mcmworldwide/MYZGATA01CO001_01,https://kr.mcmworldwide.com/ko_KR/%EA%B0%80%EB%B0%A9/%EB%AF%B8%EB%8B%88%EB%B0%B1/aren-%EB%B9%84%EC%84%B8%ED%86%A0%EC%8A%A4-%ED%81%AC%EB%A1%9C%EC%8A%A4%EB%B0%94%EB%94%94-%ED%8C%8C%EC%9A%B0%EC%B9%98/MYZGATA01CO001.html?cgid=bags-mini-bags
MYZGATA01BK001,Aren 비세토스 크로스바디 파우치,,Aren,가죽 크로스바디 스트랩과 나파 가죽 트림이 더해진 비세토스 모노그램 캔버스 지퍼 파우치,"클래식한 MCM의 디자인을 컴팩트하게 재해석한 Aren 미니 크로스바디 파우치. 작은 크기의 디바이스와 데일리 소지품 수납이 용이하며, 클러치로 또는 가죽 스트랩을 활용하여 핸즈프리 스타일로 연출할 수 있습니다.",비세토스 모노그램 캔버스,코튼 트윌 안감,약 2 x 26 x 15 센티미터,대한민국,black,미니,품절,"탈착이 가능하며 길이 조절이 가능한 레더 스트랩 | 뒷면 외부 슬립 포켓 | 지퍼 클로저 | 내부 카드 슬롯 | 바디:비세토스 모노그램 캔버스 | 트림: 나파 가죽 | 실버톤 코발트 브라스 하드웨어 | 코튼 트윌 안감 | 약 2 x 26 x 15 센티미터 | 스트랩 길이: 111.5 cm - 135.5 cm, 스트랩 드롭: 60 cm | 제조국: 대한민국",https://images.mcmworldwide.com/i/mcmworldwide/MYZGATA01BK001_01 | https://images.mcmworldwide.com/i/mcmworldwide/MYZGATA01BK001_09 | https://images.mcmworldwide.com/i/mcmworldwide/MYZGATA01BK001_02 | https://images.mcmworldwide.com/i/mcmworldwide/MYZGATA01BK001_03 | https://images.mcmworldwide.com/i/mcmworldwide/MYZGATA01BK001_04 | https://images.mcmworldwide.com/i/mcmworldwide/MYZGATA01BK001_05 | https://images.mcmworldwide.com/i/mcmworldwide/MYZGATA01BK001_10 | https://images.mcmworldwide.com/i/mcmworldwide/MYZGATA01BK001_01 | https://images.mcmworldwide.com/i/mcmworldwide/MYZGATA01BK001_09 | https://images.mcmworldwide.com/i/mcmworldwide/MYZGATA01BK001_02 | https://images.mcmworldwide.com/i/mcmworldwide/MYZGATA01BK001_03 | https://images.mcmworldwide.com/i/mcmworldwide/MYZGATA01BK001_04 | https://images.mcmworldwide.com/i/mcmworldwide/MYZGATA01BK001_05 | https://images.mcmworldwide.com/i/mcmworldwide/MYZGATA01BK001_10 | https://images.mcmworldwide.com/i/mcmworldwide/MYZGATA01BK001_01,https://kr.mcmworldwide.com/ko_KR/%EA%B0%80%EB%B0%A9/%EB%AF%B8%EB%8B%88%EB%B0%B1/aren-%EB%B9%84%EC%84%B8%ED%86%A0%EC%8A%A4-%ED%81%AC%EB%A1%9C%EC%8A%A4%EB%B0%94%EB%94%94-%ED%8C%8C%EC%9A%B0%EC%B9%98/MYZGATA01BK001.html?cgid=bags-mini-bags
MMLGSTA03BK001,Aren 비세토스 슬링,,Aren,천연 가죽 트림이 더해진 비세토스 모노그램 캔버스 슬링 백,"미니 ‘Aren’ 슬링백은 전통 백팩에 대한 세련된 대안입니다. 시그니처 비세토스와 천연 나파 가죽으로 완성되었으며, 싱글 스트랩 디자인으로 이동 시 편안함을 제공합니다. 내부와 외부 수납 공간이 조화를 이루어 실용성을 극대화한 디자인이 특징입니다.",비세토스 모노그램 캔버스,스웨이드 마감의 극세사 안감,약 7 x 23 x 31 센티미터,대한민국,black,미니,품절,길이 조절이 가능한 스트랩 | 앞면 및 뒷면 지퍼 수납공간 | 각진 지퍼 클로저 | 바바리안 다이아몬드 가죽 패치가 더해진 내부 포켓 | 바디:비세토스 모노그램 캔버스 | 트림:천연 가죽 | 다크톤 코발트 메탈 하드웨어 | 스웨이드 마감의 극세사 안감 | 약 7 x 23 x 31 센티미터 | 스트랩 길이: 93 cm - 121 츠 | 제조국: 대한민국,https://images.mcmworldwide.com/i/mcmworldwide/MMLGSTA03BK001_01 | https://images.mcmworldwide.com/i/mcmworldwide/MMLGSTA03BK001_09 | https://images.mcmworldwide.com/i/mcmworldwide/MMLGSTA03BK001_02 | https://images.mcmworldwide.com/i/mcmworldwide/MMLGSTA03BK001_03 | https://images.mcmworldwide.com/i/mcmworldwide/MMLGSTA03BK001_04 | https://images.mcmworldwide.com/i/mcmworldwide/MMLGSTA03BK001_05 | https://images.mcmworldwide.com/i/mcmworldwide/MMLGSTA03BK001_10 | https://images.mcmworldwide.com/i/mcmworldwide/MMLGSTA03BK001_11 | https://images.mcmworldwide.com/i/mcmworldwide/MMLGSTA03BK001_12 | https://images.mcmworldwide.com/i/mcmworldwide/MMLGSTA03BK001_01 | https://images.mcmworldwide.com/i/mcmworldwide/MMLGSTA03BK001_09 | https://images.mcmworldwide.com/i/mcmworldwide/MMLGSTA03BK001_02 | https://images.mcmworldwide.com/i/mcmworldwide/MMLGSTA03BK001_03 | https://images.mcmworldwide.com/i/mcmworldwide/MMLGSTA03BK001_04 | https://images.mcmworldwide.com/i/mcmworldwide/MMLGSTA03BK001_05 | https://images.mcmworldwide.com/i/mcmworldwide/MMLGSTA03BK001_10 | https://images.mcmworldwide.com/i/mcmworldwide/MMLGSTA03BK001_11 | https://images.mcmworldwide.com/i/mcmworldwide/MMLGSTA03BK001_12,https://kr.mcmworldwide.com/ko_KR/%EA%B0%80%EB%B0%A9/%EB%AF%B8%EB%8B%88%EB%B0%B1/aren-%EB%B9%84%EC%84%B8%ED%86%A0%EC%8A%A4-%EC%8A%AC%EB%A7%81/MMLGSTA03BK001.html?cgid=bags-mini-bags
MMLFSTA07BK001,Aren 리사이클 나일론 슬링백,,Aren,비세토스 모노그램 프린트 가죽 트리밍이 돋보이는 리사이클 나일론 슬링 백,"기존 백팩의 고급스러운 대안, 미니 아렌 슬링 백은 이탈리아산 리사이클 나일론 소재로 제작되어 하나의 스트랩으로 간편하게 휴대할 수 있습니다. 클래식한 비세토스 모노그램 프린트가 돋보이는 앞면 지퍼 수납공간과 함께, 미래지향적인 디자인으로 완성되었습니다.",이탈리안 리사이클 나일론,나일론 라이닝,약 9 x 23 x 31 센티미터,대한민국,black,미니,품절,길이 조절이 가능한 스트랩 | 비세토스 모노그램 프린트가 돋보이는 가죽 전면 지퍼 수납공간 | 각진 지퍼 여밈 | 내부 포켓 | 바디: 이탈리안 리사이클 나일론 | 레더 트림 | 실버 톤 코발트 메탈 하드웨어 | 나일론 라이닝 | 약 9 x 23 x 31 센티미터 | 스트랩 길이: 88.5cm ~ 115 cm | 제조국: 대한민국,https://images.mcmworldwide.com/i/mcmworldwide/MMLFSTA07BK001_01 | https://images.mcmworldwide.com/i/mcmworldwide/MMLFSTA07BK001_09 | https://images.mcmworldwide.com/i/mcmworldwide/MMLFSTA07BK001_02 | https://images.mcmworldwide.com/i/mcmworldwide/MMLFSTA07BK001_03 | https://images.mcmworldwide.com/i/mcmworldwide/MMLFSTA07BK001_04 | https://images.mcmworldwide.com/i/mcmworldwide/MMLFSTA07BK001_10 | https://images.mcmworldwide.com/i/mcmworldwide/MMLFSTA07BK001_01 | https://images.mcmworldwide.com/i/mcmworldwide/MMLFSTA07BK001_09 | https://images.mcmworldwide.com/i/mcmworldwide/MMLFSTA07BK001_02 | https://images.mcmworldwide.com/i/mcmworldwide/MMLFSTA07BK001_03 | https://images.mcmworldwide.com/i/mcmworldwide/MMLFSTA07BK001_04 | https://images.mcmworldwide.com/i/mcmworldwide/MMLFSTA07BK001_10,https://kr.mcmworldwide.com/ko_KR/%EA%B0%80%EB%B0%A9/%EB%AF%B8%EB%8B%88%EB%B0%B1/aren-%EB%A6%AC%EC%82%AC%EC%9D%B4%ED%81%B4-%EB%82%98%EC%9D%BC%EB%A1%A0-%EC%8A%AC%EB%A7%81%EB%B0%B1/MMLFSTA07BK001.html?cgid=bags-mini-bags
MWRESAK02CO001,비세토스 레더 믹스 다이아몬드 숄더백,,비세토스,송아지 가죽 트림과 바이에른 다이아몬드 모티프 앞면 플랩이 돋보이는 비세토스 숄더백입니다.,MCM이 탄생한 독일을 상징하는 명망 높은 심볼인 바이에른 다이아몬드가 미니 비세토스 숄더백에 자랑스럽게 장식되어 있습니다. ‘형태는 기능을 따른다(form follows function)’라는 바우하우스 디자인 원칙에 충실한 시대를 초월한 이 모티프는 송아지 가죽 소재의 앞면 플랩 클로저의 실루엣에 영감을 주었습니다.,비세토스 모노그램 캔버스,스웨이드 마감 마이크로파이버 안감,약 5 x 20 x 13 센티미터,대한민국,cognac,미니,품절,탈부착 가능한 체인 레더 믹스 어깨 스트랩 | 후면 외부 슬립 포켓. | 라우렐 로고 프린트와 바이에른 다이아몬드 모티프 앞면 플랩 | 자석 스냅 클로저. | 내부 지퍼 포켓 및 카드 슬롯 | 바디: 비세토스 모노그램 캔버스 | 트림: 나파 송아지 가죽 | 24K 도금 메탈 금속 장식 | 스웨이드 마감 마이크로파이버 안감 | 약 5 x 20 x 13 센티미터 | 스트랩 드롭: 60cm. | 제조국: 대한민국,https://images.mcmworldwide.com/i/mcmworldwide/MWRESAK02CO001_01 | https://images.mcmworldwide.com/i/mcmworldwide/MWRESAK02CO001_09 | https://images.mcmworldwide.com/i/mcmworldwide/MWRESAK02CO001_02 | https://images.mcmworldwide.com/i/mcmworldwide/MWRESAK02CO001_03 | https://images.mcmworldwide.com/i/mcmworldwide/MWRESAK02CO001_04 | https://images.mcmworldwide.com/i/mcmworldwide/MWRESAK02CO001_10 | https://images.mcmworldwide.com/i/mcmworldwide/MWRESAK02CO001_01 | https://images.mcmworldwide.com/i/mcmworldwide/MWRESAK02CO001_09 | https://images.mcmworldwide.com/i/mcmworldwide/MWRESAK02CO001_02 | https://images.mcmworldwide.com/i/mcmworldwide/MWRESAK02CO001_03 | https://images.mcmworldwide.com/i/mcmworldwide/MWRESAK02CO001_04 | https://images.mcmworldwide.com/i/mcmworldwide/MWRESAK02CO001_10 | https://images.mcmworldwide.com/i/mcmworldwide/MWRESAK02CO001_01,https://kr.mcmworldwide.com/ko_KR/%EA%B0%80%EB%B0%A9/%EB%AF%B8%EB%8B%88%EB%B0%B1/%EB%B9%84%EC%84%B8%ED%86%A0%EC%8A%A4-%EB%A0%88%EB%8D%94-%EB%AF%B9%EC%8A%A4-%EB%8B%A4%EC%9D%B4%EC%95%84%EB%AA%AC%EB%93%9C-%EC%88%84%EB%8D%94%EB%B0%B1/MWRESAK02CO001.html?cgid=bags-mini-bags
MWRGAAK01BK001,Diamond  비세토스 레더 믹스 숄더백,,비세토스,카프스킨 레더 트림과 바이에른 다이아몬드 모티프 프론트 플랩이 돋보이는 비세토스 모노그램 캔버스 숄더백,MCM의 독일 기원을 상징하는 바이에른 다이아몬드 모티프가 돋보이는 미니 블랙 비세토스 숄더백. “형태는 기능을 따른다”는 바우하우스 철학을 반영해 카프스킨 프론트 플랩의 구조적인 실루엣을 완성했습니다.,비세토스 모노그램 캔버스,패브릭 안감,약 5 x 20 x 13 센티미터,대한민국,black,미니,품절,탈부착 가능한 가죽 체인 스트랩 | 뒷면 외부 슬립 포켓 | 라우렐 로고 모티프의 바이에른 다이아몬드 프론트 플랩 | 마그네틱 스냅 클로저 | 내부 지퍼 포켓과 카드 슬롯 | 바디:비세토스 모노그램 캔버스 | 트림: 카프스킨 레더 | 실버톤 코발트 브라스 하드웨어 | 패브릭 안감 | 약 5 x 20 x 13 센티미터 | 스트랩 길이: 60cm | 제조국: 대한민국,https://images.mcmworldwide.com/i/mcmworldwide/MWRGAAK01BK001_01 | https://images.mcmworldwide.com/i/mcmworldwide/MWRGAAK01BK001_09 | https://images.mcmworldwide.com/i/mcmworldwide/MWRGAAK01BK001_02 | https://images.mcmworldwide.com/i/mcmworldwide/MWRGAAK01BK001_03 | https://images.mcmworldwide.com/i/mcmworldwide/MWRGAAK01BK001_04 | https://images.mcmworldwide.com/i/mcmworldwide/MWRGAAK01BK001_05 | https://images.mcmworldwide.com/i/mcmworldwide/MWRGAAK01BK001_10 | https://images.mcmworldwide.com/i/mcmworldwide/MWRGAAK01BK001_11 | https://images.mcmworldwide.com/i/mcmworldwide/MWRGAAK01BK001_01 | https://images.mcmworldwide.com/i/mcmworldwide/MWRGAAK01BK001_09 | https://images.mcmworldwide.com/i/mcmworldwide/MWRGAAK01BK001_02 | https://images.mcmworldwide.com/i/mcmworldwide/MWRGAAK01BK001_03 | https://images.mcmworldwide.com/i/mcmworldwide/MWRGAAK01BK001_04 | https://images.mcmworldwide.com/i/mcmworldwide/MWRGAAK01BK001_05 | https://images.mcmworldwide.com/i/mcmworldwide/MWRGAAK01BK001_10 | https://images.mcmworldwide.com/i/mcmworldwide/MWRGAAK01BK001_11 | https://images.mcmworldwide.com/i/mcmworldwide/MWRGAAK01BK001_01,https://kr.mcmworldwide.com/ko_KR/%EA%B0%80%EB%B0%A9/%EB%AF%B8%EB%8B%88%EB%B0%B1/diamond--%EB%B9%84%EC%84%B8%ED%86%A0%EC%8A%A4-%EB%A0%88%EB%8D%94-%EB%AF%B9%EC%8A%A4-%EC%88%84%EB%8D%94%EB%B0%B1/MWRGAAK01BK001.html?cgid=bags-mini-bags
MWRESAK01BK001,Diamond 카프 레더 숄더백,,,퀼티드 바이에른 다이아몬드 모티프와 체인 가죽 믹스 스트랩이 있는 스페인산 송아지 가죽 소재의 숄더백,뮌헨의 상징으로 명망 높은 바이에른 다이아몬드에서 영감을 받은 스페인산 송아지 가죽 소재의 미니 숄더백입니다. ‘형태는 기능을 따른다(form follows function)’라는 바우하우스 디자인 원칙에 충실한 기하학적 모티프가 앞면 플랩 클로저에 정교하게 퀼팅되어 있습니다.,,스웨이드 마감 마이크로파이버 안감,약 5 x 20 x 13 센티미터,대한민국,black,미니,품절,탈부착 가능한 체인 레더 믹스 어깨 스트랩 | 후면 외부 슬립 포켓. | 바이에른 다이아몬드 퀼트 앞면 플랩 | MCM 로고 모티프 | 자석 스냅 클로저 | 내부 지퍼 포켓 및 카드 슬롯 | 스웨이드 마감 마이크로파이버 안감 | 24K 도금 브라스 금속 장식 | 스웨이드 마감 마이크로파이버 안감 | 약 5 x 20 x 13 센티미터 | 스트랩 드롭: 60cm. | 제조국: 대한민국,https://images.mcmworldwide.com/i/mcmworldwide/MWRESAK01BK001_01 | https://images.mcmworldwide.com/i/mcmworldwide/MWRESAK01BK001_09 | https://images.mcmworldwide.com/i/mcmworldwide/MWRESAK01BK001_02 | https://images.mcmworldwide.com/i/mcmworldwide/MWRESAK01BK001_03 | https://images.mcmworldwide.com/i/mcmworldwide/MWRESAK01BK001_04 | https://images.mcmworldwide.com/i/mcmworldwide/MWRESAK01BK001_10 | https://images.mcmworldwide.com/i/mcmworldwide/MWRESAK01BK001_01 | https://images.mcmworldwide.com/i/mcmworldwide/MWRESAK01BK001_09 | https://images.mcmworldwide.com/i/mcmworldwide/MWRESAK01BK001_02 | https://images.mcmworldwide.com/i/mcmworldwide/MWRESAK01BK001_03 | https://images.mcmworldwide.com/i/mcmworldwide/MWRESAK01BK001_04 | https://images.mcmworldwide.com/i/mcmworldwide/MWRESAK01BK001_10,https://kr.mcmworldwide.com/ko_KR/%EA%B0%80%EB%B0%A9/%EB%AF%B8%EB%8B%88%EB%B0%B1/diamond-%EC%B9%B4%ED%94%84-%EB%A0%88%EB%8D%94-%EC%88%84%EB%8D%94%EB%B0%B1/MWRESAK01BK001.html?cgid=bags-mini-bags
MMRAAKC03CO001,Aren 비세토스 크로스바디,,Aren,시그니처 비세토스와 나파 가죽으로 제작한 핸즈프리 스타일로 다양한 어드벤처에 적합한 Aren 크로스바디입니다.,Aren 크로스바디는 룩을 돋보이게 하는 필수 액세서리입니다. 글로벌 노마드를 위해 제작한 아이템입니다. 가벼운 구조가 더욱 자유로운 활동성을 선사합니다.,,코튼 트윌 라이닝,약 5 x 17 x 13 센티미터,대한민국,cognac,엑스트라 미니,품절,나파 가죽 트림 | 지퍼형 전면 포켓 | 내부 오픈 포켓이 있는 지퍼 여밈 주요 수납공간 | MCM 로고 플레이트 | 24K 도금 금속 장식 | 나파 가죽 트림 | MCM 로고 플레이트. | 코튼 트윌 라이닝 | 약 5 x 17 x 13 센티미터 | 스트랩 길이: 79cm~138cm | 제조국: 대한민국 | 코티드 캔버스,https://images.mcmworldwide.com/i/mcmworldwide/MMRAAKC03CO001_01 | https://images.mcmworldwide.com/i/mcmworldwide/MMRAAKC03CO001_09 | https://images.mcmworldwide.com/i/mcmworldwide/MMRAAKC03CO001_02 | https://images.mcmworldwide.com/i/mcmworldwide/MMRAAKC03CO001_03 | https://images.mcmworldwide.com/i/mcmworldwide/MMRAAKC03CO001_04 | https://images.mcmworldwide.com/i/mcmworldwide/MMRAAKC03CO001_10 | https://images.mcmworldwide.com/i/mcmworldwide/MMRAAKC03CO001_01 | https://images.mcmworldwide.com/i/mcmworldwide/MMRAAKC03CO001_09 | https://images.mcmworldwide.com/i/mcmworldwide/MMRAAKC03CO001_02 | https://images.mcmworldwide.com/i/mcmworldwide/MMRAAKC03CO001_03 | https://images.mcmworldwide.com/i/mcmworldwide/MMRAAKC03CO001_04 | https://images.mcmworldwide.com/i/mcmworldwide/MMRAAKC03CO001_10,https://kr.mcmworldwide.com/ko_KR/%EA%B0%80%EB%B0%A9/%EB%AF%B8%EB%8B%88%EB%B0%B1/aren-%EB%B9%84%EC%84%B8%ED%86%A0%EC%8A%A4-%ED%81%AC%EB%A1%9C%EC%8A%A4%EB%B0%94%EB%94%94/MMRAAKC03CO001.html?cgid=bags-mini-bags
MWRAAVI01CO001,비세토스 오리지널 락스타 베니티 케이스,,비세토스,천연 나파 가죽 트림이 돋보이는 비세토스 모노그램 캔버스 베니티 케이스,타임리스한 디자인과 정교한 수공예가 완벽하게 조화를 이루는 락스타는 국경을 초월하여 명성을 얻고 있습니다. 가벼운 실루엣에 크로스바디 가죽 스트랩과 유연한 가죽 핸들이 함께 제공되어 두 가지 방식으로 스타일링할 수 있습니다.,탈부착 및 조절 가능한 크로스바디 가죽 스트랩,스웨이드 마감 마이크로파이버 안감,약 10 x 20 x 11 센티미터,대한민국,cognac,미니,품절,나파 가죽 트림 | 탈부착 및 조절 가능한 크로스바디 가죽 스트랩 | 가죽 손잡이 부분 | 전면의 MCM 로고 플레이트 | 지퍼 어라운드 클로저. | 내부 포켓 및 카드 슬롯 | 24K 금 도금 하드웨어 | 바디: 비세토스 모노그램 캔버스 | 트림: 천연 나파 가죽 | 24K 도금 메탈 금속 장식 | 스웨이드 마감 마이크로파이버 안감 | 약 10 x 20 x 11 센티미터 | 스트랩 길이: 105cm~121cm | 제조국: 대한민국,https://images.mcmworldwide.com/i/mcmworldwide/MWRAAVI01CO001_01 | https://images.mcmworldwide.com/i/mcmworldwide/MWRAAVI01CO001_09 | https://images.mcmworldwide.com/i/mcmworldwide/MWRAAVI01CO001_02 | https://images.mcmworldwide.com/i/mcmworldwide/MWRAAVI01CO001_03 | https://images.mcmworldwide.com/i/mcmworldwide/MWRAAVI01CO001_04 | https://images.mcmworldwide.com/i/mcmworldwide/MWRAAVI01CO001_10 | https://images.mcmworldwide.com/i/mcmworldwide/MWRAAVI01CO001_01 | https://images.mcmworldwide.com/i/mcmworldwide/MWRAAVI01CO001_09 | https://images.mcmworldwide.com/i/mcmworldwide/MWRAAVI01CO001_02 | https://images.mcmworldwide.com/i/mcmworldwide/MWRAAVI01CO001_03 | https://images.mcmworldwide.com/i/mcmworldwide/MWRAAVI01CO001_04 | https://images.mcmworldwide.com/i/mcmworldwide/MWRAAVI01CO001_10,https://kr.mcmworldwide.com/ko_KR/%EA%B0%80%EB%B0%A9/%EB%AF%B8%EB%8B%88%EB%B0%B1/%EB%B9%84%EC%84%B8%ED%86%A0%EC%8A%A4-%EC%98%A4%EB%A6%AC%EC%A7%80%EB%84%90-%EB%9D%BD%EC%8A%A4%ED%83%80-%EB%B2%A0%EB%8B%88%ED%8B%B0-%EC%BC%80%EC%9D%B4%EC%8A%A4/MWRAAVI01CO001.html?cgid=bags-mini-bags
MWPESAC04BK001,Himmel 엠보스드 로고 레더 쇼퍼,,,엠보스드 MCM 로고 모티프와 바이에른 다이아몬드 가죽 참이 있는 그레인 가죽 소재의 쇼퍼,영광스러운 라우렐 엠블럼이 새겨져 있으며 비세토스 모노그램 프린트 가죽 안감으로 클래식한 터치를 더한 미니 Himmel 쇼퍼입니다. 실루엣에는 단독으로 사용할 수 있는 지퍼 파우치와 탈부착 가능한 바이에른 다이아몬드 로고 가죽 참이 포함되어 있습니다.,엠보스드 가죽,비세토스 모노그램 프린트 가죽 안감,약 12 x 21 x 21 센티미터,이탈리아,black,미니,품절,조절 가능한 가죽 핸들 | 앞면의 엠보스드 라우렐 로고 모티프 | 탈부착 가능한 바이에른 다이아몬드 로고 가죽 참 | 탈부착 가능한 지퍼 파우치 | 바디: 엠보스드 가죽 | 24K 도금 브라스 금속 장식 | 비세토스 모노그램 프린트 가죽 안감 | 약 12 x 21 x 21 센티미터 | 핸들 드롭: 17.5cm | 제조국: 이탈리아,https://images.mcmworldwide.com/i/mcmworldwide/MWPESAC04BK001_01 | https://images.mcmworldwide.com/i/mcmworldwide/MWPESAC04BK001_09 | https://images.mcmworldwide.com/i/mcmworldwide/MWPESAC04BK001_02 | https://images.mcmworldwide.com/i/mcmworldwide/MWPESAC04BK001_03 | https://images.mcmworldwide.com/i/mcmworldwide/MWPESAC04BK001_04 | https://images.mcmworldwide.com/i/mcmworldwide/MWPESAC04BK001_10 | https://images.mcmworldwide.com/i/mcmworldwide/MWPESAC04BK001_01 | https://images.mcmworldwide.com/i/mcmworldwide/MWPESAC04BK001_09 | https://images.mcmworldwide.com/i/mcmworldwide/MWPESAC04BK001_02 | https://images.mcmworldwide.com/i/mcmworldwide/MWPESAC04BK001_03 | https://images.mcmworldwide.com/i/mcmworldwide/MWPESAC04BK001_04 | https://images.mcmworldwide.com/i/mcmworldwide/MWPESAC04BK001_10,https://kr.mcmworldwide.com/ko_KR/%EA%B0%80%EB%B0%A9/%EB%AF%B8%EB%8B%88%EB%B0%B1/himmel-%EC%97%A0%EB%B3%B4%EC%8A%A4%EB%93%9C-%EB%A1%9C%EA%B3%A0-%EB%A0%88%EB%8D%94-%EC%87%BC%ED%8D%BC/MWPESAC04BK001.html?cgid=bags-mini-bags
MWPFSTA04BK001,재생 나일론 및 모노그램 프린트 가죽 소재의 Aren 쇼퍼,,Aren,비세토스 모노그램 프린트 가죽 트림과 바이에른 다이아몬드 가죽 로고 참이 돋보이는 재생 나일론 쇼퍼,이탈리아산 재생 나일론으로 제작한 엑스트라 미니 Aren 쇼퍼백은 비세토스 모노그램 프린트 가죽 포인트로 프레임된 작은 사이즈의 동반자입니다. 클래식 코드는 뮌헨의 바이에른 다이아몬드에서 영감을 받은 탈부착 가능한 다이아몬드 가죽 로고 참과 라우렐 로고 금속 장식으로 실루엣을 더욱 강조합니다.,이탈리아산 재생 나일론,패브릭 안감.,약 9 x 16 x 14 센티미터,대한민국,black,엑스트라 미니,품절,"탈부착 및 조절 가능한 비세토스 모노그램 프린트 가죽 스트랩 | 레더 손잡이 부분 | 앞면의 라우렐 로고 금속 장식 | 비세토스 모노그램 프린트의 탈부착 가능한 다이아몬드 가죽 로고 참 | 지퍼 클로저 | 내부 포켓 및 카드 슬롯 | 바디: 이탈리아산 재생 나일론 | 트림: 비세토스 모노그램 프린트 가죽 | 실버톤 코발트 금속 장식 | 패브릭 안감. | 약 9 x 16 x 14 센티미터 | 스트랩 길이: 94.5cm~118.5cm, 핸들 드롭: 7.5cm | 제조국: 대한민국",https://images.mcmworldwide.com/i/mcmworldwide/MWPFSTA04BK001_01 | https://images.mcmworldwide.com/i/mcmworldwide/MWPFSTA04BK001_09 | https://images.mcmworldwide.com/i/mcmworldwide/MWPFSTA04BK001_02 | https://images.mcmworldwide.com/i/mcmworldwide/MWPFSTA04BK001_03 | https://images.mcmworldwide.com/i/mcmworldwide/MWPFSTA04BK001_04 | https://images.mcmworldwide.com/i/mcmworldwide/MWPFSTA04BK001_01 | https://images.mcmworldwide.com/i/mcmworldwide/MWPFSTA04BK001_09 | https://images.mcmworldwide.com/i/mcmworldwide/MWPFSTA04BK001_02 | https://images.mcmworldwide.com/i/mcmworldwide/MWPFSTA04BK001_03 | https://images.mcmworldwide.com/i/mcmworldwide/MWPFSTA04BK001_04,https://kr.mcmworldwide.com/ko_KR/%EA%B0%80%EB%B0%A9/%EB%AF%B8%EB%8B%88%EB%B0%B1/%EC%9E%AC%EC%83%9D-%EB%82%98%EC%9D%BC%EB%A1%A0-%EB%B0%8F-%EB%AA%A8%EB%85%B8%EA%B7%B8%EB%9E%A8-%ED%94%84%EB%A6%B0%ED%8A%B8-%EA%B0%80%EC%A3%BD-%EC%86%8C%EC%9E%AC%EC%9D%98-aren-%EC%87%BC%ED%8D%BC/MWPFSTA04BK001.html?cgid=bags-mini-bags
MWDESAC03DG001,Himmel 시퀸 드로우스트링 백,,,시퀸 장식과 천연 나파 가죽 트림이 돋보이는 버켓백,시퀸으로 화사한 반짝임을 더하고 천연 나파 가죽으로 포인트를 더한 미니 패브릭 드로우스트링 백입니다. 은은하게 빛나는 실루엣의 조절 가능한 가죽 어깨 스트랩을 확장하여 원하는 길이로 편안하게 착용할 수 있습니다.,이탈리아산 원단,,약 11 x 16 x 20 센티미터,이탈리아,gold,미니,품절,"조절 가능한 어깨 스트랩 | 가죽 손잡이 부분 | 멀티 컬러 시퀸 장식 | 로고 엠보스드 레더 다이아몬드 행택 | 드로우스트링 클로저 | 바디: 이탈리아산 원단 | 트림: 천연 나파 가죽 | 약 11 x 16 x 20 센티미터 | 스트랩 길이: 60cm, 핸들 드롭: 10cm | 제조국: 이탈리아",https://images.mcmworldwide.com/i/mcmworldwide/MWDESAC03DG001_01 | https://images.mcmworldwide.com/i/mcmworldwide/MWDESAC03DG001_09 | https://images.mcmworldwide.com/i/mcmworldwide/MWDESAC03DG001_02 | https://images.mcmworldwide.com/i/mcmworldwide/MWDESAC03DG001_03 | https://images.mcmworldwide.com/i/mcmworldwide/MWDESAC03DG001_04 | https://images.mcmworldwide.com/i/mcmworldwide/MWDESAC03DG001_10 | https://images.mcmworldwide.com/i/mcmworldwide/MWDESAC03DG001_01 | https://images.mcmworldwide.com/i/mcmworldwide/MWDESAC03DG001_09 | https://images.mcmworldwide.com/i/mcmworldwide/MWDESAC03DG001_02 | https://images.mcmworldwide.com/i/mcmworldwide/MWDESAC03DG001_03 | https://images.mcmworldwide.com/i/mcmworldwide/MWDESAC03DG001_04 | https://images.mcmworldwide.com/i/mcmworldwide/MWDESAC03DG001_10,https://kr.mcmworldwide.com/ko_KR/%EA%B0%80%EB%B0%A9/%EB%AF%B8%EB%8B%88%EB%B0%B1/himmel-%EC%8B%9C%ED%80%B8-%EB%93%9C%EB%A1%9C%EC%9A%B0%EC%8A%A4%ED%8A%B8%EB%A7%81-%EB%B0%B1/MWDESAC03DG001.html?cgid=bags-mini-bags
MWPGAUP02BK001,MCM X ATEEZ with MINGI Toni 탑 지퍼 비세토스 쇼퍼,,Toni,‘FIX ON’ 그래픽과 ATEEZ 로고 디테일이 조화를 이루는 비세토스 쇼퍼,"민기의 시그니처 ‘FIX ON’ 그래픽이 더해진 미니 쇼퍼는 ATEEZ 특유의 감각적인 무드를 담아냅니다. 비세토스 모노그램 캔버스와 실용적인 실루엣, 뒷면의 워드마크 엠블럼 디테일이 조화를 이루며 데일리 스타일링에 자연스럽게 어우러집니다.",비세토스 모노그램 캔버스,코튼 캔버스 라이닝,약 10 x 19 x 19 센티미터,대한민국,black,미니,품절,"앞면의 ‘FIX ON’ 그래픽 디테일 | 뒷면의 ATEEZ 로고 디테일 | 외부 후면 슬립 포켓 | 탑 지퍼 클로저 | 내부 지퍼 포켓 및 슬립 포켓 | 외부 D링 디테일 | 바디:비세토스 모노그램 캔버스 | 트림: 나파 가죽 | 실버톤 코발트 메탈 하드웨어 | 코튼 캔버스 라이닝 | 약 10 x 19 x 19 센티미터 | 스트랩 길이: 98 cm - 114 cm, 핸들 드롭: 10cm | 제조국: 대한민국",https://images.mcmworldwide.com/i/mcmworldwide/MWPGAUP02BK001_01 | https://images.mcmworldwide.com/i/mcmworldwide/MWPGAUP02BK001_02 | https://images.mcmworldwide.com/i/mcmworldwide/MWPGAUP02BK001_03 | https://images.mcmworldwide.com/i/mcmworldwide/MWPGAUP02BK001_04 | https://images.mcmworldwide.com/i/mcmworldwide/MWPGAUP02BK001_05 | https://images.mcmworldwide.com/i/mcmworldwide/MWPGAUP02BK001_06 | https://images.mcmworldwide.com/i/mcmworldwide/MWPGAUP02BK001_01 | https://images.mcmworldwide.com/i/mcmworldwide/MWPGAUP02BK001_02 | https://images.mcmworldwide.com/i/mcmworldwide/MWPGAUP02BK001_03 | https://images.mcmworldwide.com/i/mcmworldwide/MWPGAUP02BK001_04 | https://images.mcmworldwide.com/i/mcmworldwide/MWPGAUP02BK001_05 | https://images.mcmworldwide.com/i/mcmworldwide/MWPGAUP02BK001_06 | https://images.mcmworldwide.com/i/mcmworldwide/MWPGAUP02BK001_01,https://kr.mcmworldwide.com/ko_KR/%EA%B0%80%EB%B0%A9/%EB%AF%B8%EB%8B%88%EB%B0%B1/mcm-x-ateez-with-mingi-toni-%ED%83%91-%EC%A7%80%ED%8D%BC-%EB%B9%84%EC%84%B8%ED%86%A0%EC%8A%A4-%EC%87%BC%ED%8D%BC/MWPGAUP02BK001.html?cgid=bags-mini-bags
MWRGAXT01PZ001,Tracy 비세토스 레더믹스 크로스바디,,Tracy,라우렐 락 잠금장치 및 카프스킨 레더 트리밍이 더해진 비세토스 모노그램 캔버스 크로스바디 백,"카프스킨 레더 디테일이 돋보이는 미니 사이즈 Tracy(트레이시) 크로스바디 백은 MCM의 시그니처 비세토스 캔버스로 제작되었으며, 하우스의 상징적인 라우렐 락 잠금장치가 더해져 고유의 아이코닉한 매력을 완성합니다. 매력적인 미니 사이즈 실루엣에 가죽과 체인이 조화를 이루는 스트랩을 적용해 세련된 디테일을 선사합니다.",비세토스 모노그램 캔버스,스웨이드 마감의 극세사 안감,약 5 x 22 x 11 센티미터,대한민국,soft pink,미니,품절,탈부착 가능한 레더 체인 믹스 스트랩 | 라우렐 락 클로저 | 내부 카드 슬롯과 지퍼 수납공간 | 바디:비세토스 모노그램 캔버스 | 트림: 카프스킨 레더 | 16K 골드 도금 메탈 하드웨어 | 스웨이드 마감의 극세사 안감 | 약 5 x 22 x 11 센티미터 | 스트랩 드롭: 55 cm | 제조국: 대한민국,https://images.mcmworldwide.com/i/mcmworldwide/MWRGAXT01PZ001_01 | https://images.mcmworldwide.com/i/mcmworldwide/MWRGAXT01PZ001_09 | https://images.mcmworldwide.com/i/mcmworldwide/MWRGAXT01PZ001_02 | https://images.mcmworldwide.com/i/mcmworldwide/MWRGAXT01PZ001_03 | https://images.mcmworldwide.com/i/mcmworldwide/MWRGAXT01PZ001_04 | https://images.mcmworldwide.com/i/mcmworldwide/MWRGAXT01PZ001_05 | https://images.mcmworldwide.com/i/mcmworldwide/MWRGAXT01PZ001_06 | https://images.mcmworldwide.com/i/mcmworldwide/MWRGAXT01PZ001_10 | https://images.mcmworldwide.com/i/mcmworldwide/MWRGAXT01PZ001_11 | https://images.mcmworldwide.com/i/mcmworldwide/MWRGAXT01PZ001_01 | https://images.mcmworldwide.com/i/mcmworldwide/MWRGAXT01PZ001_09 | https://images.mcmworldwide.com/i/mcmworldwide/MWRGAXT01PZ001_02 | https://images.mcmworldwide.com/i/mcmworldwide/MWRGAXT01PZ001_03 | https://images.mcmworldwide.com/i/mcmworldwide/MWRGAXT01PZ001_04 | https://images.mcmworldwide.com/i/mcmworldwide/MWRGAXT01PZ001_05 | https://images.mcmworldwide.com/i/mcmworldwide/MWRGAXT01PZ001_06 | https://images.mcmworldwide.com/i/mcmworldwide/MWRGAXT01PZ001_10 | https://images.mcmworldwide.com/i/mcmworldwide/MWRGAXT01PZ001_11,https://kr.mcmworldwide.com/ko_KR/%EA%B0%80%EB%B0%A9/%EB%AF%B8%EB%8B%88%EB%B0%B1/tracy-%EB%B9%84%EC%84%B8%ED%86%A0%EC%8A%A4-%EB%A0%88%EB%8D%94%EB%AF%B9%EC%8A%A4-%ED%81%AC%EB%A1%9C%EC%8A%A4%EB%B0%94%EB%94%94/MWRGAXT01PZ001.html?cgid=bags-mini-bags
MMLGATA05K8001,Aren 비세토스 슬링백,,Aren,나파 가죽 트림이 더해진 비세토스 모노그램 캔버스 슬링백,"클래식한 백팩을 대체하는 새로운 형태. 시그니처 비세토스와 나파 가죽으로 완성된 미니 사이즈 Aren 슬링 백은, 싱글 스트랩 디테일과 기하학적 구조로 자유로운 움직임을 가능하게 합니다. 내부와 외부 수납공간을 조화롭게 구성해 실용성이 돋보입니다.",비세토스 모노그램 캔버스,스웨이드 마감의 극세사 안감,약 7 x 23 x 31 센티미터,대한민국,khaki moss,미니,품절,길이 조절이 가능한 스트랩 | 앞면 및 뒷면 지퍼 수납공간 | 각진 지퍼 클로저 | 바바리안 다이아몬드 가죽 패치가 더해진 내부 포켓 | 바디:비세토스 모노그램 캔버스 | 트림: 나파 가죽 | 실버톤 코발트 브라스 하드웨어 | 스웨이드 마감의 극세사 안감 | 약 7 x 23 x 31 센티미터 | 스트랩 길이: 93 cm - 121 cm | 제조국: 대한민국,https://images.mcmworldwide.com/i/mcmworldwide/MMLGATA05K8001_01 | https://images.mcmworldwide.com/i/mcmworldwide/MMLGATA05K8001_09 | https://images.mcmworldwide.com/i/mcmworldwide/MMLGATA05K8001_02 | https://images.mcmworldwide.com/i/mcmworldwide/MMLGATA05K8001_03 | https://images.mcmworldwide.com/i/mcmworldwide/MMLGATA05K8001_04 | https://images.mcmworldwide.com/i/mcmworldwide/MMLGATA05K8001_05 | https://images.mcmworldwide.com/i/mcmworldwide/MMLGATA05K8001_10 | https://images.mcmworldwide.com/i/mcmworldwide/MMLGATA05K8001_01 | https://images.mcmworldwide.com/i/mcmworldwide/MMLGATA05K8001_09 | https://images.mcmworldwide.com/i/mcmworldwide/MMLGATA05K8001_02 | https://images.mcmworldwide.com/i/mcmworldwide/MMLGATA05K8001_03 | https://images.mcmworldwide.com/i/mcmworldwide/MMLGATA05K8001_04 | https://images.mcmworldwide.com/i/mcmworldwide/MMLGATA05K8001_05 | https://images.mcmworldwide.com/i/mcmworldwide/MMLGATA05K8001_10,https://kr.mcmworldwide.com/ko_KR/%EA%B0%80%EB%B0%A9/%EB%AF%B8%EB%8B%88%EB%B0%B1/aren-%EB%B9%84%EC%84%B8%ED%86%A0%EC%8A%A4-%EC%8A%AC%EB%A7%81%EB%B0%B1/MMLGATA05K8001.html?cgid=bags-mini-bags
MWPGAUP02CO001,MCM X ATEEZ with MINGI Toni 탑 지퍼 비세토스 쇼퍼,,Toni,‘FIX ON’ 그래픽과 ATEEZ 로고 디테일이 조화를 이루는 비세토스 쇼퍼,"민기의 시그니처 ‘FIX ON’ 그래픽이 더해진 미니 쇼퍼는 ATEEZ 특유의 감각적인 무드를 담아냅니다. 비세토스 모노그램 캔버스와 실용적인 실루엣, 뒷면의 워드마크 엠블럼 디테일이 조화를 이루며 데일리 스타일링에 자연스럽게 어우러집니다.",비세토스 모노그램 캔버스,코튼 캔버스 라이닝,약 10 x 19 x 19 센티미터,대한민국,cognac,미니,품절,"앞면의 ‘FIX ON’ 그래픽 디테일 | 뒷면의 ATEEZ 로고 디테일 | 외부 후면 슬립 포켓 | 탑 지퍼 클로저 | 내부 지퍼 포켓 및 슬립 포켓 | 외부 D링 디테일 | 바디:비세토스 모노그램 캔버스 | 트림: 나파 가죽 | 24K 골드 도금 브라스 하드웨어 | 코튼 캔버스 라이닝 | 약 10 x 19 x 19 센티미터 | 스트랩 길이: 98 cm - 114 cm, 핸들 드롭: 10cm | 제조국: 대한민국",https://images.mcmworldwide.com/i/mcmworldwide/MWPGAUP02CO001_01 | https://images.mcmworldwide.com/i/mcmworldwide/MWPGAUP02CO001_02 | https://images.mcmworldwide.com/i/mcmworldwide/MWPGAUP02CO001_03 | https://images.mcmworldwide.com/i/mcmworldwide/MWPGAUP02CO001_04 | https://images.mcmworldwide.com/i/mcmworldwide/MWPGAUP02CO001_05 | https://images.mcmworldwide.com/i/mcmworldwide/MWPGAUP02CO001_06 | https://images.mcmworldwide.com/i/mcmworldwide/MWPGAUP02CO001_01 | https://images.mcmworldwide.com/i/mcmworldwide/MWPGAUP02CO001_02 | https://images.mcmworldwide.com/i/mcmworldwide/MWPGAUP02CO001_03 | https://images.mcmworldwide.com/i/mcmworldwide/MWPGAUP02CO001_04 | https://images.mcmworldwide.com/i/mcmworldwide/MWPGAUP02CO001_05 | https://images.mcmworldwide.com/i/mcmworldwide/MWPGAUP02CO001_06 | https://images.mcmworldwide.com/i/mcmworldwide/MWPGAUP02CO001_01,https://kr.mcmworldwide.com/ko_KR/%EA%B0%80%EB%B0%A9/%EB%AF%B8%EB%8B%88%EB%B0%B1/mcm-x-ateez-with-mingi-toni-%ED%83%91-%EC%A7%80%ED%8D%BC-%EB%B9%84%EC%84%B8%ED%86%A0%EC%8A%A4-%EC%87%BC%ED%8D%BC/MWPGAUP02CO001.html?cgid=bags-mini-bags
MWBAASE03CO001,비세토스 오리지널 보스턴 백,,비세토스,클래식한 스타일에 신선한 감각을 더해주는 미니 보스턴 백입니다.,시그니처 비세토스 코티드 캔버스로 제작된 보스턴 백은 여행 문화에서 시작된 MCM의 역사를 보여줍니다. 위켄더를 떠올리게 하는 깔끔한 라인과 쉽게 열고 닫을 수 있도록 더욱 길어진 지퍼로 이루어진 실루엣입니다. 가장 작은 디테일마저도 섬세하게 제작했으며 손잡이 부분은 꼼꼼하게 수작업으로 감싸 스티칭하고 가장자리를 페인팅해 완성했습니다.,,,약 8 x 18 x 10 센티미터,대한민국,cognac,미니,품절,나파 가죽 트림 | 양방향 지퍼 클로저 | 가죽 손잡이 부분 | 24K 금 도금 하드웨어 | 내부 오픈 포켓 및 카드 슬롯 | MCM 로고 플레이트. | 약 8 x 18 x 10 센티미터 | 스트랩 길이: 102cm~118cm | 제조국: 대한민국 | 코티드 캔버스,https://images.mcmworldwide.com/i/mcmworldwide/MWBAASE03CO001_01 | https://images.mcmworldwide.com/i/mcmworldwide/MWBAASE03CO001_09 | https://images.mcmworldwide.com/i/mcmworldwide/MWBAASE03CO001_02 | https://images.mcmworldwide.com/i/mcmworldwide/MWBAASE03CO001_03 | https://images.mcmworldwide.com/i/mcmworldwide/MWBAASE03CO001_04 | https://images.mcmworldwide.com/i/mcmworldwide/MWBAASE03CO001_10 | https://images.mcmworldwide.com/i/mcmworldwide/MWBAASE03CO001_01 | https://images.mcmworldwide.com/i/mcmworldwide/MWBAASE03CO001_09 | https://images.mcmworldwide.com/i/mcmworldwide/MWBAASE03CO001_02 | https://images.mcmworldwide.com/i/mcmworldwide/MWBAASE03CO001_03 | https://images.mcmworldwide.com/i/mcmworldwide/MWBAASE03CO001_04 | https://images.mcmworldwide.com/i/mcmworldwide/MWBAASE03CO001_10,https://kr.mcmworldwide.com/ko_KR/%EA%B0%80%EB%B0%A9/%EB%AF%B8%EB%8B%88%EB%B0%B1/%EB%B9%84%EC%84%B8%ED%86%A0%EC%8A%A4-%EC%98%A4%EB%A6%AC%EC%A7%80%EB%84%90-%EB%B3%B4%EC%8A%A4%ED%84%B4-%EB%B0%B1/MWBAASE03CO001.html?cgid=bags-mini-bags
MMRGATA05BK001,Aren 다이아몬드 퀼팅 레더 크로스바디,,Aren,다이아몬드 퀼팅과 로고 브라스 플레이트로 클래식함을 더한 나파 가죽 크로스바디 백,"MCM의 정교한 가죽 장인정신이 돋보이는 Aren(아렌) 크로스바디 백. 바이에른 다이아몬드에서 영감을 받은 기하학적 퀼팅이 고급 나파 가죽 바디를 장식하며, 하우스의 아이코닉한 로고 브라스 플레이트로 세련된 포인트를 더하였습니다.",나파 레더,리사이클 코튼 라이닝,약 15 x 21 x 10 센티미터,이탈리아,black,S,품절,탈부착이 가능하며 길이 조절이 가능한 헤링본 웨빙 스트랩 | 다이아몬드 퀼팅 모티프 | 로고 브라스 플레이트 | 바닥 부분의 “MCM” 로고 스티칭 | 양방향 지퍼 클로저 | 바디:나파 레더 | 알루미늄 하드웨어 | 리사이클 코튼 라이닝 | 약 15 x 21 x 10 센티미터 | 제조국: 이탈리아,https://images.mcmworldwide.com/i/mcmworldwide/MMRGATA05BK001_01 | https://images.mcmworldwide.com/i/mcmworldwide/MMRGATA05BK001_09 | https://images.mcmworldwide.com/i/mcmworldwide/MMRGATA05BK001_02 | https://images.mcmworldwide.com/i/mcmworldwide/MMRGATA05BK001_03 | https://images.mcmworldwide.com/i/mcmworldwide/MMRGATA05BK001_04 | https://images.mcmworldwide.com/i/mcmworldwide/MMRGATA05BK001_05 | https://images.mcmworldwide.com/i/mcmworldwide/MMRGATA05BK001_06 | https://images.mcmworldwide.com/i/mcmworldwide/MMRGATA05BK001_10 | https://images.mcmworldwide.com/i/mcmworldwide/MMRGATA05BK001_01 | https://images.mcmworldwide.com/i/mcmworldwide/MMRGATA05BK001_09 | https://images.mcmworldwide.com/i/mcmworldwide/MMRGATA05BK001_02 | https://images.mcmworldwide.com/i/mcmworldwide/MMRGATA05BK001_03 | https://images.mcmworldwide.com/i/mcmworldwide/MMRGATA05BK001_04 | https://images.mcmworldwide.com/i/mcmworldwide/MMRGATA05BK001_05 | https://images.mcmworldwide.com/i/mcmworldwide/MMRGATA05BK001_06 | https://images.mcmworldwide.com/i/mcmworldwide/MMRGATA05BK001_10,https://kr.mcmworldwide.com/ko_KR/%ED%8A%B8%EB%9E%98%EB%B8%94/%EB%AA%A8%EB%91%90%EB%B3%B4%EA%B8%B0/aren-%EB%8B%A4%EC%9D%B4%EC%95%84%EB%AA%AC%EB%93%9C-%ED%80%BC%ED%8C%85-%EB%A0%88%EB%8D%94-%ED%81%AC%EB%A1%9C%EC%8A%A4%EB%B0%94%EB%94%94/MMRGATA05BK001.html?cgid=travel-all-travel
MMVGATT04BK001,Ottomar 다이아몬드 퀼팅 레더 위켄더,,Ottomar,로고 브라스 플레이트와 다이아몬드 퀼팅으로 품격을 더한 나파 가죽 위켄더 백,"모노크롬 감성이 돋보이는 시즌 위켄더 백. 나파 가죽 위에 바이에른 다이아몬드에서 영감을 받은 정교한 기하학 퀼팅을 더했으며, 하우스의 시그니처 로고 브라스 플레이트로 마무리했습니다.",나파 레더,리사이클 코튼 라이닝,약 16 x 55 x 35 센티미터,이탈리아,black,55cm / 22인치,품절,가죽 핸들 | 퀼팅 다이아몬드 모티프 | 바닥 부분의 “MCM” 로고 스티칭 | 양방향 지퍼 클로저 | 로고 브라스 플레이트 | 내부 지퍼 포켓 | 바디:나파 레더 | 무광 블랙 메탈 하드웨어 | 리사이클 코튼 라이닝 | 약 16 x 55 x 35 센티미터 | 제조국: 이탈리아,https://images.mcmworldwide.com/i/mcmworldwide/MMVGATT04BK001_01 | https://images.mcmworldwide.com/i/mcmworldwide/MMVGATT04BK001_09 | https://images.mcmworldwide.com/i/mcmworldwide/MMVGATT04BK001_02 | https://images.mcmworldwide.com/i/mcmworldwide/MMVGATT04BK001_03 | https://images.mcmworldwide.com/i/mcmworldwide/MMVGATT04BK001_04 | https://images.mcmworldwide.com/i/mcmworldwide/MMVGATT04BK001_05 | https://images.mcmworldwide.com/i/mcmworldwide/MMVGATT04BK001_06 | https://images.mcmworldwide.com/i/mcmworldwide/MMVGATT04BK001_07 | https://images.mcmworldwide.com/i/mcmworldwide/MMVGATT04BK001_10 | https://images.mcmworldwide.com/i/mcmworldwide/MMVGATT04BK001_11 | https://images.mcmworldwide.com/i/mcmworldwide/MMVGATT04BK001_12 | https://images.mcmworldwide.com/i/mcmworldwide/MMVGATT04BK001_01 | https://images.mcmworldwide.com/i/mcmworldwide/MMVGATT04BK001_09 | https://images.mcmworldwide.com/i/mcmworldwide/MMVGATT04BK001_02 | https://images.mcmworldwide.com/i/mcmworldwide/MMVGATT04BK001_03 | https://images.mcmworldwide.com/i/mcmworldwide/MMVGATT04BK001_04 | https://images.mcmworldwide.com/i/mcmworldwide/MMVGATT04BK001_05 | https://images.mcmworldwide.com/i/mcmworldwide/MMVGATT04BK001_06 | https://images.mcmworldwide.com/i/mcmworldwide/MMVGATT04BK001_07 | https://images.mcmworldwide.com/i/mcmworldwide/MMVGATT04BK001_10 | https://images.mcmworldwide.com/i/mcmworldwide/MMVGATT04BK001_11 | https://images.mcmworldwide.com/i/mcmworldwide/MMVGATT04BK001_12,https://kr.mcmworldwide.com/ko_KR/%ED%8A%B8%EB%9E%98%EB%B8%94/%EB%AA%A8%EB%91%90%EB%B3%B4%EA%B8%B0/ottomar-%EB%8B%A4%EC%9D%B4%EC%95%84%EB%AA%AC%EB%93%9C-%ED%80%BC%ED%8C%85-%EB%A0%88%EB%8D%94-%EC%9C%84%EC%BC%84%EB%8D%94/MMVGATT04BK001.html?cgid=travel-all-travel
MMVGATT024B001,Ottomar 맥시 비세토스 위켄더,,Ottomar,나파 가죽 트림이 더해진 맥시 비세토스 모노그램 캔버스 위켄더 백,"여행의 아이콘이 한층 더 강렬하게 진화했습니다. 스몰 Ottomar 위켄더 백은 시즌 시나몬 컬러의 맥시멀 Visetos 모노그램으로 새롭게 강조되었으며, 가죽 행 태그와 키가 포함된 가죽 커버 메탈 패드락 등 전반에 걸쳐 나파 레더 디테일이 더해져 세련된 완성도를 선사합니다.",맥시 비세토스 모노그램 캔버스,스웨이드 마감의 극세사 안감,약 17 x 41 x 26 센티미터,대한민국,cinnamon,41cm / 16.14인치,품절,"탈부착이 가능하며 길이 조절이 가능한 헤링본 웨빙 스트랩 | 가죽 탑 핸들 | 탈착 가능한 가죽 태그와 아이코닉한 메탈 자물쇠와 키 | 양방향 지퍼 클로저 | Interior pocket and zip compartment | Rear exterior leather trolley sleeve | Protective metal feet | 바디: 맥시 비세토스 모노그램 캔버스 | 레더 트림 | 24K 골드 도금 브라스 하드웨어 | 스웨이드 마감의 극세사 안감 | 약 17 x 41 x 26 센티미터 | 스트랩 길이: 72cm - 127cm, 핸들 길이 12cm | 제조국: 대한민국",https://images.mcmworldwide.com/i/mcmworldwide/MMVGATT024B001_01 | https://images.mcmworldwide.com/i/mcmworldwide/MMVGATT024B001_09 | https://images.mcmworldwide.com/i/mcmworldwide/MMVGATT024B001_02 | https://images.mcmworldwide.com/i/mcmworldwide/MMVGATT024B001_03 | https://images.mcmworldwide.com/i/mcmworldwide/MMVGATT024B001_05 | https://images.mcmworldwide.com/i/mcmworldwide/MMVGATT024B001_10 | https://images.mcmworldwide.com/i/mcmworldwide/MMVGATT024B001_11 | https://images.mcmworldwide.com/i/mcmworldwide/MMVGATT024B001_12 | https://images.mcmworldwide.com/i/mcmworldwide/MMVGATT024B001_01 | https://images.mcmworldwide.com/i/mcmworldwide/MMVGATT024B001_09 | https://images.mcmworldwide.com/i/mcmworldwide/MMVGATT024B001_02 | https://images.mcmworldwide.com/i/mcmworldwide/MMVGATT024B001_03 | https://images.mcmworldwide.com/i/mcmworldwide/MMVGATT024B001_05 | https://images.mcmworldwide.com/i/mcmworldwide/MMVGATT024B001_10 | https://images.mcmworldwide.com/i/mcmworldwide/MMVGATT024B001_11 | https://images.mcmworldwide.com/i/mcmworldwide/MMVGATT024B001_12,https://kr.mcmworldwide.com/ko_KR/%ED%8A%B8%EB%9E%98%EB%B8%94/%EB%AA%A8%EB%91%90%EB%B3%B4%EA%B8%B0/ottomar-%EB%A7%A5%EC%8B%9C-%EB%B9%84%EC%84%B8%ED%86%A0%EC%8A%A4-%EC%9C%84%EC%BC%84%EB%8D%94/MMVGATT024B001.html?cgid=travel-all-travel
MXVFATT014B001,Ottomar 비세토스 여권 케이스,,Ottomar,천연 가죽 트림이 돋보이는 비세토스 모노그램 캔버스 여권 케이스,현대적인 글로벌 노마드를 위해 제작된 Ottomar 여권 케이스는 뮌헨 하우스의 제트셋 정신을 잘 보여줍니다. 바이폴드 형태의 이 액세서리는 여행시 필요한 문서와 현금을 수납하기에 최적화된 구조를 갖추고 있으며 내부는 가죽을 사용하였습니다.,비세토스 모노그램 캔버스,패브릭 안감(카드 슬롯),약 2 x 10 x 15 센티미터,대한민국,cinnamon,프리 사이즈,품절,패스포트 슬리브 | 카드 슬롯 | 지퍼 수납 공간 | 지폐 수납 공간 | Inner side pockets | 바디:비세토스 모노그램 캔버스 | 레더 트림 | 24K 골드 도금 브라스 하드웨어 | 패브릭 안감(카드 슬롯) | 약 2 x 10 x 15 센티미터 | 제조국: 대한민국,https://images.mcmworldwide.com/i/mcmworldwide/MXVFATT014B001_01 | https://images.mcmworldwide.com/i/mcmworldwide/MXVFATT014B001_03 | https://images.mcmworldwide.com/i/mcmworldwide/MXVFATT014B001_04 | https://images.mcmworldwide.com/i/mcmworldwide/MXVFATT014B001_01 | https://images.mcmworldwide.com/i/mcmworldwide/MXVFATT014B001_03 | https://images.mcmworldwide.com/i/mcmworldwide/MXVFATT014B001_04 | https://images.mcmworldwide.com/i/mcmworldwide/MXVFATT014B001_01,https://kr.mcmworldwide.com/ko_KR/%ED%8A%B8%EB%9E%98%EB%B8%94/%EB%AA%A8%EB%91%90%EB%B3%B4%EA%B8%B0/ottomar-%EB%B9%84%EC%84%B8%ED%86%A0%EC%8A%A4-%EC%97%AC%EA%B6%8C-%EC%BC%80%EC%9D%B4%EC%8A%A4/MXVFATT014B001.html?cgid=travel-all-travel
MXZGATT024B001,Ottomar 비세토스 트래블 파우치,,Ottomar,가죽 손목 스트랩과 가죽 트림이 돋보이는 비세토스 모노그램 캔버스 트래블 파우치,"Ottomar 파우치는 여권, 스마트폰, 여행 관련 문서와 및 기타 서류를 보관하기에 이상적인 아이템입니다. 시나몬 비세토스와 레더로 제작된 이 미니 액세서리는 큰 가방 안에 수납하거나 가죽 스트랩을 사용하여 손목에 착용이 가능합니다.",비세토스 모노그램 캔버스,패브릭 안감,약 2 x 18 x 12 센티미터,대한민국,cinnamon,미니,품절,탈부착이 가능한 가죽 손목 스트랩 | 지퍼-어라운드 클로저 | 내부 카드 슬롯 | 바디:비세토스 모노그램 캔버스 | 레더 트림 | 24K 골드 도금 브라스 하드웨어 | 패브릭 안감 | 약 2 x 18 x 12 센티미터 | 핸들 드롭: 18 cm | 제조국: 대한민국,https://images.mcmworldwide.com/i/mcmworldwide/MXZGATT024B001_01 | https://images.mcmworldwide.com/i/mcmworldwide/MXZGATT024B001_03 | https://images.mcmworldwide.com/i/mcmworldwide/MXZGATT024B001_04 | https://images.mcmworldwide.com/i/mcmworldwide/MXZGATT024B001_01 | https://images.mcmworldwide.com/i/mcmworldwide/MXZGATT024B001_03 | https://images.mcmworldwide.com/i/mcmworldwide/MXZGATT024B001_04,https://kr.mcmworldwide.com/ko_KR/%ED%8A%B8%EB%9E%98%EB%B8%94/%EB%AA%A8%EB%91%90%EB%B3%B4%EA%B8%B0/ottomar-%EB%B9%84%EC%84%B8%ED%86%A0%EC%8A%A4-%ED%8A%B8%EB%9E%98%EB%B8%94-%ED%8C%8C%EC%9A%B0%EC%B9%98/MXZGATT024B001.html?cgid=travel-all-travel
MMVGATT01PZ001,Ottomar 비세토스 위켄더,,Ottomar,나파 가죽 트림이 더해진 비세토스 모노그램 캔버스 위켄더 백,"여행을 위한 아이코닉한 동반자를 완벽한 기내용 사이즈로 재해석한 Ottomar 스몰 위켄더 백. 클래식 비세토스 소재로 완성되었으며, 가죽 행 태그와 키가 포함된 가죽 커버 메탈 패드락 디테일이 돋보입니다.",비세토스 모노그램 캔버스,스웨이드 마감의 극세사 안감,약 17 x 41 x 26 센티미터,대한민국,soft pink,41cm / 16.14인치,품절,"탈부착이 가능하며 길이 조절이 가능한 위빙 스트랩 | 가죽 탑 핸들 | 탈부착 가능한 가죽 러기지 태그와 가죽 커버가 더해진 열쇠가 있는 패드락 | 뒷면 외부 가죽 트롤리 슬리브 | 로고 브라스 플레이트 | 양방향 확장형 지퍼 클로저 | 내부 포켓과 지퍼 포켓 | Protective metal feet | 바디:비세토스 모노그램 캔버스 | 트림: 나파 가죽 | 16K 골드 도금 메탈 하드웨어 | 스웨이드 마감의 극세사 안감 | 약 17 x 41 x 26 센티미터 | 스트랩 길이: 72cm - 127cm, 핸들 길이 12cm | 제조국: 대한민국",https://images.mcmworldwide.com/i/mcmworldwide/MMVGATT01PZ001_01 | https://images.mcmworldwide.com/i/mcmworldwide/MMVGATT01PZ001_09 | https://images.mcmworldwide.com/i/mcmworldwide/MMVGATT01PZ001_02 | https://images.mcmworldwide.com/i/mcmworldwide/MMVGATT01PZ001_03 | https://images.mcmworldwide.com/i/mcmworldwide/MMVGATT01PZ001_04 | https://images.mcmworldwide.com/i/mcmworldwide/MMVGATT01PZ001_05 | https://images.mcmworldwide.com/i/mcmworldwide/MMVGATT01PZ001_10 | https://images.mcmworldwide.com/i/mcmworldwide/MMVGATT01PZ001_11 | https://images.mcmworldwide.com/i/mcmworldwide/MMVGATT01PZ001_01 | https://images.mcmworldwide.com/i/mcmworldwide/MMVGATT01PZ001_09 | https://images.mcmworldwide.com/i/mcmworldwide/MMVGATT01PZ001_02 | https://images.mcmworldwide.com/i/mcmworldwide/MMVGATT01PZ001_03 | https://images.mcmworldwide.com/i/mcmworldwide/MMVGATT01PZ001_04 | https://images.mcmworldwide.com/i/mcmworldwide/MMVGATT01PZ001_05 | https://images.mcmworldwide.com/i/mcmworldwide/MMVGATT01PZ001_10 | https://images.mcmworldwide.com/i/mcmworldwide/MMVGATT01PZ001_11 | https://images.mcmworldwide.com/i/mcmworldwide/MMVGATT01PZ001_01,https://kr.mcmworldwide.com/ko_KR/%ED%8A%B8%EB%9E%98%EB%B8%94/%EB%AA%A8%EB%91%90%EB%B3%B4%EA%B8%B0/ottomar-%EB%B9%84%EC%84%B8%ED%86%A0%EC%8A%A4-%EC%9C%84%EC%BC%84%EB%8D%94/MMVGATT01PZ001.html?cgid=travel-all-travel
MWPGSTA01PZ001,Leni 비세토스 쇼퍼,,비세토스,앞면 플랩 수납 공간과 천연 나파 가죽 트림이 더해진 비세토스 캐리올 쇼퍼,현대 여성을 위한 움직이는 기념비와 같은 레니 쇼퍼백. 클래식한 우아함과 현대적인 감각을 융합한 아이템으로 시그니처 비세토스 캔버스와 천연 가죽을 사용하여 제작되었습니다. 높이 솟은 실루엣은 더해진 앞면의 수납공간은 뮌헨의 바이에른 다이아몬들에서 영감을 받았습니다.,비세토스 모노그램 캔버스,패브릭 안감,약 16 x 34 x 36 센티미터,대한민국,soft pink,X라지,품절,잠금 장치 | 두개의 앞면 플랩 포켓 | 바디:비세토스 모노그램 캔버스 | 트림:천연 가죽 | 16K 골드 도금 메탈 하드웨어 | 패브릭 안감 | 약 16 x 34 x 36 센티미터 | 핸들 드롭: 25 cm | 제조국: 대한민국,https://images.mcmworldwide.com/i/mcmworldwide/MWPGSTA01PZ001_01 | https://images.mcmworldwide.com/i/mcmworldwide/MWPGSTA01PZ001_09 | https://images.mcmworldwide.com/i/mcmworldwide/MWPGSTA01PZ001_02 | https://images.mcmworldwide.com/i/mcmworldwide/MWPGSTA01PZ001_03 | https://images.mcmworldwide.com/i/mcmworldwide/MWPGSTA01PZ001_04 | https://images.mcmworldwide.com/i/mcmworldwide/MWPGSTA01PZ001_05 | https://images.mcmworldwide.com/i/mcmworldwide/MWPGSTA01PZ001_10 | https://images.mcmworldwide.com/i/mcmworldwide/MWPGSTA01PZ001_01 | https://images.mcmworldwide.com/i/mcmworldwide/MWPGSTA01PZ001_09 | https://images.mcmworldwide.com/i/mcmworldwide/MWPGSTA01PZ001_02 | https://images.mcmworldwide.com/i/mcmworldwide/MWPGSTA01PZ001_03 | https://images.mcmworldwide.com/i/mcmworldwide/MWPGSTA01PZ001_04 | https://images.mcmworldwide.com/i/mcmworldwide/MWPGSTA01PZ001_05 | https://images.mcmworldwide.com/i/mcmworldwide/MWPGSTA01PZ001_10 | https://images.mcmworldwide.com/i/mcmworldwide/MWPGSTA01PZ001_01,https://kr.mcmworldwide.com/ko_KR/%ED%8A%B8%EB%9E%98%EB%B8%94/%EB%AA%A8%EB%91%90%EB%B3%B4%EA%B8%B0/-leni-%EB%B9%84%EC%84%B8%ED%86%A0%EC%8A%A4-%EC%87%BC%ED%8D%BC/MWPGSTA01PZ001.html?cgid=travel-all-travel
MYZGSTA08PZ001,Aren 비세토스 코스메틱 파우치,,Aren,천연가죽 트림이 더해진 비세토스 모노그램 캔버스 베니티 케이스,"장인정신이 깃든 아렌 코스메틱 파우치는 뷰티 아이템과 여행 필수품을 세련되게 수납할 수 있는 실용적인 아이템입니다. 시그니처 로고 브라스 플레이트가 헤리티지 무드를 더하며, 내부는 마이크로파이버 스웨이드 라이닝과 바이에른 다이아몬드에서 영감을 받은 레더 패치로 정교하게 마감되었습니다.",비세토스 모노그램 캔버스,스웨이드 마감의 극세사 안감,약 6 x 20 x 13 센티미터,대한민국,soft pink,M,품절,로고 브라스 플레이트 | 지퍼 클로저 | 다이아몬드 가죽 패치가 더해진 내부 | 바디:비세토스 모노그램 캔버스 | 트림:천연 가죽 | 16K 골드 도금 메탈 하드웨어 | 스웨이드 마감의 극세사 안감 | 약 6 x 20 x 13 센티미터 | 제조국: 대한민국,https://images.mcmworldwide.com/i/mcmworldwide/MYZGSTA08PZ001_01 | https://images.mcmworldwide.com/i/mcmworldwide/MYZGSTA08PZ001_02 | https://images.mcmworldwide.com/i/mcmworldwide/MYZGSTA08PZ001_03 | https://images.mcmworldwide.com/i/mcmworldwide/MYZGSTA08PZ001_04 | https://images.mcmworldwide.com/i/mcmworldwide/MYZGSTA08PZ001_01 | https://images.mcmworldwide.com/i/mcmworldwide/MYZGSTA08PZ001_02 | https://images.mcmworldwide.com/i/mcmworldwide/MYZGSTA08PZ001_03 | https://images.mcmworldwide.com/i/mcmworldwide/MYZGSTA08PZ001_04,https://kr.mcmworldwide.com/ko_KR/%ED%8A%B8%EB%9E%98%EB%B8%94/%EB%AA%A8%EB%91%90%EB%B3%B4%EA%B8%B0/aren-%EB%B9%84%EC%84%B8%ED%86%A0%EC%8A%A4-%EC%BD%94%EC%8A%A4%EB%A9%94%ED%8B%B1-%ED%8C%8C%EC%9A%B0%EC%B9%98/MYZGSTA08PZ001.html?cgid=travel-all-travel
MYZGSTA01CO001,Aren 비세토스 코스메틱 파우치,,Aren,천연 가죽 트림이 더해진 비세토스 모노그램 캔버스 베니티 케이스,"뷰티 및 트래블 용품 수납용 라지 ‘Aren’ 코스메틱 파우치. 시그니처 로고 브라스 플레이트 하드웨어가 전통적 감성을 더하며, 마이크로화이버 스웨이드 내부에는 바이에른 다이아몬드에서 영감을 받은 가죽 패치로 세련미와 장인 정신을 한층 강조했습니다.",비세토스 모노그램 캔버스,스웨이드 마감의 극세사 안감,약 7 x 24 x 16 센티미터,대한민국,cognac,L,품절,로고 브라스 플레이트 | 지퍼 클로저 | 내부 슬립 포켓 | 다이아몬드 가죽 패치가 더해진 내부 | 바디:비세토스 모노그램 캔버스 | 트림:천연 가죽 | 24K 골드 도금 브라스 하드웨어 | 스웨이드 마감의 극세사 안감 | 약 7 x 24 x 16 센티미터 | 제조국: 대한민국,https://images.mcmworldwide.com/i/mcmworldwide/MYZGSTA01CO001_01 | https://images.mcmworldwide.com/i/mcmworldwide/MYZGSTA01CO001_02 | https://images.mcmworldwide.com/i/mcmworldwide/MYZGSTA01CO001_03 | https://images.mcmworldwide.com/i/mcmworldwide/MYZGSTA01CO001_04 | https://images.mcmworldwide.com/i/mcmworldwide/MYZGSTA01CO001_01 | https://images.mcmworldwide.com/i/mcmworldwide/MYZGSTA01CO001_02 | https://images.mcmworldwide.com/i/mcmworldwide/MYZGSTA01CO001_03 | https://images.mcmworldwide.com/i/mcmworldwide/MYZGSTA01CO001_04,https://kr.mcmworldwide.com/ko_KR/%ED%8A%B8%EB%9E%98%EB%B8%94/%EB%AA%A8%EB%91%90%EB%B3%B4%EA%B8%B0/aren-%EB%B9%84%EC%84%B8%ED%86%A0%EC%8A%A4-%EC%BD%94%EC%8A%A4%EB%A9%94%ED%8B%B1-%ED%8C%8C%EC%9A%B0%EC%B9%98/MYZGSTA01CO001.html?cgid=travel-all-travel
MMVGSTT04CO001,Ottomar 비세토스 캐빈 트롤리,,Ottomar,천연 가죽 트림이 더해진 비세토스 모노그램 캔버스 캐빈 트롤리,클래식한 코냑 컬러로 완성된 Ottomar 캐빈 트롤리는 현대적인 시각으로 러기지 장인정신을 새롭게 조명합니다. 비세토스 캔버스와 천연 가죽을 정교하게 조합해 완성한 모노그램 실루엣은 외부 노트북 포켓과 체계적으로 구성된 내부 수납공간을 갖춰 최상의 실용성을 제공합니다.,비세토스 모노그램 캔버스,나일론 안감,약 23 x 38 x 56 센티미터,이탈리아,cognac,S,품절,높이 조절 가능한 트롤리 손잡이 | 탑 핸들과 사이드 핸들 | 랩탑과 디바이스를 위한 앞면 지퍼 포켓 | 양방향 지퍼 클로저 | 내부 지퍼 수납공간과 다이아몬드 로고 레더 패치 | 내부 스트랩 잠금 장치 | 바디:비세토스 모노그램 캔버스 | 트림:천연 가죽 | 24K 골드 도금 메탈 하드웨어 | 나일론 안감 | 약 23 x 38 x 56 센티미터 | 제조국: 이탈리아,https://images.mcmworldwide.com/i/mcmworldwide/MMVGSTT04CO001_01 | https://images.mcmworldwide.com/i/mcmworldwide/MMVGSTT04CO001_09 | https://images.mcmworldwide.com/i/mcmworldwide/MMVGSTT04CO001_02 | https://images.mcmworldwide.com/i/mcmworldwide/MMVGSTT04CO001_03 | https://images.mcmworldwide.com/i/mcmworldwide/MMVGSTT04CO001_04 | https://images.mcmworldwide.com/i/mcmworldwide/MMVGSTT04CO001_05 | https://images.mcmworldwide.com/i/mcmworldwide/MMVGSTT04CO001_07 | https://images.mcmworldwide.com/i/mcmworldwide/MMVGSTT04CO001_10 | https://images.mcmworldwide.com/i/mcmworldwide/MMVGSTT04CO001_01 | https://images.mcmworldwide.com/i/mcmworldwide/MMVGSTT04CO001_09 | https://images.mcmworldwide.com/i/mcmworldwide/MMVGSTT04CO001_02 | https://images.mcmworldwide.com/i/mcmworldwide/MMVGSTT04CO001_03 | https://images.mcmworldwide.com/i/mcmworldwide/MMVGSTT04CO001_04 | https://images.mcmworldwide.com/i/mcmworldwide/MMVGSTT04CO001_05 | https://images.mcmworldwide.com/i/mcmworldwide/MMVGSTT04CO001_07 | https://images.mcmworldwide.com/i/mcmworldwide/MMVGSTT04CO001_10 | https://images.mcmworldwide.com/i/mcmworldwide/MMVGSTT04CO001_01,https://kr.mcmworldwide.com/ko_KR/%ED%8A%B8%EB%9E%98%EB%B8%94/%EB%AA%A8%EB%91%90%EB%B3%B4%EA%B8%B0/ottomar-%EB%B9%84%EC%84%B8%ED%86%A0%EC%8A%A4-%EC%BA%90%EB%B9%88-%ED%8A%B8%EB%A1%A4%EB%A6%AC/MMVGSTT04CO001.html?cgid=travel-all-travel
MMVGSTT03CO001,Ottomar 비세토스 가먼트 백,,Ottomar,레더 커버 락과 천연 가죽 트림이 더해진 비세토스 모노그램 캔버스 가먼트 백,"시그니처 비세토스 캔버스로 완성된 가먼트 백으로, 트윈으로 구성된 지퍼 수납공간을 통해 효율적인 정리와 보관이 가능합니다. 카우하이드 레더 디테일이 고급스러움을 더하며, 후면 외부 트롤리 슬리브로 여행 가방과 연결해 편리하게 휴대할 수 있습니다.",비세토스 모노그램 캔버스,코튼 안감,약 20 x 45 x 31 센티미터,이탈리아,cognac,M,품절,"탈부착이 가능하며 길이 조절이 가능한 헤링본 웨빙 스트랩 | 가죽 핸들 | 뒷면 외부 트롤리 슬리브 | 앞면 및 뒷면 지퍼 수납공간 | 내부 스트랩 잠금 장치 | 바디:비세토스 모노그램 캔버스 | 트림:천연 가죽 | 다크 메탈 하드웨어 | 코튼 안감 | 약 20 x 45 x 31 센티미터 | 스트랩 길이: 120 cm - 131 cm , 핸들 드롭: 15 cm | 제조국: 이탈리아",https://images.mcmworldwide.com/i/mcmworldwide/MMVGSTT03CO001_01 | https://images.mcmworldwide.com/i/mcmworldwide/MMVGSTT03CO001_09 | https://images.mcmworldwide.com/i/mcmworldwide/MMVGSTT03CO001_02 | https://images.mcmworldwide.com/i/mcmworldwide/MMVGSTT03CO001_03 | https://images.mcmworldwide.com/i/mcmworldwide/MMVGSTT03CO001_04 | https://images.mcmworldwide.com/i/mcmworldwide/MMVGSTT03CO001_05 | https://images.mcmworldwide.com/i/mcmworldwide/MMVGSTT03CO001_06 | https://images.mcmworldwide.com/i/mcmworldwide/MMVGSTT03CO001_07 | https://images.mcmworldwide.com/i/mcmworldwide/MMVGSTT03CO001_08 | https://images.mcmworldwide.com/i/mcmworldwide/MMVGSTT03CO001_01 | https://images.mcmworldwide.com/i/mcmworldwide/MMVGSTT03CO001_09 | https://images.mcmworldwide.com/i/mcmworldwide/MMVGSTT03CO001_02 | https://images.mcmworldwide.com/i/mcmworldwide/MMVGSTT03CO001_03 | https://images.mcmworldwide.com/i/mcmworldwide/MMVGSTT03CO001_04 | https://images.mcmworldwide.com/i/mcmworldwide/MMVGSTT03CO001_05 | https://images.mcmworldwide.com/i/mcmworldwide/MMVGSTT03CO001_06 | https://images.mcmworldwide.com/i/mcmworldwide/MMVGSTT03CO001_07 | https://images.mcmworldwide.com/i/mcmworldwide/MMVGSTT03CO001_08 | https://images.mcmworldwide.com/i/mcmworldwide/MMVGSTT03CO001_01,https://kr.mcmworldwide.com/ko_KR/%ED%8A%B8%EB%9E%98%EB%B8%94/%EB%AA%A8%EB%91%90%EB%B3%B4%EA%B8%B0/ottomar-%EB%B9%84%EC%84%B8%ED%86%A0%EC%8A%A4-%EA%B0%80%EB%A8%BC%ED%8A%B8-%EB%B0%B1/MMVGSTT03CO001.html?cgid=travel-all-travel
MXVFATT01CO001,Ottomar 비세토스 여권 지갑,,Ottomar,천연 가죽 트림이 더해진 비세토스 모노그램 캔버스 패스포트 홀더,현대적 글로벌 노마드를 위해 제작된 이 클래식한 코냑 패스포트 홀더는 뮌헨 하우스의 '여행'에 대한 정신을 보여줍니다. 내부는 여행에 필요한 서류와 재정 관리를 위한 소지품을 효율적으로 수납할 수 있는 부드러운 가죽으로 제작되었습니다.,비세토스 모노그램 캔버스,패브릭 안감,약 2 x 10 x 15 센티미터,대한민국,cognac,프리 사이즈,품절,패스포트 슬리브 | 4개의 카드 슬롯 | 지퍼 수납 공간 | 지폐 수납 공간 | 내부 포켓 | 바디:비세토스 모노그램 캔버스 | 트림:천연 가죽 | 24K 골드 도금 브라스 하드웨어 | 패브릭 안감 | 약 2 x 10 x 15 센티미터 | 제조국: 대한민국,https://images.mcmworldwide.com/i/mcmworldwide/MXVFATT01CO001_01 | https://images.mcmworldwide.com/i/mcmworldwide/MXVFATT01CO001_03 | https://images.mcmworldwide.com/i/mcmworldwide/MXVFATT01CO001_04 | https://images.mcmworldwide.com/i/mcmworldwide/MXVFATT01CO001_01 | https://images.mcmworldwide.com/i/mcmworldwide/MXVFATT01CO001_03 | https://images.mcmworldwide.com/i/mcmworldwide/MXVFATT01CO001_04 | https://images.mcmworldwide.com/i/mcmworldwide/MXVFATT01CO001_01,https://kr.mcmworldwide.com/ko_KR/%ED%8A%B8%EB%9E%98%EB%B8%94/%EB%AA%A8%EB%91%90%EB%B3%B4%EA%B8%B0/ottomar-%EB%B9%84%EC%84%B8%ED%86%A0%EC%8A%A4-%EC%97%AC%EA%B6%8C-%EC%A7%80%EA%B0%91/MXVFATT01CO001.html?cgid=travel-all-travel
MMLFSTA01CO001,Aren 비세토스 슬링,,Aren,천연 나파 가죽 트림이 돋보이는 비세토스 모노그램 캔버스 소재의 슬링 백,전통적인 백팩에 대한 해방감 있는 대안. 패딩 어깨 스트랩이 있어 편안하고 손쉽게 활동할 수 있는 Aren 슬링백입니다. 내부 및 외부 지퍼 수납공간에 귀중품을 안전하게 보관할 수 있습니다.,비세토스 모노그램 캔버스,인조 나파 안감,약 11 x 31 x 44 센티미터,대한민국,cognac,M,품절,"조절 가능한 어깨 스트랩 | 옆면 손잡이 | 앞면과 뒷면의 지퍼 포켓 | 사선 지퍼 클로저 | 내부 지퍼 수납공간 | 바디: 비세토스 모노그램 캔버스 | 트림: 천연 나파 가죽 | 다크 톤 코발트 메탈 하드웨어. | 인조 나파 안감 | 약 11 x 31 x 44 센티미터 | 스트랩 길이: 83cm~101.5cm, 핸들 길이: 3.5cm | 제조국: 대한민국",https://images.mcmworldwide.com/i/mcmworldwide/MMLFSTA01CO001_01 | https://images.mcmworldwide.com/i/mcmworldwide/MMLFSTA01CO001_09 | https://images.mcmworldwide.com/i/mcmworldwide/MMLFSTA01CO001_02 | https://images.mcmworldwide.com/i/mcmworldwide/MMLFSTA01CO001_03 | https://images.mcmworldwide.com/i/mcmworldwide/MMLFSTA01CO001_04 | https://images.mcmworldwide.com/i/mcmworldwide/MMLFSTA01CO001_10 | https://images.mcmworldwide.com/i/mcmworldwide/MMLFSTA01CO001_01 | https://images.mcmworldwide.com/i/mcmworldwide/MMLFSTA01CO001_09 | https://images.mcmworldwide.com/i/mcmworldwide/MMLFSTA01CO001_02 | https://images.mcmworldwide.com/i/mcmworldwide/MMLFSTA01CO001_03 | https://images.mcmworldwide.com/i/mcmworldwide/MMLFSTA01CO001_04 | https://images.mcmworldwide.com/i/mcmworldwide/MMLFSTA01CO001_10,https://kr.mcmworldwide.com/ko_KR/%ED%8A%B8%EB%9E%98%EB%B8%94/%EB%AA%A8%EB%91%90%EB%B3%B4%EA%B8%B0/aren-%EB%B9%84%EC%84%B8%ED%86%A0%EC%8A%A4-%EC%8A%AC%EB%A7%81/MMLFSTA01CO001.html?cgid=travel-all-travel
MXZFATT02CO001,Ottomar 비세토스 토일레트리 백,,Ottomar,나파 레더 트리밍의 비세토스 모노그램 캔버스 토일레트리 백,"이 클래식한 코냑 컬러 액세서리는 양방향 앵글 지퍼 클로저로 잠금되어 있으며, 세련된 나일론 내부는 뷰티 및 여행 필수품을 고급스럽게 수납할 수 있도록 여러 개의 구획으로 나뉘어 있습니다.",비세토스 모노그램 캔버스,나일론 안감,약 10 x 20 x 11 센티미터,대한민국,cognac,S,품절,가죽 탑 핸들 | 양방향으로 여닫을 수 있는 사선 지퍼 클로저 | 중앙 지퍼 포켓 | 내부 슬립 포켓 | 구획된 내부 수납공간 | 바디:비세토스 모노그램 캔버스 | 트림:천연 가죽 | 24K 골드 도금 브라스 하드웨어 | 나일론 안감 | 약 10 x 20 x 11 센티미터 | 핸들 길이: 4 cm | 제조국: 대한민국,https://images.mcmworldwide.com/i/mcmworldwide/MXZFATT02CO001_01 | https://images.mcmworldwide.com/i/mcmworldwide/MXZFATT02CO001_02 | https://images.mcmworldwide.com/i/mcmworldwide/MXZFATT02CO001_03 | https://images.mcmworldwide.com/i/mcmworldwide/MXZFATT02CO001_04 | https://images.mcmworldwide.com/i/mcmworldwide/MXZFATT02CO001_01 | https://images.mcmworldwide.com/i/mcmworldwide/MXZFATT02CO001_02 | https://images.mcmworldwide.com/i/mcmworldwide/MXZFATT02CO001_03 | https://images.mcmworldwide.com/i/mcmworldwide/MXZFATT02CO001_04,https://kr.mcmworldwide.com/ko_KR/%ED%8A%B8%EB%9E%98%EB%B8%94/%EB%AA%A8%EB%91%90%EB%B3%B4%EA%B8%B0/ottomar-%EB%B9%84%EC%84%B8%ED%86%A0%EC%8A%A4-%ED%86%A0%EC%9D%BC%EB%A0%88%ED%8A%B8%EB%A6%AC-%EB%B0%B1/MXZFATT02CO001.html?cgid=travel-all-travel
MXZESTT06CO001,Ottomar 비세토스 토일레트리 백,,Ottomar,나파 레더 트리밍의 비세토스 토일레트리 백,양방향 사선 지퍼 클로저로 여밀 수 있으며 내부에 디바이더가 있어 화장품 및 여행 필수 아이템을 더욱 효율적으로 수납할 수 있는 클래식 코냑 컬러의 액세서리입니다.,비세토스 모노그램 캔버스,스웨이드 마감 마이크로파이버 안감,약 14 x 26 x 14 센티미터,대한민국,cognac,M,품절,가죽 손잡이 부분 | 양방향 사선 지퍼 클로저 | 중앙 지퍼 포켓 | 분할된 내부 구조. | 바디: 비세토스 모노그램 캔버스 | 트림: 나파 가죽 | 24K 도금 브라스 금속 장식 | 스웨이드 마감 마이크로파이버 안감 | 약 14 x 26 x 14 센티미터 | 핸들 길이: 4cm | 제조국: 대한민국,https://images.mcmworldwide.com/i/mcmworldwide/MXZESTT06CO001_01 | https://images.mcmworldwide.com/i/mcmworldwide/MXZESTT06CO001_02 | https://images.mcmworldwide.com/i/mcmworldwide/MXZESTT06CO001_03 | https://images.mcmworldwide.com/i/mcmworldwide/MXZESTT06CO001_04 | https://images.mcmworldwide.com/i/mcmworldwide/MXZESTT06CO001_01 | https://images.mcmworldwide.com/i/mcmworldwide/MXZESTT06CO001_02 | https://images.mcmworldwide.com/i/mcmworldwide/MXZESTT06CO001_03 | https://images.mcmworldwide.com/i/mcmworldwide/MXZESTT06CO001_04 | https://images.mcmworldwide.com/i/mcmworldwide/MXZESTT06CO001_01,https://kr.mcmworldwide.com/ko_KR/%ED%8A%B8%EB%9E%98%EB%B8%94/%EB%AA%A8%EB%91%90%EB%B3%B4%EA%B8%B0/ottomar-%EB%B9%84%EC%84%B8%ED%86%A0%EC%8A%A4-%ED%86%A0%EC%9D%BC%EB%A0%88%ED%8A%B8%EB%A6%AC-%EB%B0%B1/MXZESTT06CO001.html?cgid=travel-all-travel
MXZFATT07CO001,Ottomar 비세토스 러기지 택,,Ottomar,로고 브라스 플레이트와 천연 가죽 트림이 더해진 비세토스 모노그램 캔버스 여행용 러기지 태그,뮌헨 하우스의 헤리티지를 상징하는 아이코닉한 24K 골드 도금 브라스 플레이트가 시그니처 비세토스 모노그램 위에 장식된 러기지 택 입니다. 버클 스트랩과 천연 가죽 디테일이있어 러기지에 세련된 포이트를 더할 수 있습니다.,비세토스 모노그램 캔버스,,약 0 x 8 x 13 센티미터,대한민국,cognac,프리 사이즈,품절,탈부착이 가능하며 길이 조절이 가능한 가죽 스트랩 | 로고 브라스 플레이트 | 뒷면 ID 창 | 바디:비세토스 모노그램 캔버스 | 트림:천연 가죽 | 24K 골드 도금 브라스 하드웨어 | 약 0 x 8 x 13 센티미터 | 스트랩 길이: 11 cm | 제조국: 대한민국,https://images.mcmworldwide.com/i/mcmworldwide/MXZFATT07CO001_01 | https://images.mcmworldwide.com/i/mcmworldwide/MXZFATT07CO001_04 | https://images.mcmworldwide.com/i/mcmworldwide/MXZFATT07CO001_01 | https://images.mcmworldwide.com/i/mcmworldwide/MXZFATT07CO001_04,https://kr.mcmworldwide.com/ko_KR/%ED%8A%B8%EB%9E%98%EB%B8%94/%EB%AA%A8%EB%91%90%EB%B3%B4%EA%B8%B0/ottomar-%EB%B9%84%EC%84%B8%ED%86%A0%EC%8A%A4-%EB%9F%AC%EA%B8%B0%EC%A7%80-%ED%83%9D/MXZFATT07CO001.html?cgid=travel-all-travel
MMVGSTT04BK001,Ottomar 비세토스 캐빈 트롤리,,Ottomar,가죽 트림이 더해진 비세토스 모노그램 캔버스 캐빈 트롤리,블랙 비세토스 캔버스로 완성된 Ottomar 캐빈 트롤리는 현대적인 시각으로 러기지 장인정신을 새롭게 조명합니다. 비세토스 캔버스와 천연 가죽을 정교하게 조합해 완성한 모노그램 실루엣은 외부 노트북 포켓과 체계적으로 구성된 내부 수납공간을 갖춰 최상의 실용성을 제공합니다.,비세토스 모노그램 캔버스,나일론 안감,약 23 x 38 x 56 센티미터,이탈리아,black,S,품절,높이 조절 가능한 트롤리 손잡이 | 상단 및 옆면 가죽 손잡이 | 랩탑과 디바이스를 위한 앞면 지퍼 포켓 | 양방향 지퍼 클로저 | 내부 지퍼 수납공간과 다이아몬드 로고 레더 패치 | 내부 스트랩 잠금 장치 | 바디:비세토스 모노그램 캔버스 | 레더 트림 | 메탈 하드웨어 | 나일론 안감 | 약 23 x 38 x 56 센티미터 | 제조국: 이탈리아,https://images.mcmworldwide.com/i/mcmworldwide/MMVGSTT04BK001_01 | https://images.mcmworldwide.com/i/mcmworldwide/MMVGSTT04BK001_09 | https://images.mcmworldwide.com/i/mcmworldwide/MMVGSTT04BK001_02 | https://images.mcmworldwide.com/i/mcmworldwide/MMVGSTT04BK001_03 | https://images.mcmworldwide.com/i/mcmworldwide/MMVGSTT04BK001_04 | https://images.mcmworldwide.com/i/mcmworldwide/MMVGSTT04BK001_05 | https://images.mcmworldwide.com/i/mcmworldwide/MMVGSTT04BK001_06 | https://images.mcmworldwide.com/i/mcmworldwide/MMVGSTT04BK001_10 | https://images.mcmworldwide.com/i/mcmworldwide/MMVGSTT04BK001_12 | https://images.mcmworldwide.com/i/mcmworldwide/MMVGSTT04BK001_01 | https://images.mcmworldwide.com/i/mcmworldwide/MMVGSTT04BK001_09 | https://images.mcmworldwide.com/i/mcmworldwide/MMVGSTT04BK001_02 | https://images.mcmworldwide.com/i/mcmworldwide/MMVGSTT04BK001_03 | https://images.mcmworldwide.com/i/mcmworldwide/MMVGSTT04BK001_04 | https://images.mcmworldwide.com/i/mcmworldwide/MMVGSTT04BK001_05 | https://images.mcmworldwide.com/i/mcmworldwide/MMVGSTT04BK001_06 | https://images.mcmworldwide.com/i/mcmworldwide/MMVGSTT04BK001_10 | https://images.mcmworldwide.com/i/mcmworldwide/MMVGSTT04BK001_12 | https://images.mcmworldwide.com/i/mcmworldwide/MMVGSTT04BK001_01,https://kr.mcmworldwide.com/ko_KR/%ED%8A%B8%EB%9E%98%EB%B8%94/%EB%AA%A8%EB%91%90%EB%B3%B4%EA%B8%B0/ottomar-%EB%B9%84%EC%84%B8%ED%86%A0%EC%8A%A4-%EC%BA%90%EB%B9%88-%ED%8A%B8%EB%A1%A4%EB%A6%AC/MMVGSTT04BK001.html?cgid=travel-all-travel
MXZESTT06BK001,Ottomar 비세토스 토일레트리 백,,Ottomar,나파 레더 트리밍의 비세토스 토일레트리 백,양방향 사선 지퍼 클로저로 되어있어 화장품 및 셀프케어 필수 아이템을 더욱 효율적으로 수납할 수 있는 클래식한 트래블 액세서리입니다.,비세토스 모노그램 캔버스,스웨이드 마감 마이크로파이버 안감,약 14 x 26 x 14 센티미터,대한민국,black,M,품절,레더 손잡이 부분 | 양방향 사선 지퍼 클로저 | 중앙 지퍼 포켓 | 수납공간이 나눠진 내부와 포켓 | 바디: 비세토스 모노그램 캔버스 | 트림: 천연 나파 가죽 | 앤틱 실버톤 금속 장식 | 스웨이드 마감 마이크로파이버 안감 | 약 14 x 26 x 14 센티미터 | 핸들 드롭: 4cm | 제조국: 대한민국,https://images.mcmworldwide.com/i/mcmworldwide/MXZESTT06BK001_01 | https://images.mcmworldwide.com/i/mcmworldwide/MXZESTT06BK001_02 | https://images.mcmworldwide.com/i/mcmworldwide/MXZESTT06BK001_03 | https://images.mcmworldwide.com/i/mcmworldwide/MXZESTT06BK001_04 | https://images.mcmworldwide.com/i/mcmworldwide/MXZESTT06BK001_01 | https://images.mcmworldwide.com/i/mcmworldwide/MXZESTT06BK001_02 | https://images.mcmworldwide.com/i/mcmworldwide/MXZESTT06BK001_03 | https://images.mcmworldwide.com/i/mcmworldwide/MXZESTT06BK001_04 | https://images.mcmworldwide.com/i/mcmworldwide/MXZESTT06BK001_01,https://kr.mcmworldwide.com/ko_KR/%ED%8A%B8%EB%9E%98%EB%B8%94/%EB%AA%A8%EB%91%90%EB%B3%B4%EA%B8%B0/ottomar-%EB%B9%84%EC%84%B8%ED%86%A0%EC%8A%A4-%ED%86%A0%EC%9D%BC%EB%A0%88%ED%8A%B8%EB%A6%AC-%EB%B0%B1/MXZESTT06BK001.html?cgid=travel-all-travel
MMVEATT06BK001,MCM X HARPER COLLECTIVE 라지 체크인,,,지구를 생각하는 혁신적인 여행의 럭셔리,이탈리아에서 친환경적인 방식으로 제작된 수공예 라지 체크인 수트 케이스는 지속 가능한 해양 플라스틱 폴리머 구조로 제작되었으며 충분한 내부 공간이 돋보입니다. 시그니처 비세토스 캔버스 디테일과 업사이클된 내부 로고 우븐 스트랩 및 탈부착 가능한 모노그램 프린트 재생 나일론 안감으로 완성되었습니다.,지속 가능한 해양 플라스틱 폴리머,모노그램 프린트 재생 나일론 안감은 탈부착 및 드라이클리닝 가능합니다.,약 28 x 52 x 79 센티미터,이탈리아,black,79.1cm / 31.1인치,품절,알루미늄 사이드 핸들 및 텔레스코픽 상단 핸들 | 강화된 모서리 | 360 스피너 휠 | TSA 잠금장치 | 신분증 슬롯 | 탈부착 가능한 비세토스 수하물 택 | 투웨이 지퍼 어라운드 클로저. | 내부 행잉 지퍼 수납공간 | 업사이클된 내부 로고 우븐 스트랩 잠금 | 바디: 지속 가능한 해양 플라스틱 폴리머 | 트림: 비세토스 모노그램 캔버스 | 알루미늄 메탈 금속 장식 | 모노그램 프린트 재생 나일론 안감은 탈부착 및 드라이클리닝 가능합니다. | 약 28 x 52 x 79 센티미터 | 탑 핸들 드롭(최대): 100cm. | 제조국: 이탈리아,https://images.mcmworldwide.com/i/mcmworldwide/MMVEATT06BK001_01 | https://images.mcmworldwide.com/i/mcmworldwide/MMVEATT06BK001_09 | https://images.mcmworldwide.com/i/mcmworldwide/MMVEATT06BK001_02 | https://images.mcmworldwide.com/i/mcmworldwide/MMVEATT06BK001_03 | https://images.mcmworldwide.com/i/mcmworldwide/MMVEATT06BK001_04 | https://images.mcmworldwide.com/i/mcmworldwide/MMVEATT06BK001_10 | https://images.mcmworldwide.com/i/mcmworldwide/MMVEATT06BK001_11 | https://images.mcmworldwide.com/i/mcmworldwide/MMVEATT06BK001_01 | https://images.mcmworldwide.com/i/mcmworldwide/MMVEATT06BK001_09 | https://images.mcmworldwide.com/i/mcmworldwide/MMVEATT06BK001_02 | https://images.mcmworldwide.com/i/mcmworldwide/MMVEATT06BK001_03 | https://images.mcmworldwide.com/i/mcmworldwide/MMVEATT06BK001_04 | https://images.mcmworldwide.com/i/mcmworldwide/MMVEATT06BK001_10 | https://images.mcmworldwide.com/i/mcmworldwide/MMVEATT06BK001_11,https://kr.mcmworldwide.com/ko_KR/%ED%8A%B8%EB%9E%98%EB%B8%94/%EB%AA%A8%EB%91%90%EB%B3%B4%EA%B8%B0/mcm-x-harper-collective-%EB%9D%BC%EC%A7%80-%EC%B2%B4%ED%81%AC%EC%9D%B8/MMVEATT06BK001.html?cgid=travel-all-travel
MMVEATT07BK001,MCM X HARPER COLLECTIVE 캐빈 익스펜더블,,,HARPER Collective의 친환경적인 비전이 MCM의 럭셔리한 여행 헤리티지를 통해 더욱 강화됩니다.,친환경적인 방식으로 제작된 수공예 캐빈 익스펜더블 캐리온 수트 케이스는 가볍고 내구성이 뛰어난 지속 가능한 해양 플라스틱 폴리머 구조가 특징입니다. 시그니처 비세토스 캔버스 디테일과 업사이클된 로고 우븐 내부 스트랩 및 탈부착 가능한 모노그램 프린트 재생 나일론 안감이 특징인 모듈식 디자인입니다.,지속 가능한 해양 플라스틱 폴리머,모노그램 프린트 재생 나일론 안감은 탈부착 및 드라이클리닝 가능합니다.,약 27 x 36 x 57 센티미터,이탈리아,black,56.6cm / 22인치 확장 가능,품절,알루미늄 사이드 핸들 및 텔레스코픽 상단 핸들 | 확장형 디자인과 강화된 모서리 | 360 스피너 휠 | TSA 잠금장치 | 신분증 슬롯 | 탈부착 가능한 비세토스 수하물 택 | 투웨이 지퍼 어라운드 클로저. | 내부 행잉 지퍼 수납공간 | 업사이클된 내부 로고 우븐 스트랩 잠금 | 바디: 지속 가능한 해양 플라스틱 폴리머 | 트림: 비세토스 모노그램 캔버스 | 알루미늄 메탈 금속 장식 | 모노그램 프린트 재생 나일론 안감은 탈부착 및 드라이클리닝 가능합니다. | 약 27 x 36 x 57 센티미터 | 탑 핸들 드롭(최대): 100cm. | 제조국: 이탈리아,https://images.mcmworldwide.com/i/mcmworldwide/MMVEATT07BK001_01 | https://images.mcmworldwide.com/i/mcmworldwide/MMVEATT07BK001_09 | https://images.mcmworldwide.com/i/mcmworldwide/MMVEATT07BK001_02 | https://images.mcmworldwide.com/i/mcmworldwide/MMVEATT07BK001_03 | https://images.mcmworldwide.com/i/mcmworldwide/MMVEATT07BK001_04 | https://images.mcmworldwide.com/i/mcmworldwide/MMVEATT07BK001_10 | https://images.mcmworldwide.com/i/mcmworldwide/MMVEATT07BK001_11 | https://images.mcmworldwide.com/i/mcmworldwide/MMVEATT07BK001_01 | https://images.mcmworldwide.com/i/mcmworldwide/MMVEATT07BK001_09 | https://images.mcmworldwide.com/i/mcmworldwide/MMVEATT07BK001_02 | https://images.mcmworldwide.com/i/mcmworldwide/MMVEATT07BK001_03 | https://images.mcmworldwide.com/i/mcmworldwide/MMVEATT07BK001_04 | https://images.mcmworldwide.com/i/mcmworldwide/MMVEATT07BK001_10 | https://images.mcmworldwide.com/i/mcmworldwide/MMVEATT07BK001_11,https://kr.mcmworldwide.com/ko_KR/%ED%8A%B8%EB%9E%98%EB%B8%94/%EB%AA%A8%EB%91%90%EB%B3%B4%EA%B8%B0/mcm-x-harper-collective-%EC%BA%90%EB%B9%88-%EC%9D%B5%EC%8A%A4%ED%8E%9C%EB%8D%94%EB%B8%94/MMVEATT07BK001.html?cgid=travel-all-travel
MMVEATT08BK001,MCM X HARPER COLLECTIVE 캐빈,,,MCM의 럭셔리한 여행의 역사를 통해 HARPER Collective의 친환경적인 혁신으로 최고의 기능성을 선보입니다.,이탈리아에서 제작된 CABIN 캐리온 수트 케이스는 MCM과 HARPER Collective가 협업하여 친환경적인 새로운 기술과 전통적인 수공예 디자인으로 선보입니다. MCM의 시그니처 비세토스 캔버스가 돋보이는 지속 가능한 해양 플라스틱 폴리머 구조가 특징입니다. 넉넉한 내부 공간은 업사이클된 로고 우븐 스트랩 및 탈부착 가능한 모노그램 프린트 재생 나일론 안감으로 제작되었습니다.,지속 가능한 해양 플라스틱 폴리머,모노그램 프린트 재생 나일론 안감은 탈부착 및 드라이클리닝 가능합니다.,약 24 x 36 x 57 센티미터,이탈리아,black,56cm / 22인치,품절,알루미늄 사이드 핸들 및 텔레스코픽 상단 핸들 | 강화된 모서리 | 360 스피너 휠 | TSA 잠금장치 | 신분증 슬롯 | 탈부착 가능한 비세토스 수하물 택 | 투웨이 지퍼 어라운드 클로저. | 내부 행잉 지퍼 수납공간 | 업사이클된 내부 로고 우븐 스트랩 잠금 | 바디: 지속 가능한 해양 플라스틱 폴리머 | 트림: 비세토스 모노그램 캔버스 | 알루미늄 메탈 금속 장식 | 모노그램 프린트 재생 나일론 안감은 탈부착 및 드라이클리닝 가능합니다. | 약 24 x 36 x 57 센티미터 | 탑 핸들 드롭(최대): 100cm. | 제조국: 이탈리아,https://images.mcmworldwide.com/i/mcmworldwide/MMVEATT08BK001_01 | https://images.mcmworldwide.com/i/mcmworldwide/MMVEATT08BK001_09 | https://images.mcmworldwide.com/i/mcmworldwide/MMVEATT08BK001_02 | https://images.mcmworldwide.com/i/mcmworldwide/MMVEATT08BK001_03 | https://images.mcmworldwide.com/i/mcmworldwide/MMVEATT08BK001_04 | https://images.mcmworldwide.com/i/mcmworldwide/MMVEATT08BK001_10 | https://images.mcmworldwide.com/i/mcmworldwide/MMVEATT08BK001_11 | https://images.mcmworldwide.com/i/mcmworldwide/MMVEATT08BK001_01 | https://images.mcmworldwide.com/i/mcmworldwide/MMVEATT08BK001_09 | https://images.mcmworldwide.com/i/mcmworldwide/MMVEATT08BK001_02 | https://images.mcmworldwide.com/i/mcmworldwide/MMVEATT08BK001_03 | https://images.mcmworldwide.com/i/mcmworldwide/MMVEATT08BK001_04 | https://images.mcmworldwide.com/i/mcmworldwide/MMVEATT08BK001_10 | https://images.mcmworldwide.com/i/mcmworldwide/MMVEATT08BK001_11,https://kr.mcmworldwide.com/ko_KR/%ED%8A%B8%EB%9E%98%EB%B8%94/%EB%AA%A8%EB%91%90%EB%B3%B4%EA%B8%B0/mcm-x-harper-collective-%EC%BA%90%EB%B9%88/MMVEATT08BK001.html?cgid=travel-all-travel
MMKFAVE09K8001,Stark 비세토스 백팩,,Stark,천연 가죽 트림이 더해진 비세토스 모노그램 캔버스 백팩,"‘기능이 형태를 따른다’는 철학을 바탕으로 설계된 새로운 실루엣의 스타크 백팩입니다. 카키 모스 컬러의 비세토스 캔버스와 천연 가죽 소재를 사용하였으며, 외부에 3개의 포켓과 노트북, 태블릿 등 다양한 소지품을 보관할 수 있는 내부 수납 공간이 조화를 이루어 실용성을 극대화했습니다.",비세토스 모노그램 캔버스,스웨이드 마감의 극세사 안감,약 15 x 32 x 44 센티미터,대한민국,khaki moss,M,품절,"길이 조절이 가능한 숄더 스트랩 | 가죽 탑 핸들 | 로고 브라스 플레이트 | 앞면과 옆면의 지퍼 수납공간 | 양방향 지퍼 클로저 | 13인치 노트북과 태블릿 수납이 가능한 내부 포켓과 슬리브 | 바디:비세토스 모노그램 캔버스 | 트림:천연 가죽 | 실버톤 코발트 메탈 하드웨어 | 스웨이드 마감의 극세사 안감 | 약 15 x 32 x 44 센티미터 | 스트랩 길이: 74 - 88CM, 핸들 길이 6.5cm | 제조국: 대한민국",https://images.mcmworldwide.com/i/mcmworldwide/MMKFAVE09K8001_01 | https://images.mcmworldwide.com/i/mcmworldwide/MMKFAVE09K8001_09 | https://images.mcmworldwide.com/i/mcmworldwide/MMKFAVE09K8001_02 | https://images.mcmworldwide.com/i/mcmworldwide/MMKFAVE09K8001_03 | https://images.mcmworldwide.com/i/mcmworldwide/MMKFAVE09K8001_04 | https://images.mcmworldwide.com/i/mcmworldwide/MMKFAVE09K8001_10 | https://images.mcmworldwide.com/i/mcmworldwide/MMKFAVE09K8001_01 | https://images.mcmworldwide.com/i/mcmworldwide/MMKFAVE09K8001_09 | https://images.mcmworldwide.com/i/mcmworldwide/MMKFAVE09K8001_02 | https://images.mcmworldwide.com/i/mcmworldwide/MMKFAVE09K8001_03 | https://images.mcmworldwide.com/i/mcmworldwide/MMKFAVE09K8001_04 | https://images.mcmworldwide.com/i/mcmworldwide/MMKFAVE09K8001_10 | https://images.mcmworldwide.com/i/mcmworldwide/MMKFAVE09K8001_01,https://kr.mcmworldwide.com/ko_KR/%ED%8A%B8%EB%9E%98%EB%B8%94/%EB%AA%A8%EB%91%90%EB%B3%B4%EA%B8%B0/stark-%EB%B9%84%EC%84%B8%ED%86%A0%EC%8A%A4-%EB%B0%B1%ED%8C%A9/MMKFAVE09K8001.html?cgid=travel-all-travel
MMVFATT02K8001,Ottomar 비세토스 위켄더,,Ottomar,천연 가죽 트림이 더해진 비세토스 모노그램 캔버스 위켄더 백,전설적인 여행 동반자가 완벽한 기내 반입용으로 새롭게 탄생했습니다. 카키 모스 비세토스로 제작된 스몰 사이즈 Ottomar 위켄더 백에는 가죽 행택과 가죽으로 감싼 금속 자물쇠 및 열쇠가 함께 포함되어 있습니다.,비세토스 모노그램 캔버스,스웨이드 마감의 극세사 안감,약 17 x 41 x 26 센티미터,대한민국,khaki moss,41cm / 16.14인치,품절,"탈부착이 가능하며 길이 조절이 가능한 위빙 스트랩 | 가죽 탑 핸들 | 탈부착 가능한 가죽 러기지 태그와 가죽 커버가 더해진 열쇠가 있는 패드락 | 뒷면 외부 가죽 트롤리 슬리브 | 로고 브라스 플레이트 | 양방향 확장형 지퍼 클로저 | 내부 포켓과 지퍼 수납 공간 | 가방 바닥 보호에 도움을 주는 메탈 피트 | 바디:비세토스 모노그램 캔버스 | 트림:천연 가죽 | 실버톤 코발트 메탈 하드웨어 | 스웨이드 마감의 극세사 안감 | 약 17 x 41 x 26 센티미터 | 스트랩 길이: 72cm - 127cm, 핸들 길이 12cm | 제조국: 대한민국",https://images.mcmworldwide.com/i/mcmworldwide/MMVFATT02K8001_01 | https://images.mcmworldwide.com/i/mcmworldwide/MMVFATT02K8001_09 | https://images.mcmworldwide.com/i/mcmworldwide/MMVFATT02K8001_02 | https://images.mcmworldwide.com/i/mcmworldwide/MMVFATT02K8001_03 | https://images.mcmworldwide.com/i/mcmworldwide/MMVFATT02K8001_04 | https://images.mcmworldwide.com/i/mcmworldwide/MMVFATT02K8001_10 | https://images.mcmworldwide.com/i/mcmworldwide/MMVFATT02K8001_11 | https://images.mcmworldwide.com/i/mcmworldwide/MMVFATT02K8001_01 | https://images.mcmworldwide.com/i/mcmworldwide/MMVFATT02K8001_09 | https://images.mcmworldwide.com/i/mcmworldwide/MMVFATT02K8001_02 | https://images.mcmworldwide.com/i/mcmworldwide/MMVFATT02K8001_03 | https://images.mcmworldwide.com/i/mcmworldwide/MMVFATT02K8001_04 | https://images.mcmworldwide.com/i/mcmworldwide/MMVFATT02K8001_10 | https://images.mcmworldwide.com/i/mcmworldwide/MMVFATT02K8001_11 | https://images.mcmworldwide.com/i/mcmworldwide/MMVFATT02K8001_01,https://kr.mcmworldwide.com/ko_KR/%ED%8A%B8%EB%9E%98%EB%B8%94/%EB%AA%A8%EB%91%90%EB%B3%B4%EA%B8%B0/ottomar-%EB%B9%84%EC%84%B8%ED%86%A0%EC%8A%A4-%EC%9C%84%EC%BC%84%EB%8D%94/MMVFATT02K8001.html?cgid=travel-all-travel
MMVFATT01K8001,Ottomar ECONYL®과 가죽이 더해진 위켄더 백팩,,Ottomar,백팩 기능과 Visetos 모노그램 프린트 가죽 트림이 적용된 ECONYL® 모듈러 위켄더 백,"모듈형 디자인 철학과 이동성에 대한 뮌헨 하우스의 비전을 구현한 위켄더 백으로 가볍고 지속가능한 재활용 나일론 ECONYL®을 사용하여 제작되었습니다. 시그니처 비세토스 모노그램이 더해진 그레인 가죽 디테일을 더해 완성도를 높였습니다. 다양한 수납공간으로 구성된 외부와 내부는 여행 및 피트니스에 필요한 필수품들을 효율적으로 정리 할 수 있으며, 특히 신발을 위해 전용 사이드 포켓은 뛰어난 실용성을 보여줍니다. 핸들을 사용하여 들거나 크로스바디백으로 착용할 수 있으며, 바닥면의 숄더 스트랩을 활용하여 백팩으로도 변형이 가능한 다재다능한 백입니다.",ECONYL® 재생 나일론,,약 25 x 52 x 27 센티미터,대한민국,khaki moss,55cm / 22인치,품절,"탈부착이 가능하며 길이 조절이 가능한 위빙 스트랩 | 숄더 스트랩으로 변형 가능한 바닥면의 스트랩 | 탑핸들 | 외부 지퍼 수납공간 | 신발 수납을 위한 외부 사이드 포켓 | 양방향 지퍼 클로저 | D링 참 장식 디테일 | 2개의 내부 포켓 | 바디:ECONYL® 재생 나일론 | 트림: 비세토스 모노그램 프린트가 더해진 천연가죽 | 실버톤 다크 코발트 메탈 하드웨어 | 약 25 x 52 x 27 센티미터 | 스트랩 길이: 70 cm - 84 cm, 핸들 드롭: 48 cm | 제조국: 대한민국",https://images.mcmworldwide.com/i/mcmworldwide/MMVFATT01K8001_01 | https://images.mcmworldwide.com/i/mcmworldwide/MMVFATT01K8001_09 | https://images.mcmworldwide.com/i/mcmworldwide/MMVFATT01K8001_02 | https://images.mcmworldwide.com/i/mcmworldwide/MMVFATT01K8001_03 | https://images.mcmworldwide.com/i/mcmworldwide/MMVFATT01K8001_04 | https://images.mcmworldwide.com/i/mcmworldwide/MMVFATT01K8001_05 | https://images.mcmworldwide.com/i/mcmworldwide/MMVFATT01K8001_10 | https://images.mcmworldwide.com/i/mcmworldwide/MMVFATT01K8001_11 | https://images.mcmworldwide.com/i/mcmworldwide/MMVFATT01K8001_01 | https://images.mcmworldwide.com/i/mcmworldwide/MMVFATT01K8001_09 | https://images.mcmworldwide.com/i/mcmworldwide/MMVFATT01K8001_02 | https://images.mcmworldwide.com/i/mcmworldwide/MMVFATT01K8001_03 | https://images.mcmworldwide.com/i/mcmworldwide/MMVFATT01K8001_04 | https://images.mcmworldwide.com/i/mcmworldwide/MMVFATT01K8001_05 | https://images.mcmworldwide.com/i/mcmworldwide/MMVFATT01K8001_10 | https://images.mcmworldwide.com/i/mcmworldwide/MMVFATT01K8001_11 | https://images.mcmworldwide.com/i/mcmworldwide/MMVFATT01K8001_01,https://kr.mcmworldwide.com/ko_KR/%ED%8A%B8%EB%9E%98%EB%B8%94/%EB%AA%A8%EB%91%90%EB%B3%B4%EA%B8%B0/ottomar-econyl%C2%AE%EA%B3%BC-%EA%B0%80%EC%A3%BD%EC%9D%B4-%EB%8D%94%ED%95%B4%EC%A7%84-%EC%9C%84%EC%BC%84%EB%8D%94-%EB%B0%B1%ED%8C%A9/MMVFATT01K8001.html?cgid=travel-all-travel
MMVGSTT02L8001,Ottomar 그라데이션 비세토스 위켄더,,Ottomar,그라데이션 모티프에 천연 가죽 트림이 더해진 비세토스 모노그램 캔버스 위켄더 백,"시그니처 비세토스 모노그램 위에 세 가지 컬러가 이루어내는 강렬한 그러데이션이 예술적인 감각을 완성합니다. Ottomar 위켄더 백은 블루 가죽 포인트, 가죽 행택, 가죽 커버 패드락 등 뮌헨 하우스의 장인정신이 깃든 디테일로 완성되었습니다.",비세토스 모노그램 캔버스,스웨이드 마감의 극세사 안감,약 20 x 45 x 27 센티미터,대한민국,della robbia blue,45cm / 17.7인치,품절,"탈착이 가능하며 길이 조절이 가능한 패브칙 웨빙 스트랩 | 가죽 탑 핸들 | 그라데이션 효과 | 키가 포함된 메탈 자물쇠와 탈부착 가능한 가죽 커버 행택 | 양방향 지퍼 클로저 | 내부 포켓과 지퍼 수납 공간 | 캐리어 손잡이에 끼울 수 있는 밴드 | 가방 바닥 보호에 도움을 주는 메탈 피트 | 바디:비세토스 모노그램 캔버스 | 트림:천연 가죽 | 실버톤 코발트 메탈 하드웨어 | 스웨이드 마감의 극세사 안감 | 약 20 x 45 x 27 센티미터 | 스트랩 길이: 75cm - 132cm, 핸들 드롭: 13cm | 제조국: 대한민국",https://images.mcmworldwide.com/i/mcmworldwide/MMVGSTT02L8001_01 | https://images.mcmworldwide.com/i/mcmworldwide/MMVGSTT02L8001_09 | https://images.mcmworldwide.com/i/mcmworldwide/MMVGSTT02L8001_02 | https://images.mcmworldwide.com/i/mcmworldwide/MMVGSTT02L8001_03 | https://images.mcmworldwide.com/i/mcmworldwide/MMVGSTT02L8001_04 | https://images.mcmworldwide.com/i/mcmworldwide/MMVGSTT02L8001_05 | https://images.mcmworldwide.com/i/mcmworldwide/MMVGSTT02L8001_10 | https://images.mcmworldwide.com/i/mcmworldwide/MMVGSTT02L8001_11 | https://images.mcmworldwide.com/i/mcmworldwide/MMVGSTT02L8001_01 | https://images.mcmworldwide.com/i/mcmworldwide/MMVGSTT02L8001_09 | https://images.mcmworldwide.com/i/mcmworldwide/MMVGSTT02L8001_02 | https://images.mcmworldwide.com/i/mcmworldwide/MMVGSTT02L8001_03 | https://images.mcmworldwide.com/i/mcmworldwide/MMVGSTT02L8001_04 | https://images.mcmworldwide.com/i/mcmworldwide/MMVGSTT02L8001_05 | https://images.mcmworldwide.com/i/mcmworldwide/MMVGSTT02L8001_10 | https://images.mcmworldwide.com/i/mcmworldwide/MMVGSTT02L8001_11,https://kr.mcmworldwide.com/ko_KR/%ED%8A%B8%EB%9E%98%EB%B8%94/%EB%AA%A8%EB%91%90%EB%B3%B4%EA%B8%B0/ottomar-%EA%B7%B8%EB%9D%BC%EB%8D%B0%EC%9D%B4%EC%85%98-%EB%B9%84%EC%84%B8%ED%86%A0%EC%8A%A4-%EC%9C%84%EC%BC%84%EB%8D%94/MMVGSTT02L8001.html?cgid=travel-all-travel
MMVDSTT02BK001,Ottomar 비세토스 트롤리,,Ottomar,나파 가죽 트림이 돋보이는 기내용 스몰 비세토스 트롤리,뮌헨 황금기의 레거시 실루엣으로 새로운 세대의 여행자에게 영감을 선사하는 시그니처 스몰 트롤리입니다. 아카이브 트렁크에서 가져온 블랙 나파 가죽 모서리로 클래식 비세토스 캔버스 바디를 장식했습니다. 가죽 사이드 핸들과 집어넣을 수 있는 상단 핸들이 있으며 내부 디바이더와 어느 방향으로든 자유롭게 움직일 수 있는 4개의 멀티 휠이 특징입니다.,,옥스포드 나일론 안감,약 23 x 38 x 55 센티미터,대한민국,black,54cm / 21.3인치,품절,"집어넣을 수 있는 트롤리 핸들 | 옆면 가죽 손잡이 | MCM 로고 플레이트 | 전면 지퍼 수납공간 | 가죽으로 감싼 모서리 | 양방향 지퍼 클로저 | 내부 지퍼 수납공간 | 다방향 멀티 휠 4개 | 탈부착 가능한 가죽 러기지 행택 및 금속 자물쇠와 열쇠 | 비세토스 모노그램 캔버스 | 블랙 나파 가죽 트림 | 매트 블랙 메탈 하드웨어. | 옥스포드 나일론 안감 | 약 23 x 38 x 55 센티미터 | 트롤리 핸들 드롭: 45cm, 사이드 핸들 드롭: 3cm. | 제조국: 대한민국",https://images.mcmworldwide.com/i/mcmworldwide/MMVDSTT02BK001_01 | https://images.mcmworldwide.com/i/mcmworldwide/MMVDSTT02BK001_09 | https://images.mcmworldwide.com/i/mcmworldwide/MMVDSTT02BK001_02 | https://images.mcmworldwide.com/i/mcmworldwide/MMVDSTT02BK001_03 | https://images.mcmworldwide.com/i/mcmworldwide/MMVDSTT02BK001_04 | https://images.mcmworldwide.com/i/mcmworldwide/MMVDSTT02BK001_10 | https://images.mcmworldwide.com/i/mcmworldwide/MMVDSTT02BK001_11 | https://images.mcmworldwide.com/i/mcmworldwide/MMVDSTT02BK001_01 | https://images.mcmworldwide.com/i/mcmworldwide/MMVDSTT02BK001_09 | https://images.mcmworldwide.com/i/mcmworldwide/MMVDSTT02BK001_02 | https://images.mcmworldwide.com/i/mcmworldwide/MMVDSTT02BK001_03 | https://images.mcmworldwide.com/i/mcmworldwide/MMVDSTT02BK001_04 | https://images.mcmworldwide.com/i/mcmworldwide/MMVDSTT02BK001_10 | https://images.mcmworldwide.com/i/mcmworldwide/MMVDSTT02BK001_11 | https://images.mcmworldwide.com/i/mcmworldwide/MMVDSTT02BK001_01,https://kr.mcmworldwide.com/ko_KR/%ED%8A%B8%EB%9E%98%EB%B8%94/%EB%AA%A8%EB%91%90%EB%B3%B4%EA%B8%B0/ottomar-%EB%B9%84%EC%84%B8%ED%86%A0%EC%8A%A4-%ED%8A%B8%EB%A1%A4%EB%A6%AC/MMVDSTT02BK001.html?cgid=travel-all-travel
MMKFSVE06BK001,리사이클 나일론 소재의 스타크 백팩,,,모노그램 프린트 지퍼 수납 공간과 천연 나파 가죽 트리밍이 돋보이는 리사이클 나일론 백팩,이전 모델의 기능적인 부분은 유지하고 이동성에 대한 부분은 한층 강화시킨 백팩. 시그니처 스타크 실루엣을 리사이클 나일론으로 새롭게 디자인한 이 가방은 모노그램 메시 소재의 외부 지퍼 수납공간으로 액세서리와 소지품을 깔끔하게 수납할 수 있습니다.,이탈리아산 재생 나일론,나일론 라이닝,약 15 x 32 x 44 센티미터,대한민국,black,M,품절,"길이 조절이 가능한 스트랩 | 가죽 탑 핸 | 비세토스 모노그램 프린트의 앞면 및 측면 지퍼 포켓 | D링 디테일 | 양방향 지퍼 클로저 | 13"" 노트북과 태플릿 수납이 가능한 내부 포켓과 슬리브 | Padded back panel | 바디: 이탈리아산 재생 나일론 | 트림: 천연 나파 가죽 | 실버 톤 코발트 메탈 하드웨어 | 나일론 라이닝 | 약 15 x 32 x 44 센티미터 | 스트랩 길이:74 cm ~ 90 cm , 핸들 길이: 6.5cm | 제조국: 대한민국",https://images.mcmworldwide.com/i/mcmworldwide/MMKFSVE06BK001_01 | https://images.mcmworldwide.com/i/mcmworldwide/MMKFSVE06BK001_09 | https://images.mcmworldwide.com/i/mcmworldwide/MMKFSVE06BK001_02 | https://images.mcmworldwide.com/i/mcmworldwide/MMKFSVE06BK001_03 | https://images.mcmworldwide.com/i/mcmworldwide/MMKFSVE06BK001_04 | https://images.mcmworldwide.com/i/mcmworldwide/MMKFSVE06BK001_10 | https://images.mcmworldwide.com/i/mcmworldwide/MMKFSVE06BK001_11 | https://images.mcmworldwide.com/i/mcmworldwide/MMKFSVE06BK001_12 | https://images.mcmworldwide.com/i/mcmworldwide/MMKFSVE06BK001_13 | https://images.mcmworldwide.com/i/mcmworldwide/MMKFSVE06BK001_01 | https://images.mcmworldwide.com/i/mcmworldwide/MMKFSVE06BK001_09 | https://images.mcmworldwide.com/i/mcmworldwide/MMKFSVE06BK001_02 | https://images.mcmworldwide.com/i/mcmworldwide/MMKFSVE06BK001_03 | https://images.mcmworldwide.com/i/mcmworldwide/MMKFSVE06BK001_04 | https://images.mcmworldwide.com/i/mcmworldwide/MMKFSVE06BK001_10 | https://images.mcmworldwide.com/i/mcmworldwide/MMKFSVE06BK001_11 | https://images.mcmworldwide.com/i/mcmworldwide/MMKFSVE06BK001_12 | https://images.mcmworldwide.com/i/mcmworldwide/MMKFSVE06BK001_13,https://kr.mcmworldwide.com/ko_KR/%ED%8A%B8%EB%9E%98%EB%B8%94/%EB%AA%A8%EB%91%90%EB%B3%B4%EA%B8%B0/%EB%A6%AC%EC%82%AC%EC%9D%B4%ED%81%B4-%EB%82%98%EC%9D%BC%EB%A1%A0-%EC%86%8C%EC%9E%AC%EC%9D%98-%EC%8A%A4%ED%83%80%ED%81%AC-%EB%B0%B1%ED%8C%A9/MMKFSVE06BK001.html?cgid=travel-all-travel
MMVFATT01BK001,Ottomar ECONYL® 가죽 위켄더 백팩,,Ottomar,백팩 기능과 Visetos 모노그램 프린트 가죽 트림이 적용된 ECONYL® 모듈러 위켄더 백,"모듈형 디자인 철학과 이동성에 대한 뮌헨 하우스의 비전을 구현한 위켄더 백으로 가볍고 지속가능한 재활용 나일론 ECONYL®을 사용하여 제작되었습니다. 시그니처 비세토스 모노그램이 더해진 그레인 가죽 디테일을 더해 완성도를 높였습니다. 다양한 수납공간으로 구성된 외부와 내부는 여행 및 피트니스에 필요한 필수품들을 효율적으로 정리 할 수 있으며, 특히 신발을 위해 전용 사이드 포켓은 뛰어난 실용성을 보여줍니다. 핸들을 사용하여 들거나 크로스바디백으로 착용할 수 있으며, 바닥면의 숄더 스트랩을 활용하여 백팩으로도 변형이 가능한 다재다능한 백입니다.",ECONYL® 재생 나일론,나일론 안감,약 25 x 52 x 27 센티미터,대한민국,black,55cm / 22인치,품절,"탈부착이 가능하며 길이 조절이 가능한 위빙 스트랩 | 숄더 스트랩으로 변형 가능한 바닥면의 스트랩 | 탑핸들 | 외부 지퍼 수납공간 | 신발 수납을 위한 외부 사이드 포켓 | 양방향 지퍼 클로저 | D링 참 장식 디테일 | 2개의 내부 포켓 | 바디:ECONYL® 재생 나일론 | 트림: 비세토스 모노그램 프린트가 더해진 천연가죽 | 실버톤 코발트 메탈 하드웨어 | 나일론 안감 | 약 25 x 52 x 27 센티미터 | 스트랩 길이: 70cm - 84cm, 핸들 드롭: 48cm | 제조국: 대한민국",https://images.mcmworldwide.com/i/mcmworldwide/MMVFATT01BK001_01 | https://images.mcmworldwide.com/i/mcmworldwide/MMVFATT01BK001_09 | https://images.mcmworldwide.com/i/mcmworldwide/MMVFATT01BK001_02 | https://images.mcmworldwide.com/i/mcmworldwide/MMVFATT01BK001_03 | https://images.mcmworldwide.com/i/mcmworldwide/MMVFATT01BK001_04 | https://images.mcmworldwide.com/i/mcmworldwide/MMVFATT01BK001_05 | https://images.mcmworldwide.com/i/mcmworldwide/MMVFATT01BK001_10 | https://images.mcmworldwide.com/i/mcmworldwide/MMVFATT01BK001_11 | https://images.mcmworldwide.com/i/mcmworldwide/MMVFATT01BK001_01 | https://images.mcmworldwide.com/i/mcmworldwide/MMVFATT01BK001_09 | https://images.mcmworldwide.com/i/mcmworldwide/MMVFATT01BK001_02 | https://images.mcmworldwide.com/i/mcmworldwide/MMVFATT01BK001_03 | https://images.mcmworldwide.com/i/mcmworldwide/MMVFATT01BK001_04 | https://images.mcmworldwide.com/i/mcmworldwide/MMVFATT01BK001_05 | https://images.mcmworldwide.com/i/mcmworldwide/MMVFATT01BK001_10 | https://images.mcmworldwide.com/i/mcmworldwide/MMVFATT01BK001_11 | https://images.mcmworldwide.com/i/mcmworldwide/MMVFATT01BK001_01,https://kr.mcmworldwide.com/ko_KR/%ED%8A%B8%EB%9E%98%EB%B8%94/%EB%AA%A8%EB%91%90%EB%B3%B4%EA%B8%B0/ottomar-econyl%C2%AE-%EA%B0%80%EC%A3%BD-%EC%9C%84%EC%BC%84%EB%8D%94-%EB%B0%B1%ED%8C%A9/MMVFATT01BK001.html?cgid=travel-all-travel
MEZFAMM03BK001,모노그램 나일론 레더 펫 케리어,,,패딩 처리된 비스토스 모노그램 올오버 프린트 나일론 소재에 천연 가죽 트리밍이 더해진 반려동물 캐리어,"여행 중 반려동물의 편안한 휴식을 위해 제작된 이 캐리어는 이탈리아산 나일론 소재로 완성되었습니다. 패딩 처리된 내부와 통기성 메시 패널이 고급스러운 착용감을 선사하며, 뮌헨 하우스의 상징이자 시그니처인 비세토스 모노그램과 단색 컬러를 사용했습니다. 외부에 위치한 두 개의 수납공간은 반려동물의 필수품과 액세서리를 안전하게 보관할 수 있어 실용성을 더합니다.",100% 나일론,패딩처리된 나일론 안감,약 23 x 40 x 30 센티미터,대한민국,black,프리 사이즈,품절,길이 조절 가능한 패브릭 웨빙 숄더 스트랩 | 탑핸들 | 비세토스 모노그램 전면 프린트 | 외부 지퍼 수납공간 | 통기성이 우수한 매쉬 지퍼 패널 | 바디: 100% 나일론 | 트림:천연 가죽 | 무광 블랙 메탈 하드웨어 | 패딩처리된 나일론 안감 | 약 23 x 40 x 30 센티미터 | 스트랩 길이: 52cm - 97cm | 제조국: 대한민국,https://images.mcmworldwide.com/i/mcmworldwide/MEZFAMM03BK001_01 | https://images.mcmworldwide.com/i/mcmworldwide/MEZFAMM03BK001_09 | https://images.mcmworldwide.com/i/mcmworldwide/MEZFAMM03BK001_02 | https://images.mcmworldwide.com/i/mcmworldwide/MEZFAMM03BK001_03 | https://images.mcmworldwide.com/i/mcmworldwide/MEZFAMM03BK001_04 | https://images.mcmworldwide.com/i/mcmworldwide/MEZFAMM03BK001_10 | https://images.mcmworldwide.com/i/mcmworldwide/MEZFAMM03BK001_11 | https://images.mcmworldwide.com/i/mcmworldwide/MEZFAMM03BK001_12 | https://images.mcmworldwide.com/i/mcmworldwide/MEZFAMM03BK001_01 | https://images.mcmworldwide.com/i/mcmworldwide/MEZFAMM03BK001_09 | https://images.mcmworldwide.com/i/mcmworldwide/MEZFAMM03BK001_02 | https://images.mcmworldwide.com/i/mcmworldwide/MEZFAMM03BK001_03 | https://images.mcmworldwide.com/i/mcmworldwide/MEZFAMM03BK001_04 | https://images.mcmworldwide.com/i/mcmworldwide/MEZFAMM03BK001_10 | https://images.mcmworldwide.com/i/mcmworldwide/MEZFAMM03BK001_11 | https://images.mcmworldwide.com/i/mcmworldwide/MEZFAMM03BK001_12,https://kr.mcmworldwide.com/ko_KR/%ED%8A%B8%EB%9E%98%EB%B8%94/%EB%AA%A8%EB%91%90%EB%B3%B4%EA%B8%B0/%EB%AA%A8%EB%85%B8%EA%B7%B8%EB%9E%A8-%EB%82%98%EC%9D%BC%EB%A1%A0-%EB%A0%88%EB%8D%94-%ED%8E%AB-%EC%BC%80%EB%A6%AC%EC%96%B4/MEZFAMM03BK001.html?cgid=travel-all-travel
MMKEAVE05CO001,스타크 모노그램 나일론 패커블 백팩,,,비세토스 모노그램 올오버 프린트와 천연 나파 가죽 트림이 돋보이는 컨버터블 나일론 백팩,MCM에서 2024 가을-겨울 시즌을 위해 혁신적인 패커블 디자인이 돋보이는 이탈리안 나일론 및 나파 가죽 소재의 한정판 스타크 백팩을 선보입니다. 지퍼형 전면 포켓을 통해 실루엣을 뒤집으면 가벼운 모노그램 파우치로 바뀌어 손쉽게 소지품을 보관하고 휴대할 수 있습니다. 파우치로 바꿀 때 함께 제공되는 D링 디테일로 원하는 스트랩을 부착하여 핸즈프리로 착용할 수 있습니다.,나일론 100%,나일론 100%,약 14 x 32 x 41 센티미터,대한민국,cognac,M,품절,"조절 가능한 어깨 스트랩 | 손잡이 부분 | 지퍼 파우치로 변형되는 패커블 디자인 | 전면 지퍼 수납공간 | 앞면의 MCM 로고 플레이트. | 양방향 지퍼 클로저 | 바디: 나일론 100% | 트림: 천연 나파 가죽 | 다크 톤 금속 장식 | 안감: 나일론 100% | 약 14 x 32 x 41 센티미터 | 스트랩 길이: 76cm ~ 90cm, 핸들 드롭: 8cm | 제조국: 대한민국",https://images.mcmworldwide.com/i/mcmworldwide/MMKEAVE05CO001_01 | https://images.mcmworldwide.com/i/mcmworldwide/MMKEAVE05CO001_02 | https://images.mcmworldwide.com/i/mcmworldwide/MMKEAVE05CO001_03 | https://images.mcmworldwide.com/i/mcmworldwide/MMKEAVE05CO001_04 | https://images.mcmworldwide.com/i/mcmworldwide/MMKEAVE05CO001_05 | https://images.mcmworldwide.com/i/mcmworldwide/MMKEAVE05CO001_01 | https://images.mcmworldwide.com/i/mcmworldwide/MMKEAVE05CO001_02 | https://images.mcmworldwide.com/i/mcmworldwide/MMKEAVE05CO001_03 | https://images.mcmworldwide.com/i/mcmworldwide/MMKEAVE05CO001_04 | https://images.mcmworldwide.com/i/mcmworldwide/MMKEAVE05CO001_05 | https://images.mcmworldwide.com/i/mcmworldwide/MMKEAVE05CO001_01,https://kr.mcmworldwide.com/ko_KR/%ED%8A%B8%EB%9E%98%EB%B8%94/%EB%AA%A8%EB%91%90%EB%B3%B4%EA%B8%B0/%EC%8A%A4%ED%83%80%ED%81%AC-%EB%AA%A8%EB%85%B8%EA%B7%B8%EB%9E%A8-%EB%82%98%EC%9D%BC%EB%A1%A0-%ED%8C%A8%EC%BB%A4%EB%B8%94-%EB%B0%B1%ED%8C%A9/MMKEAVE05CO001.html?cgid=travel-all-travel
MMKEATA02CO001,Aren 비세토스 멀티 백팩,,Aren,탈부착 가능한 파우치와 천연 나파 가죽 트림이 돋보이는 비세토스 모듈러 백팩,"모듈형 디자인의 본보기이자 MCM의 혁신적인 디자인과 장인의 전문성을 활용하여 실용성 높은 여행용 가방 비세토스 모노그램 백팩입니다. 탈부착 가능한 파우치 3개와, 탈착식 벨트백 1개 및 스마트폰과 물병을 넣을 수 있는 나일론 수납 공간이 있습니다.",비세토스 모노그램 캔버스,패브릭 및 나일론 안감,약 10 x 77 x 47 센티미터,대한민국,cognac,L,품절,"조절 가능한 어깨 스트랩 | 가죽 손잡이 부분 | 탈부착 가능한 파우치 3개와 벨트백 1개 포함 | 스마트폰과 물병 수납을 위한 나일론 포켓 | 바디: 비세토스 모노그램 캔버스 | 트림: 천연 나파 가죽 | 24K 도금 브라스 금속 장식 | 패브릭 및 나일론 안감 | 약 10 x 77 x 47 센티미터 | 스트랩 길이: 8.9cm ~ 55.9cm, 핸들 드롭: 8.9cm. | 제조국: 대한민국",https://images.mcmworldwide.com/i/mcmworldwide/MMKEATA02CO001_01 | https://images.mcmworldwide.com/i/mcmworldwide/MMKEATA02CO001_09 | https://images.mcmworldwide.com/i/mcmworldwide/MMKEATA02CO001_02 | https://images.mcmworldwide.com/i/mcmworldwide/MMKEATA02CO001_03 | https://images.mcmworldwide.com/i/mcmworldwide/MMKEATA02CO001_04 | https://images.mcmworldwide.com/i/mcmworldwide/MMKEATA02CO001_05 | https://images.mcmworldwide.com/i/mcmworldwide/MMKEATA02CO001_10 | https://images.mcmworldwide.com/i/mcmworldwide/MMKEATA02CO001_11 | https://images.mcmworldwide.com/i/mcmworldwide/MMKEATA02CO001_12 | https://images.mcmworldwide.com/i/mcmworldwide/MMKEATA02CO001_13 | https://images.mcmworldwide.com/i/mcmworldwide/MMKEATA02CO001_14 | https://images.mcmworldwide.com/i/mcmworldwide/MMKEATA02CO001_01 | https://images.mcmworldwide.com/i/mcmworldwide/MMKEATA02CO001_09 | https://images.mcmworldwide.com/i/mcmworldwide/MMKEATA02CO001_02 | https://images.mcmworldwide.com/i/mcmworldwide/MMKEATA02CO001_03 | https://images.mcmworldwide.com/i/mcmworldwide/MMKEATA02CO001_04 | https://images.mcmworldwide.com/i/mcmworldwide/MMKEATA02CO001_05 | https://images.mcmworldwide.com/i/mcmworldwide/MMKEATA02CO001_10 | https://images.mcmworldwide.com/i/mcmworldwide/MMKEATA02CO001_11 | https://images.mcmworldwide.com/i/mcmworldwide/MMKEATA02CO001_12 | https://images.mcmworldwide.com/i/mcmworldwide/MMKEATA02CO001_13 | https://images.mcmworldwide.com/i/mcmworldwide/MMKEATA02CO001_14,https://kr.mcmworldwide.com/ko_KR/%ED%8A%B8%EB%9E%98%EB%B8%94/%EB%AA%A8%EB%91%90%EB%B3%B4%EA%B8%B0/aren-%EB%B9%84%EC%84%B8%ED%86%A0%EC%8A%A4-%EB%A9%80%ED%8B%B0-%EB%B0%B1%ED%8C%A9/MMKEATA02CO001.html?cgid=travel-all-travel
MMKFSBG01CO001,비세토스 브랜든버그 백팩,,비세토스,가죽 드로우스트링 잠금 장치와 천연 나파 가죽 트림이 특징인 비세토스 모노그램 캔버스 백팩,시대를 초월한 밀리터리 스타일의 세련된 해석 브랜든버그 백팩은 완전한 실용성과 완벽한 수공예에 초점을 맞춘 깔끔한 안감의 디자인으로 업데이트되었습니다. 여러 개의 외부 수납공간으로 소지품을 정밀하게 정리할 수 있습니다.,비세토스 모노그램 캔버스,인조 나파 안감,약 14 x 31 x 43 센티미터,대한민국,cognac,M,품절,"조절 가능한 어깨 스트랩 | 레더 손잡이 부분 | D링 디테일이 있는 전면 지퍼 수납공간 | 외부 사이드 포켓 및 뒷면 지퍼 수납공간 | 가죽 드로우스트링 잠금 장치가 있는 메탈 버클 클로저 | 내부 지퍼 수납공간 | 바디: 비세토스 모노그램 캔버스 | 트림: 천연 나파 가죽 | 다크 톤 코발트 메탈 금속 장식. | 인조 나파 안감 | 약 14 x 31 x 43 센티미터 | 스트랩 길이: 74cm~92cm, 핸들 드롭: 8cm | 제조국: 대한민국",https://images.mcmworldwide.com/i/mcmworldwide/MMKFSBG01CO001_01 | https://images.mcmworldwide.com/i/mcmworldwide/MMKFSBG01CO001_09 | https://images.mcmworldwide.com/i/mcmworldwide/MMKFSBG01CO001_02 | https://images.mcmworldwide.com/i/mcmworldwide/MMKFSBG01CO001_03 | https://images.mcmworldwide.com/i/mcmworldwide/MMKFSBG01CO001_04 | https://images.mcmworldwide.com/i/mcmworldwide/MMKFSBG01CO001_10 | https://images.mcmworldwide.com/i/mcmworldwide/MMKFSBG01CO001_01 | https://images.mcmworldwide.com/i/mcmworldwide/MMKFSBG01CO001_09 | https://images.mcmworldwide.com/i/mcmworldwide/MMKFSBG01CO001_02 | https://images.mcmworldwide.com/i/mcmworldwide/MMKFSBG01CO001_03 | https://images.mcmworldwide.com/i/mcmworldwide/MMKFSBG01CO001_04 | https://images.mcmworldwide.com/i/mcmworldwide/MMKFSBG01CO001_10,https://kr.mcmworldwide.com/ko_KR/%ED%8A%B8%EB%9E%98%EB%B8%94/%EB%AA%A8%EB%91%90%EB%B3%B4%EA%B8%B0/%EB%B9%84%EC%84%B8%ED%86%A0%EC%8A%A4-%EB%B8%8C%EB%9E%9C%EB%93%A0%EB%B2%84%EA%B7%B8-%EB%B0%B1%ED%8C%A9/MMKFSBG01CO001.html?cgid=travel-all-travel
MMKFSVE05CO001,비세토스 스타크 백팩,,비세토스,외부 지퍼 수납공간과 천연 나파 가죽 트림이 있는 비세토스 모노그램 캔버스 백팩,"이전 버전의 기능적인 토대를 바탕으로 제작된 미래 지향적인 백팩입니다. 새로운 감각으로 재해석된 시그니처 스타크 실루엣으로, 액세서리와 자주 사용하는 필수 아이템을 안전하게 보관할 수 있는 외부 사이드 지퍼 수납공간이 특징입니다.",비세토스 모노그램 캔버스,인조 나파 안감,약 15 x 32 x 44 센티미터,대한민국,cognac,M,품절,"조절 가능한 어깨 스트랩 | 가죽 손잡이 부분 | 외부 사이드 지퍼 포켓 | 전면 지퍼 수납공간 | 양방향 지퍼 클로저 | 내부 포켓 및 13인치 노트북과 태블릿을 위한 슬리브 | 바디: 비세토스 모노그램 캔버스 | 트림: 천연 나파 가죽 | 다크 톤 코발트 메탈 하드웨어. | 인조 나파 안감 | 약 15 x 32 x 44 센티미터 | 스트랩 길이: 74cm~90cm, 핸들 길이: 6.5cm | 제조국: 대한민국",https://images.mcmworldwide.com/i/mcmworldwide/MMKFSVE05CO001_01 | https://images.mcmworldwide.com/i/mcmworldwide/MMKFSVE05CO001_09 | https://images.mcmworldwide.com/i/mcmworldwide/MMKFSVE05CO001_02 | https://images.mcmworldwide.com/i/mcmworldwide/MMKFSVE05CO001_03 | https://images.mcmworldwide.com/i/mcmworldwide/MMKFSVE05CO001_04 | https://images.mcmworldwide.com/i/mcmworldwide/MMKFSVE05CO001_10 | https://images.mcmworldwide.com/i/mcmworldwide/MMKFSVE05CO001_11 | https://images.mcmworldwide.com/i/mcmworldwide/MMKFSVE05CO001_12 | https://images.mcmworldwide.com/i/mcmworldwide/MMKFSVE05CO001_01 | https://images.mcmworldwide.com/i/mcmworldwide/MMKFSVE05CO001_09 | https://images.mcmworldwide.com/i/mcmworldwide/MMKFSVE05CO001_02 | https://images.mcmworldwide.com/i/mcmworldwide/MMKFSVE05CO001_03 | https://images.mcmworldwide.com/i/mcmworldwide/MMKFSVE05CO001_04 | https://images.mcmworldwide.com/i/mcmworldwide/MMKFSVE05CO001_10 | https://images.mcmworldwide.com/i/mcmworldwide/MMKFSVE05CO001_11 | https://images.mcmworldwide.com/i/mcmworldwide/MMKFSVE05CO001_12 | https://images.mcmworldwide.com/i/mcmworldwide/MMKFSVE05CO001_01,https://kr.mcmworldwide.com/ko_KR/%ED%8A%B8%EB%9E%98%EB%B8%94/%EB%AA%A8%EB%91%90%EB%B3%B4%EA%B8%B0/%EB%B9%84%EC%84%B8%ED%86%A0%EC%8A%A4-%EC%8A%A4%ED%83%80%ED%81%AC-%EB%B0%B1%ED%8C%A9/MMKFSVE05CO001.html?cgid=travel-all-travel
MMVFSTT04VC001,Ottomar 맥시 모노그램 레더 위켄더 백,,Ottomar,엠보스드 맥시 모노그램이 돋보이는 천연 나파 가죽 위켄더 백,전설적인 여행의 동반자가 완벽한 기내용 백으로 변신했습니다. 비세토스 모노그램을 엠보싱 처리를 한 천연 나파 가죽을 사용하여 뮌헨 하우스의 정체성이 더해진 스몰사이즈 Ottomar 위켄더. 가죽 행 태그와 열쇠가 달린 가죽 커버 메탈 패드락이 장인의 손길로 완성된 여행용 가방과 함께 제공됩니다.,천연 나파 가죽,스웨이드 마감 마이크로파이버 안감,약 18 x 41 x 26 센티미터,대한민국,navy blazer,41cm / 16.14인치,품절,"탈착 및 조절 가능한 헤링본 웨빙 스트랩 | 가죽 손잡이 부분 | 엠보스드 맥시 모노그램 | 탈부착 가능한 가죽 행택 및 금속 자물쇠와 열쇠 | 양방향 지퍼 클로저 | 내부 포켓 및 지퍼 수납공간 | 보호용 메탈 피트 | 바디: 천연 나파 가죽 | 실버톤 코발트 금속 장식 | 스웨이드 마감 마이크로파이버 안감 | 약 18 x 41 x 26 센티미터 | 스트랩 길이: 81cm~137cm, 핸들 길이: 12cm | 제조국: 대한민국",https://images.mcmworldwide.com/i/mcmworldwide/MMVFSTT04VC001_01 | https://images.mcmworldwide.com/i/mcmworldwide/MMVFSTT04VC001_09 | https://images.mcmworldwide.com/i/mcmworldwide/MMVFSTT04VC001_02 | https://images.mcmworldwide.com/i/mcmworldwide/MMVFSTT04VC001_03 | https://images.mcmworldwide.com/i/mcmworldwide/MMVFSTT04VC001_04 | https://images.mcmworldwide.com/i/mcmworldwide/MMVFSTT04VC001_10 | https://images.mcmworldwide.com/i/mcmworldwide/MMVFSTT04VC001_01 | https://images.mcmworldwide.com/i/mcmworldwide/MMVFSTT04VC001_09 | https://images.mcmworldwide.com/i/mcmworldwide/MMVFSTT04VC001_02 | https://images.mcmworldwide.com/i/mcmworldwide/MMVFSTT04VC001_03 | https://images.mcmworldwide.com/i/mcmworldwide/MMVFSTT04VC001_04 | https://images.mcmworldwide.com/i/mcmworldwide/MMVFSTT04VC001_10,https://kr.mcmworldwide.com/ko_KR/%ED%8A%B8%EB%9E%98%EB%B8%94/%EB%AA%A8%EB%91%90%EB%B3%B4%EA%B8%B0/ottomar-%EB%A7%A5%EC%8B%9C-%EB%AA%A8%EB%85%B8%EA%B7%B8%EB%9E%A8-%EB%A0%88%EB%8D%94-%EC%9C%84%EC%BC%84%EB%8D%94-%EB%B0%B1/MMVFSTT04VC001.html?cgid=travel-all-travel
MMKDAVE02VC001,Stark 맥시 모노그램 레더 백팩,,Stark,천연 풀 그레인 가죽과 엠보스드 맥시 모노그램이 돋보이는 Stark 백팩,"뮌헨 하우스의 대표적인 실루엣으로, 형태가 기능을 따르는 바우하우스의 철학이 고스란히 담겨 있습니다. 천연 풀 그레인 가죽 소재의 Stark 백팩은 시그니처 모노그램의 업스케일 버전으로 정교하게 엠보싱 처리되었습니다.",천연 나파 가죽,스웨이드 마감 마이크로파이버 안감,약 15 x 33 x 42 센티미터,대한민국,navy blazer,M,품절,"조절 가능한 어깨 스트랩 | 레더 손잡이 부분 | 엠보스드 맥시 모노그램 | 전면 지퍼 수납공간 | 외부 측면 포켓 | 양방향 지퍼 클로저 | 내부 포켓 및 13인치 노트북과 태블릿을 위한 슬리브 | 패딩 뒷면 패널 | 바디: 천연 나파 가죽 | 실버톤 코발트 금속 장식 | 스웨이드 마감 마이크로파이버 안감 | 약 15 x 33 x 42 센티미터 | 스트랩 길이: 75cm~89cm, 핸들 드롭: 7.5cm | 제조국: 대한민국",https://images.mcmworldwide.com/i/mcmworldwide/MMKDAVE02VC001_01 | https://images.mcmworldwide.com/i/mcmworldwide/MMKDAVE02VC001_09 | https://images.mcmworldwide.com/i/mcmworldwide/MMKDAVE02VC001_02 | https://images.mcmworldwide.com/i/mcmworldwide/MMKDAVE02VC001_03 | https://images.mcmworldwide.com/i/mcmworldwide/MMKDAVE02VC001_04 | https://images.mcmworldwide.com/i/mcmworldwide/MMKDAVE02VC001_10 | https://images.mcmworldwide.com/i/mcmworldwide/MMKDAVE02VC001_11 | https://images.mcmworldwide.com/i/mcmworldwide/MMKDAVE02VC001_01 | https://images.mcmworldwide.com/i/mcmworldwide/MMKDAVE02VC001_09 | https://images.mcmworldwide.com/i/mcmworldwide/MMKDAVE02VC001_02 | https://images.mcmworldwide.com/i/mcmworldwide/MMKDAVE02VC001_03 | https://images.mcmworldwide.com/i/mcmworldwide/MMKDAVE02VC001_04 | https://images.mcmworldwide.com/i/mcmworldwide/MMKDAVE02VC001_10 | https://images.mcmworldwide.com/i/mcmworldwide/MMKDAVE02VC001_11 | https://images.mcmworldwide.com/i/mcmworldwide/MMKDAVE02VC001_01,https://kr.mcmworldwide.com/ko_KR/%ED%8A%B8%EB%9E%98%EB%B8%94/%EB%AA%A8%EB%91%90%EB%B3%B4%EA%B8%B0/stark-%EB%A7%A5%EC%8B%9C-%EB%AA%A8%EB%85%B8%EA%B7%B8%EB%9E%A8-%EB%A0%88%EB%8D%94-%EB%B0%B1%ED%8C%A9/MMKDAVE02VC001.html?cgid=travel-all-travel
MMVGSTT03BK001,Ottomar 비세토스 가먼트 백,,Ottomar,레더 커버 락과 천연 가죽 트림이 더해진 비세토스 모노그램 캔버스 가먼트 백,"시그니처 비세토스 캔버스로 완성된 가먼트 백으로, 트윈으로 구성된 지퍼 수납공간을 통해 효율적인 정리와 보관이 가능합니다. 카우하이드 레더 디테일이 고급스러움을 더하며, 후면 외부 트롤리 슬리브로 여행 가방과 연결해 편리하게 휴대할 수 있습니다.",비세토스 모노그램 캔버스,코튼 안감,약 20 x 45 x 31 센티미터,이탈리아,black,M,품절,"탈부착이 가능하며 길이 조절이 가능한 헤링본 웨빙 스트랩 | 가죽 핸들 | 뒷면 외부 트롤리 슬리브 | 앞면 및 뒷면 지퍼 수납공간 | 내부 스트랩 잠금 장치 | 바디:비세토스 모노그램 캔버스 | 트림:천연 가죽 | 다크 메탈 하드웨어 | 코튼 안감 | 약 20 x 45 x 31 센티미터 | 스트랩 길이: 120 cm - 131 cm , 핸들 드롭: 15 cm | 제조국: 이탈리아",https://images.mcmworldwide.com/i/mcmworldwide/MMVGSTT03BK001_01 | https://images.mcmworldwide.com/i/mcmworldwide/MMVGSTT03BK001_09 | https://images.mcmworldwide.com/i/mcmworldwide/MMVGSTT03BK001_02 | https://images.mcmworldwide.com/i/mcmworldwide/MMVGSTT03BK001_03 | https://images.mcmworldwide.com/i/mcmworldwide/MMVGSTT03BK001_04 | https://images.mcmworldwide.com/i/mcmworldwide/MMVGSTT03BK001_05 | https://images.mcmworldwide.com/i/mcmworldwide/MMVGSTT03BK001_10 | https://images.mcmworldwide.com/i/mcmworldwide/MMVGSTT03BK001_11 | https://images.mcmworldwide.com/i/mcmworldwide/MMVGSTT03BK001_01 | https://images.mcmworldwide.com/i/mcmworldwide/MMVGSTT03BK001_09 | https://images.mcmworldwide.com/i/mcmworldwide/MMVGSTT03BK001_02 | https://images.mcmworldwide.com/i/mcmworldwide/MMVGSTT03BK001_03 | https://images.mcmworldwide.com/i/mcmworldwide/MMVGSTT03BK001_04 | https://images.mcmworldwide.com/i/mcmworldwide/MMVGSTT03BK001_05 | https://images.mcmworldwide.com/i/mcmworldwide/MMVGSTT03BK001_10 | https://images.mcmworldwide.com/i/mcmworldwide/MMVGSTT03BK001_11 | https://images.mcmworldwide.com/i/mcmworldwide/MMVGSTT03BK001_01,https://kr.mcmworldwide.com/ko_KR/%ED%8A%B8%EB%9E%98%EB%B8%94/%EB%AA%A8%EB%91%90%EB%B3%B4%EA%B8%B0/ottomar-%EB%B9%84%EC%84%B8%ED%86%A0%EC%8A%A4-%EA%B0%80%EB%A8%BC%ED%8A%B8-%EB%B0%B1/MMVGSTT03BK001.html?cgid=travel-all-travel
MXZESTT03BK001,Ottomar 비세토스 트래블 케이스,,Ottomar,뮌헨에서 탄생한 하우스의 제트 세터 헤리티지를 구현한 모노그램 트래블 케이스입니다.,여행 필수 아이템과 서류 및 기기를 수납할 수 있도록 정교하게 제작했습니다. 천연 나파 가죽 액센트와 마이크로파이버 스웨이드 소재의 내부로 세련된 아이템을 완성했습니다.,비세토스 모노그램 캔버스,스웨이드 마감 마이크로파이버 안감,약 20 x 30 x 10 센티미터,대한민국,black,M,품절,양방향 지퍼 클로저 | 바디: 비세토스 모노그램 캔버스 | 트림: 천연 나파 가죽 | 앤틱 실버톤 금속 장식 | 스웨이드 마감 마이크로파이버 안감 | 약 20 x 30 x 10 센티미터 | 제조국: 대한민국,https://images.mcmworldwide.com/i/mcmworldwide/MXZESTT03BK001_01 | https://images.mcmworldwide.com/i/mcmworldwide/MXZESTT03BK001_02 | https://images.mcmworldwide.com/i/mcmworldwide/MXZESTT03BK001_03 | https://images.mcmworldwide.com/i/mcmworldwide/MXZESTT03BK001_04 | https://images.mcmworldwide.com/i/mcmworldwide/MXZESTT03BK001_01 | https://images.mcmworldwide.com/i/mcmworldwide/MXZESTT03BK001_02 | https://images.mcmworldwide.com/i/mcmworldwide/MXZESTT03BK001_03 | https://images.mcmworldwide.com/i/mcmworldwide/MXZESTT03BK001_04 | https://images.mcmworldwide.com/i/mcmworldwide/MXZESTT03BK001_01,https://kr.mcmworldwide.com/ko_KR/%ED%8A%B8%EB%9E%98%EB%B8%94/%EB%AA%A8%EB%91%90%EB%B3%B4%EA%B8%B0/ottomar-%EB%B9%84%EC%84%B8%ED%86%A0%EC%8A%A4-%ED%8A%B8%EB%9E%98%EB%B8%94-%EC%BC%80%EC%9D%B4%EC%8A%A4/MXZESTT03BK001.html?cgid=travel-all-travel
MXZESTT02BK001,Ottomar 비세토스 트래블 케이스,,Ottomar,뮌헨에서 탄생한 하우스의 제트 세터 헤리티지를 구현한 모노그램 트래블 케이스입니다.,여행 필수 아이템과 서류를 수납할 수 있도록 정교하게 제작했습니다. 천연 나파 가죽 액센트와 마이크로파이버 스웨이드 소재의 내부로 세련된 아이템을 완성했습니다.,비세토스 모노그램 캔버스,스웨이드 마감 마이크로파이버 안감,약 15 x 20 x 10 센티미터,대한민국,black,S,품절,양방향 지퍼 클로저 | 바디: 비세토스 모노그램 캔버스 | 트림: 천연 나파 가죽 | 앤틱 실버톤 금속 장식 | 스웨이드 마감 마이크로파이버 안감 | 약 15 x 20 x 10 센티미터 | 제조국: 대한민국,https://images.mcmworldwide.com/i/mcmworldwide/MXZESTT02BK001_01 | https://images.mcmworldwide.com/i/mcmworldwide/MXZESTT02BK001_02 | https://images.mcmworldwide.com/i/mcmworldwide/MXZESTT02BK001_03 | https://images.mcmworldwide.com/i/mcmworldwide/MXZESTT02BK001_04 | https://images.mcmworldwide.com/i/mcmworldwide/MXZESTT02BK001_01 | https://images.mcmworldwide.com/i/mcmworldwide/MXZESTT02BK001_02 | https://images.mcmworldwide.com/i/mcmworldwide/MXZESTT02BK001_03 | https://images.mcmworldwide.com/i/mcmworldwide/MXZESTT02BK001_04 | https://images.mcmworldwide.com/i/mcmworldwide/MXZESTT02BK001_01,https://kr.mcmworldwide.com/ko_KR/%ED%8A%B8%EB%9E%98%EB%B8%94/%EB%AA%A8%EB%91%90%EB%B3%B4%EA%B8%B0/ottomar-%EB%B9%84%EC%84%B8%ED%86%A0%EC%8A%A4-%ED%8A%B8%EB%9E%98%EB%B8%94-%EC%BC%80%EC%9D%B4%EC%8A%A4/MXZESTT02BK001.html?cgid=travel-all-travel
MMVGATT01CO001,Ottomar 비세토스 위켄더,,Ottomar,나파 가죽 트림이 더해진 비세토스 모노그램 캔버스 위켄더 백,"여행을 위한 아이코닉한 동반자를 완벽한 기내용 사이즈로 재해석한 Ottomar 스몰 위켄더 백. 클래식 비세토스 소재로 완성되었으며, 가죽 행 태그와 키가 포함된 가죽 커버 메탈 패드락 디테일이 돋보입니다.",비세토스 모노그램 캔버스,스웨이드 마감의 극세사 안감,약 17 x 41 x 26 센티미터,대한민국,cognac,41cm / 16.14인치,품절,"72 cm to 127 cm strap length, Handle drop: 12 cm | 탈부착이 가능하며 길이 조절이 가능한 위빙 스트랩 | 가죽 탑 핸들 | 탈부착 가능한 가죽 러기지 태그와 가죽 커버가 더해진 열쇠가 있는 패드락 | 뒷면 외부 가죽 트롤리 슬리브 | 로고 브라스 플레이트 | 양방향 확장형 지퍼 클로저 | 내부 포켓과 지퍼 포켓 | Protective metal feet | 바디:비세토스 모노그램 캔버스 | 트림: 나파 가죽 | 24K 골드 도금 브라스 하드웨어 | 스웨이드 마감의 극세사 안감 | 약 17 x 41 x 26 센티미터 | 스트랩 길이: 72cm - 127cm, 핸들 길이 12cm | 제조국: 대한민국",https://images.mcmworldwide.com/i/mcmworldwide/MMVGATT01CO001_01 | https://images.mcmworldwide.com/i/mcmworldwide/MMVGATT01CO001_09 | https://images.mcmworldwide.com/i/mcmworldwide/MMVGATT01CO001_02 | https://images.mcmworldwide.com/i/mcmworldwide/MMVGATT01CO001_03 | https://images.mcmworldwide.com/i/mcmworldwide/MMVGATT01CO001_04 | https://images.mcmworldwide.com/i/mcmworldwide/MMVGATT01CO001_05 | https://images.mcmworldwide.com/i/mcmworldwide/MMVGATT01CO001_10 | https://images.mcmworldwide.com/i/mcmworldwide/MMVGATT01CO001_11 | https://images.mcmworldwide.com/i/mcmworldwide/MMVGATT01CO001_01 | https://images.mcmworldwide.com/i/mcmworldwide/MMVGATT01CO001_09 | https://images.mcmworldwide.com/i/mcmworldwide/MMVGATT01CO001_02 | https://images.mcmworldwide.com/i/mcmworldwide/MMVGATT01CO001_03 | https://images.mcmworldwide.com/i/mcmworldwide/MMVGATT01CO001_04 | https://images.mcmworldwide.com/i/mcmworldwide/MMVGATT01CO001_05 | https://images.mcmworldwide.com/i/mcmworldwide/MMVGATT01CO001_10 | https://images.mcmworldwide.com/i/mcmworldwide/MMVGATT01CO001_11 | https://images.mcmworldwide.com/i/mcmworldwide/MMVGATT01CO001_01,https://kr.mcmworldwide.com/ko_KR/%ED%8A%B8%EB%9E%98%EB%B8%94/%EB%AA%A8%EB%91%90%EB%B3%B4%EA%B8%B0/ottomar-%EB%B9%84%EC%84%B8%ED%86%A0%EC%8A%A4-%EC%9C%84%EC%BC%84%EB%8D%94/MMVGATT01CO001.html?cgid=travel-all-travel
MXZESTT03CO001,Ottomar 비세토스 트래블 케이스,,Ottomar,하우스의 제트세터 DNA를 담은 모노그램 트래블 케이스입니다.,장인의 솜씨로 제작된 클래식 코냑 비세토스 액세서리에 여행 필수 아이템과 서류 및 전자기기를 보관할 수 있습니다. 천연 나파 가죽으로 포인트를 더했으며 도금 금속 장식으로 고급스러움을 더했습니다.,비세토스 모노그램 캔버스,스웨이드 마감 마이크로파이버 안감,약 20 x 30 x 10 센티미터,대한민국,cognac,M,품절,양방향 지퍼 클로저 | 바디: 비세토스 모노그램 캔버스 | 트림: 나파 가죽 | 24K 도금 브라스 금속 장식 | 스웨이드 마감 마이크로파이버 안감 | 약 20 x 30 x 10 센티미터 | 제조국: 대한민국,https://images.mcmworldwide.com/i/mcmworldwide/MXZESTT03CO001_01 | https://images.mcmworldwide.com/i/mcmworldwide/MXZESTT03CO001_02 | https://images.mcmworldwide.com/i/mcmworldwide/MXZESTT03CO001_03 | https://images.mcmworldwide.com/i/mcmworldwide/MXZESTT03CO001_04 | https://images.mcmworldwide.com/i/mcmworldwide/MXZESTT03CO001_01 | https://images.mcmworldwide.com/i/mcmworldwide/MXZESTT03CO001_02 | https://images.mcmworldwide.com/i/mcmworldwide/MXZESTT03CO001_03 | https://images.mcmworldwide.com/i/mcmworldwide/MXZESTT03CO001_04 | https://images.mcmworldwide.com/i/mcmworldwide/MXZESTT03CO001_01,https://kr.mcmworldwide.com/ko_KR/%ED%8A%B8%EB%9E%98%EB%B8%94/%EB%AA%A8%EB%91%90%EB%B3%B4%EA%B8%B0/ottomar-%EB%B9%84%EC%84%B8%ED%86%A0%EC%8A%A4-%ED%8A%B8%EB%9E%98%EB%B8%94-%EC%BC%80%EC%9D%B4%EC%8A%A4/MXZESTT03CO001.html?cgid=travel-all-travel
MXZESTT02CO001,Ottomar 비세토스 트래블 케이스,,Ottomar,하우스의 제트세터 DNA를 담은 모노그램 트래블 케이스입니다.,장인의 솜씨로 제작된 클래식 코냑 액세서리에 여행 필수 아이템을 보관할 수 있습니다. 천연 나파 가죽으로 포인트를 더했으며 도금 금속 장식으로 고급스러움을 더했습니다.,비세토스 모노그램 캔버스,스웨이드 마감 마이크로파이버 안감,약 15 x 20 x 10 센티미터,대한민국,cognac,S,품절,양방향 지퍼 클로저 | 바디: 비세토스 모노그램 캔버스 | 트림: 나파 가죽 | 24K 도금 브라스 금속 장식 | 스웨이드 마감 마이크로파이버 안감 | 약 15 x 20 x 10 센티미터 | 제조국: 대한민국,https://images.mcmworldwide.com/i/mcmworldwide/MXZESTT02CO001_01 | https://images.mcmworldwide.com/i/mcmworldwide/MXZESTT02CO001_02 | https://images.mcmworldwide.com/i/mcmworldwide/MXZESTT02CO001_03 | https://images.mcmworldwide.com/i/mcmworldwide/MXZESTT02CO001_04 | https://images.mcmworldwide.com/i/mcmworldwide/MXZESTT02CO001_01 | https://images.mcmworldwide.com/i/mcmworldwide/MXZESTT02CO001_02 | https://images.mcmworldwide.com/i/mcmworldwide/MXZESTT02CO001_03 | https://images.mcmworldwide.com/i/mcmworldwide/MXZESTT02CO001_04 | https://images.mcmworldwide.com/i/mcmworldwide/MXZESTT02CO001_01,https://kr.mcmworldwide.com/ko_KR/%ED%8A%B8%EB%9E%98%EB%B8%94/%EB%AA%A8%EB%91%90%EB%B3%B4%EA%B8%B0/ottomar-%EB%B9%84%EC%84%B8%ED%86%A0%EC%8A%A4-%ED%8A%B8%EB%9E%98%EB%B8%94-%EC%BC%80%EC%9D%B4%EC%8A%A4/MXZESTT02CO001.html?cgid=travel-all-travel
MMVAAVY02BK001,Ottomar 비세토스 위켄더,,Ottomar,MCM의 숙련된 캐리어 수공예 전통에 기반한 이 위켄더는 근처에 운동하러 가거나 멀리 여행을 떠날 때에도 편리하게 사용할 수 있는 크기로 디자인되었습니다.,내구성이 뛰어난 여행의 동반자로 비세토스 모노그램 캔버스와 버터처럼 부드러운 나파 가죽으로 정교하게 제작된 라지 Ottomar 위켄더 백입니다. 부드러운 프리미엄 코튼 트윌 라이닝을 사용한 넉넉한 내부에 귀중품을 보관할 수 있습니다. 가죽 커버 행택과 열쇠가 달린 금속 자물쇠 등 장인의 손길이 제트세터를 위한 기능성과 어우러집니다.,비세토스 모노그램 캔버스,코튼 트윌 안감.,약 23 x 51 x 29 센티미터,대한민국,black,50.5cm / 19.9인치,품절,"탈부착 및 길이 조절 가능한 패브릭 웨빙 스트랩 | 가죽 손잡이 부분 | 앞면의 로고 브라스 플레이트 | TSA 잠금장치 | 양방향 확장 지퍼 클로저 | 내부 슬립 포켓 및 지퍼 수납공간 | 뒷면의 외부 캐리어 슬리브 | 보호용 메탈 바닥 받침. | 폴더블 디자인 | 바디: 비세토스 모노그램 캔버스 | 트림: 천연 가죽 | 다크 실버 톤 코발트 메탈 하드웨어. | 코튼 트윌 안감. | 약 23 x 51 x 29 센티미터 | 스트랩 길이: 75cm ~ 132cm, 핸들 드롭: 13.5cm | 제조국: 대한민국 | 보호용 메탈 피트",https://images.mcmworldwide.com/i/mcmworldwide/MMVAAVY02BK001_01 | https://images.mcmworldwide.com/i/mcmworldwide/MMVAAVY02BK001_09 | https://images.mcmworldwide.com/i/mcmworldwide/MMVAAVY02BK001_02 | https://images.mcmworldwide.com/i/mcmworldwide/MMVAAVY02BK001_03 | https://images.mcmworldwide.com/i/mcmworldwide/MMVAAVY02BK001_04 | https://images.mcmworldwide.com/i/mcmworldwide/MMVAAVY02BK001_10 | https://images.mcmworldwide.com/i/mcmworldwide/MMVAAVY02BK001_11 | https://images.mcmworldwide.com/i/mcmworldwide/MMVAAVY02BK001_01 | https://images.mcmworldwide.com/i/mcmworldwide/MMVAAVY02BK001_09 | https://images.mcmworldwide.com/i/mcmworldwide/MMVAAVY02BK001_02 | https://images.mcmworldwide.com/i/mcmworldwide/MMVAAVY02BK001_03 | https://images.mcmworldwide.com/i/mcmworldwide/MMVAAVY02BK001_04 | https://images.mcmworldwide.com/i/mcmworldwide/MMVAAVY02BK001_10 | https://images.mcmworldwide.com/i/mcmworldwide/MMVAAVY02BK001_11 | https://images.mcmworldwide.com/i/mcmworldwide/MMVAAVY02BK001_01,https://kr.mcmworldwide.com/ko_KR/%ED%8A%B8%EB%9E%98%EB%B8%94/%EB%AA%A8%EB%91%90%EB%B3%B4%EA%B8%B0/ottomar-%EB%B9%84%EC%84%B8%ED%86%A0%EC%8A%A4-%EC%9C%84%EC%BC%84%EB%8D%94/MMVAAVY02BK001.html?cgid=travel-all-travel
MMVGATT01BK001,Ottomar 비세토스 위켄더,,Ottomar,나파 가죽 트림이 더해진 비세토스 모노그램 캔버스 위켄더 백,"여행을 위한 아이코닉한 동반자를 완벽한 기내용 사이즈로 재해석한 Ottomar 스몰 위켄더 백. 클래식 비세토스 소재로 완성되었으며, 가죽 행 태그와 키가 포함된 가죽 커버 메탈 패드락 디테일이 돋보입니다.",비세토스 모노그램 캔버스,스웨이드 마감의 극세사 안감,약 17 x 41 x 26 센티미터,대한민국,black,41cm / 16.14인치,품절,"탈부착이 가능하며 길이 조절이 가능한 위빙 스트랩 | 가죽 탑 핸들 | 탈부착 가능한 가죽 러기지 태그와 가죽 커버가 더해진 열쇠가 있는 패드락 | 뒷면 외부 가죽 트롤리 슬리브 | 로고 브라스 플레이트 | 양방향 확장형 지퍼 클로저 | 내부 포켓과 지퍼 포켓 | Protective metal feet | 바디:비세토스 모노그램 캔버스 | 트림: 나파 가죽 | 다크 메탈 하드웨어 | 스웨이드 마감의 극세사 안감 | 약 17 x 41 x 26 센티미터 | 스트랩 길이: 72cm - 127cm, 핸들 길이 12cm | 제조국: 대한민국",https://images.mcmworldwide.com/i/mcmworldwide/MMVGATT01BK001_01 | https://images.mcmworldwide.com/i/mcmworldwide/MMVGATT01BK001_09 | https://images.mcmworldwide.com/i/mcmworldwide/MMVGATT01BK001_02 | https://images.mcmworldwide.com/i/mcmworldwide/MMVGATT01BK001_03 | https://images.mcmworldwide.com/i/mcmworldwide/MMVGATT01BK001_04 | https://images.mcmworldwide.com/i/mcmworldwide/MMVGATT01BK001_05 | https://images.mcmworldwide.com/i/mcmworldwide/MMVGATT01BK001_10 | https://images.mcmworldwide.com/i/mcmworldwide/MMVGATT01BK001_01 | https://images.mcmworldwide.com/i/mcmworldwide/MMVGATT01BK001_09 | https://images.mcmworldwide.com/i/mcmworldwide/MMVGATT01BK001_02 | https://images.mcmworldwide.com/i/mcmworldwide/MMVGATT01BK001_03 | https://images.mcmworldwide.com/i/mcmworldwide/MMVGATT01BK001_04 | https://images.mcmworldwide.com/i/mcmworldwide/MMVGATT01BK001_05 | https://images.mcmworldwide.com/i/mcmworldwide/MMVGATT01BK001_10 | https://images.mcmworldwide.com/i/mcmworldwide/MMVGATT01BK001_01,https://kr.mcmworldwide.com/ko_KR/%ED%8A%B8%EB%9E%98%EB%B8%94/%EB%AA%A8%EB%91%90%EB%B3%B4%EA%B8%B0/ottomar-%EB%B9%84%EC%84%B8%ED%86%A0%EC%8A%A4-%EC%9C%84%EC%BC%84%EB%8D%94/MMVGATT01BK001.html?cgid=travel-all-travel
MXVFATT01BK001,Ottomar 비세토스 여권 지갑,,Ottomar,천연 가죽 트리밍이 더해진 비세토스 모노그램 캔버스 여권 지갑,"모던 글로벌 노마드를 위해 제작된 Ottomar 여권 케이스. 뮌헨 하우스의 제트셋 라이프스타일을 완벽하게 담고 있습니다. 부드러운 가죽으로 제작된 내부는 여행 서류와 화폐, 카드를 효율적으로 수납할 수 있는 공간을 제공합니다.",비세토스 모노그램 캔버스,패브릭 안감(카드 슬롯),약 2 x 10 x 15 센티미터,대한민국,black,프리 사이즈,품절,패스포트 슬리브 | 카드 슬롯 | 지퍼 수납 공간 | 지폐 수납 공간 | 내부 포켓 | 바디:비세토스 모노그램 캔버스 | 트림:천연 가죽 | 실버톤 코발트 브라스 하드웨어 | 패브릭 안감(카드 슬롯) | 약 2 x 10 x 15 센티미터 | 제조국: 대한민국,https://images.mcmworldwide.com/i/mcmworldwide/MXVFATT01BK001_01 | https://images.mcmworldwide.com/i/mcmworldwide/MXVFATT01BK001_03 | https://images.mcmworldwide.com/i/mcmworldwide/MXVFATT01BK001_04 | https://images.mcmworldwide.com/i/mcmworldwide/MXVFATT01BK001_01 | https://images.mcmworldwide.com/i/mcmworldwide/MXVFATT01BK001_03 | https://images.mcmworldwide.com/i/mcmworldwide/MXVFATT01BK001_04,https://kr.mcmworldwide.com/ko_KR/%ED%8A%B8%EB%9E%98%EB%B8%94/%EB%AA%A8%EB%91%90%EB%B3%B4%EA%B8%B0/ottomar-%EB%B9%84%EC%84%B8%ED%86%A0%EC%8A%A4-%EC%97%AC%EA%B6%8C-%EC%A7%80%EA%B0%91/MXVFATT01BK001.html?cgid=travel-all-travel
MXVFATT02BK001,Ottomar 맥시 모노그램 레더 여권 케이스,,Ottomar,엠보싱 처리된 맥시 모노그램 모티프가 돋보이는 내추럴 그레인 가죽 여권 케이스,"하우스가 추구하는 여행 정신을 담아낸 맥시 모노그램이 엠보싱 처리된 풀그레인 가죽 여권 지갑. 현대의 글로벌 노마드를 위해 실용적인 접이식 디자인으로 제작되었으며, 여권을 비롯한 여행 서류, 현금, 카드 등 필수 아이템을 넉넉하게 수납할 수 있는 구조로 구성되어 있습니다.",풀 그레인 가죽,패브릭 안감,약 2 x 11 x 15 센티미터,대한민국,black,프리 사이즈,품절,엠보싱된 맥시 모노그램 디테일 | 여권 수납공간 | 4개의 카드 슬롯 | 지퍼 수납공간 | 지폐 수납공간 | 내부 측면 포켓 | 바디: 풀 그레인 가죽 | 트림: 천연 나파 가죽 | 다크 실버톤 코발트 메탈 하드웨어 | 패브릭 안감 | 약 2 x 11 x 15 센티미터 | 제조국: 대한민국,https://images.mcmworldwide.com/i/mcmworldwide/MXVFATT02BK001_01 | https://images.mcmworldwide.com/i/mcmworldwide/MXVFATT02BK001_03 | https://images.mcmworldwide.com/i/mcmworldwide/MXVFATT02BK001_04 | https://images.mcmworldwide.com/i/mcmworldwide/MXVFATT02BK001_01 | https://images.mcmworldwide.com/i/mcmworldwide/MXVFATT02BK001_03 | https://images.mcmworldwide.com/i/mcmworldwide/MXVFATT02BK001_04,https://kr.mcmworldwide.com/ko_KR/%ED%8A%B8%EB%9E%98%EB%B8%94/%EB%AA%A8%EB%91%90%EB%B3%B4%EA%B8%B0/ottomar-%EB%A7%A5%EC%8B%9C-%EB%AA%A8%EB%85%B8%EA%B7%B8%EB%9E%A8-%EB%A0%88%EB%8D%94-%EC%97%AC%EA%B6%8C-%EC%BC%80%EC%9D%B4%EC%8A%A4/MXVFATT02BK001.html?cgid=travel-all-travel
MWPEATA02CO001,Leni 비세토스 쇼퍼,,비세토스,앞면 플랩 수납공간과 천연 나파 가죽 트림이 돋보이는 비세토스 캐리올 쇼퍼,"클래식한 우아함과 현대적인 감성을 조화롭게 담아낸 Leni 쇼퍼백은, 당당하고 아름다운 현대 여성의 삶을 디자인에 녹여냈습니다. 시그니처인 캔버스와 천연 가죽 소재를 사용하여 정교하게 제작되었으며, 뮌헨의 바이에른 다이아몬드에서 영감을 받은 전면의 두 개 수납공간은 독창적인 포인트를 더합니다.",비세토스 모노그램 캔버스,코튼 캔버스 안감.,약 16 x 34 x 36 센티미터,대한민국,cognac,X라지,품절,고리 클로저 | 앞면 플랩 포켓 2개 | 참고: 마마 파우치 별도 판매 | 바디: 비세토스 모노그램 캔버스 | 트림: 천연 나파 가죽 | 24K 도금 브라스 금속 장식 | 코튼 캔버스 안감. | 약 16 x 34 x 36 센티미터 | 핸들 드롭: 25cm. | 제조국: 대한민국,https://images.mcmworldwide.com/i/mcmworldwide/MWPEATA02CO001_01 | https://images.mcmworldwide.com/i/mcmworldwide/MWPEATA02CO001_09 | https://images.mcmworldwide.com/i/mcmworldwide/MWPEATA02CO001_02 | https://images.mcmworldwide.com/i/mcmworldwide/MWPEATA02CO001_03 | https://images.mcmworldwide.com/i/mcmworldwide/MWPEATA02CO001_04 | https://images.mcmworldwide.com/i/mcmworldwide/MWPEATA02CO001_10 | https://images.mcmworldwide.com/i/mcmworldwide/MWPEATA02CO001_01 | https://images.mcmworldwide.com/i/mcmworldwide/MWPEATA02CO001_09 | https://images.mcmworldwide.com/i/mcmworldwide/MWPEATA02CO001_02 | https://images.mcmworldwide.com/i/mcmworldwide/MWPEATA02CO001_03 | https://images.mcmworldwide.com/i/mcmworldwide/MWPEATA02CO001_04 | https://images.mcmworldwide.com/i/mcmworldwide/MWPEATA02CO001_10 | https://images.mcmworldwide.com/i/mcmworldwide/MWPEATA02CO001_01,https://kr.mcmworldwide.com/ko_KR/%ED%8A%B8%EB%9E%98%EB%B8%94/%EB%AA%A8%EB%91%90%EB%B3%B4%EA%B8%B0/leni-%EB%B9%84%EC%84%B8%ED%86%A0%EC%8A%A4-%EC%87%BC%ED%8D%BC/MWPEATA02CO001.html?cgid=travel-all-travel
MXZFSTT04CO001,Ottomar 비세토스 트래블 파우치,,Ottomar,가죽 손목 스트랩과 천연 나파 가죽 트림이 돋보이는 비세토스 모노그램 트래블 파우치,"여행 관련 아이템을 세련되게 휴대할 수 있는 Ottomar 파우치는 여권, 스마트폰 및 필수 서류에 이상적입니다. 시그니처 비세토스와 천연 나파 가죽으로 제작된 이 미니 동반자는 큰 사이즈의 백 안에 넣거나 함께 제공되는 가죽 스트랩을 이용해 핸즈프리로 착용할 수 있습니다.",비세토스 모노그램 캔버스,패브릭 안감.,약 2 x 18 x 12 센티미터,대한민국,cognac,미니,품절,탈부착 가능한 가죽 손목 손잡이 스트랩 | 지퍼 클로저 | 내부 카드 슬롯 | 바디: 비세토스 모노그램 캔버스 | 트림: 천연 나파 가죽 | 24K 도금 브라스 금속 장식 | 패브릭 안감. | 약 2 x 18 x 12 센티미터 | 스트랩 길이: 22cm | 제조국: 대한민국,https://images.mcmworldwide.com/i/mcmworldwide/MXZFSTT04CO001_01 | https://images.mcmworldwide.com/i/mcmworldwide/MXZFSTT04CO001_03 | https://images.mcmworldwide.com/i/mcmworldwide/MXZFSTT04CO001_04 | https://images.mcmworldwide.com/i/mcmworldwide/MXZFSTT04CO001_01 | https://images.mcmworldwide.com/i/mcmworldwide/MXZFSTT04CO001_03 | https://images.mcmworldwide.com/i/mcmworldwide/MXZFSTT04CO001_04,https://kr.mcmworldwide.com/ko_KR/%ED%8A%B8%EB%9E%98%EB%B8%94/%EB%AA%A8%EB%91%90%EB%B3%B4%EA%B8%B0/ottomar-%EB%B9%84%EC%84%B8%ED%86%A0%EC%8A%A4-%ED%8A%B8%EB%9E%98%EB%B8%94-%ED%8C%8C%EC%9A%B0%EC%B9%98/MXZFSTT04CO001.html?cgid=travel-all-travel
MXZFSTT03CO001,Ottomar 비세토스 트래블 파우치,,Ottomar,천연 나파 가죽 트림이 돋보이는 비세토스 모노그램 크로스바디 트래블 파우치,"여행 관련 아이템을 세련되게 휴대할 수 있는 Ottomar 파우치는 여권, 스마트폰 및 필수 서류에 이상적입니다. 시그니처 비세토스와 천연 나파 가죽으로 제작된 이 코냑 컬러의 동반자는 큰 사이즈의 백 안에 넣거나 함께 제공되는 가죽 스트랩을 이용해 핸즈프리로 착용할 수 있습니다.",비세토스 모노그램 캔버스,패브릭 안감.,약 2 x 22 x 13 센티미터,대한민국,cognac,S,품절,"탈부착 가능한 가죽 스트랩 | 지퍼 클로저 | 내부 포켓, 카드 슬롯 및 지퍼 수납공간 | 바디: 비세토스 모노그램 캔버스 | 트림: 천연 나파 가죽 | 24K 도금 브라스 금속 장식 | 패브릭 안감. | 약 2 x 22 x 13 센티미터 | 스트랩 드롭: 55cm. | 제조국: 대한민국",https://images.mcmworldwide.com/i/mcmworldwide/MXZFSTT03CO001_01 | https://images.mcmworldwide.com/i/mcmworldwide/MXZFSTT03CO001_09 | https://images.mcmworldwide.com/i/mcmworldwide/MXZFSTT03CO001_03 | https://images.mcmworldwide.com/i/mcmworldwide/MXZFSTT03CO001_04 | https://images.mcmworldwide.com/i/mcmworldwide/MXZFSTT03CO001_10 | https://images.mcmworldwide.com/i/mcmworldwide/MXZFSTT03CO001_11 | https://images.mcmworldwide.com/i/mcmworldwide/MXZFSTT03CO001_01 | https://images.mcmworldwide.com/i/mcmworldwide/MXZFSTT03CO001_09 | https://images.mcmworldwide.com/i/mcmworldwide/MXZFSTT03CO001_03 | https://images.mcmworldwide.com/i/mcmworldwide/MXZFSTT03CO001_04 | https://images.mcmworldwide.com/i/mcmworldwide/MXZFSTT03CO001_10 | https://images.mcmworldwide.com/i/mcmworldwide/MXZFSTT03CO001_11,https://kr.mcmworldwide.com/ko_KR/%ED%8A%B8%EB%9E%98%EB%B8%94/%EB%AA%A8%EB%91%90%EB%B3%B4%EA%B8%B0/ottomar-%EB%B9%84%EC%84%B8%ED%86%A0%EC%8A%A4-%ED%8A%B8%EB%9E%98%EB%B8%94-%ED%8C%8C%EC%9A%B0%EC%B9%98/MXZFSTT03CO001.html?cgid=travel-all-travel
MEZGSMM03PZ001,비세토스 수트케이스,,비세토스,시간이 지나도 변치 않는 장인정신이 깃든 러기지,"1970년대 뮌헨 문화 르네상스에서 영감을 받은 핑크 비세토스 라지 하드사이드 수트케이스는 독일 여행 문화의 세련된 감성을 담아냅니다. 이탈리아 가죽 프레임으로 완성된 조형적인 디자인과 패브릭으로 마감한 깔끔한 내부, 16K 금 도금 클로저가 조화를 이루며 품격 있는 여행을 선사합니다.",비세토스 모노그램 캔버스,패브릭 안감,약 75 x 25 x 47 센티미터,이탈리아,soft pink,L,품절,가죽 핸들 | 탈부착 가능한 가죽 행 태그와 가죽 커버가 더해진 키 | 잠금장치 및 래치 클로저 | 가죽으로 마감한 코너 | 내부 포켓 | 내부 가죽 스트랩 잠금 장치 | 가방 바닥 보호에 도움을 주는 메탈 피트 | 바디:비세토스 모노그램 캔버스 | 트림: 이탈리아 레더 | 16K 골드 도금 메탈 하드웨어 | 패브릭 안감 | 약 75 x 25 x 47 센티미터 | 핸들 드롭: 6 cm | 제조국: 이탈리아,https://images.mcmworldwide.com/i/mcmworldwide/MEZGSMM03PZ001_01 | https://images.mcmworldwide.com/i/mcmworldwide/MEZGSMM03PZ001_02 | https://images.mcmworldwide.com/i/mcmworldwide/MEZGSMM03PZ001_03 | https://images.mcmworldwide.com/i/mcmworldwide/MEZGSMM03PZ001_04 | https://images.mcmworldwide.com/i/mcmworldwide/MEZGSMM03PZ001_05 | https://images.mcmworldwide.com/i/mcmworldwide/MEZGSMM03PZ001_01 | https://images.mcmworldwide.com/i/mcmworldwide/MEZGSMM03PZ001_02 | https://images.mcmworldwide.com/i/mcmworldwide/MEZGSMM03PZ001_03 | https://images.mcmworldwide.com/i/mcmworldwide/MEZGSMM03PZ001_04 | https://images.mcmworldwide.com/i/mcmworldwide/MEZGSMM03PZ001_05 | https://images.mcmworldwide.com/i/mcmworldwide/MEZGSMM03PZ001_01,https://kr.mcmworldwide.com/ko_KR/%ED%8A%B8%EB%9E%98%EB%B8%94/%EB%AA%A8%EB%91%90%EB%B3%B4%EA%B8%B0/%EB%B9%84%EC%84%B8%ED%86%A0%EC%8A%A4-%EC%88%98%ED%8A%B8%EC%BC%80%EC%9D%B4%EC%8A%A4/MEZGSMM03PZ001.html?cgid=travel-all-travel
MEZGSMM04PZ001,비세토스 수트케이스,,비세토스,시간이 지나도 변치 않는 장인정신이 깃든 러기지,"1970년대 뮌헨 문화 르네상스에서 탄생한 이 미디엄 사이즈 하드사이드 수트케이스는 당시 독일 여행 문화가 지닌 우아한 미적 감각을 현대적으로 재현합니다. 이탈리아 가죽으로 프레이밍된 실루엣과 패브릭으로 마감한 깔끔한 내부, 16K 금도금 클로저 디테일이 장인정신을 드러냅니다.",비세토스 모노그램 캔버스,패브릭 안감,약 65 x 22 x 45 센티미터,이탈리아,soft pink,M,품절,가죽 핸들 | 탈부착 가능한 가죽 행 태그와 가죽 커버가 더해진 키 | 잠금장치 및 래치 클로저 | 가죽으로 마감한 코너 | 내부 포켓 | 내부 가죽 스트랩 잠금 장치 | 가방 바닥 보호에 도움을 주는 메탈 피트 | 바디:비세토스 모노그램 캔버스 | 트림: 이탈리아 레더 | 16K 골드 도금 메탈 하드웨어 | 패브릭 안감 | 약 65 x 22 x 45 센티미터 | 핸들 드롭: 6 cm | 제조국: 이탈리아,https://images.mcmworldwide.com/i/mcmworldwide/MEZGSMM04PZ001_01 | https://images.mcmworldwide.com/i/mcmworldwide/MEZGSMM04PZ001_09 | https://images.mcmworldwide.com/i/mcmworldwide/MEZGSMM04PZ001_02 | https://images.mcmworldwide.com/i/mcmworldwide/MEZGSMM04PZ001_03 | https://images.mcmworldwide.com/i/mcmworldwide/MEZGSMM04PZ001_04 | https://images.mcmworldwide.com/i/mcmworldwide/MEZGSMM04PZ001_05 | https://images.mcmworldwide.com/i/mcmworldwide/MEZGSMM04PZ001_01 | https://images.mcmworldwide.com/i/mcmworldwide/MEZGSMM04PZ001_09 | https://images.mcmworldwide.com/i/mcmworldwide/MEZGSMM04PZ001_02 | https://images.mcmworldwide.com/i/mcmworldwide/MEZGSMM04PZ001_03 | https://images.mcmworldwide.com/i/mcmworldwide/MEZGSMM04PZ001_04 | https://images.mcmworldwide.com/i/mcmworldwide/MEZGSMM04PZ001_05 | https://images.mcmworldwide.com/i/mcmworldwide/MEZGSMM04PZ001_01,https://kr.mcmworldwide.com/ko_KR/%ED%8A%B8%EB%9E%98%EB%B8%94/%EB%AA%A8%EB%91%90%EB%B3%B4%EA%B8%B0/%EB%B9%84%EC%84%B8%ED%86%A0%EC%8A%A4-%EC%88%98%ED%8A%B8%EC%BC%80%EC%9D%B4%EC%8A%A4/MEZGSMM04PZ001.html?cgid=travel-all-travel
MEZGSMM05PZ001,비세토스 수트케이스,,비세토스,시간이 지나도 변치 않는 장인정신이 깃든 러기지,"1970년대 뮌헨의 문화적 르네상스에서 영감을 받은 스몰 사이즈 하드사이드 수트케이스는 시대를 초월한 여행의 품격을 담아냅니다. 이탈리아 가죽 프레임과 조형적으로 완성된 바디, 16K 금도금 클로저로 마감하였으며 정돈된 내부가 특징입니다.",비세토스 모노그램 캔버스,패브릭 안감,약 55 x 20 x 42 센티미터,이탈리아,soft pink,S,품절,가죽 핸들 | 탈부착 가능한 가죽 행 태그와 가죽 커버가 더해진 키 | 잠금장치 및 래치 클로저 | 가죽으로 마감한 코너 | 내부 포켓 | 내부 가죽 스트랩 잠금 장치 | 가방 바닥 보호에 도움을 주는 메탈 피트 | 바디:비세토스 모노그램 캔버스 | 트림: 이탈리아 레더 | 16K 골드 도금 메탈 하드웨어 | 패브릭 안감 | 약 55 x 20 x 42 센티미터 | 핸들 드롭: 6 cm | 제조국: 이탈리아,https://images.mcmworldwide.com/i/mcmworldwide/MEZGSMM05PZ001_01 | https://images.mcmworldwide.com/i/mcmworldwide/MEZGSMM05PZ001_02 | https://images.mcmworldwide.com/i/mcmworldwide/MEZGSMM05PZ001_03 | https://images.mcmworldwide.com/i/mcmworldwide/MEZGSMM05PZ001_04 | https://images.mcmworldwide.com/i/mcmworldwide/MEZGSMM05PZ001_05 | https://images.mcmworldwide.com/i/mcmworldwide/MEZGSMM05PZ001_01 | https://images.mcmworldwide.com/i/mcmworldwide/MEZGSMM05PZ001_02 | https://images.mcmworldwide.com/i/mcmworldwide/MEZGSMM05PZ001_03 | https://images.mcmworldwide.com/i/mcmworldwide/MEZGSMM05PZ001_04 | https://images.mcmworldwide.com/i/mcmworldwide/MEZGSMM05PZ001_05 | https://images.mcmworldwide.com/i/mcmworldwide/MEZGSMM05PZ001_01,https://kr.mcmworldwide.com/ko_KR/%ED%8A%B8%EB%9E%98%EB%B8%94/%EB%AA%A8%EB%91%90%EB%B3%B4%EA%B8%B0/%EB%B9%84%EC%84%B8%ED%86%A0%EC%8A%A4-%EC%88%98%ED%8A%B8%EC%BC%80%EC%9D%B4%EC%8A%A4/MEZGSMM05PZ001.html?cgid=travel-all-travel
MEZGSMM06PZ001,비세토스 모자 박스,,비세토스,여행의 로망을 담아 장인정신으로 완성한 액세서리,하우스의 러기지 제작 노하우를 바탕으로 완성된 이 미디엄 모자 박스는 시대와 트렌드를 초월하는 디자인이 돋보입니다. 핑크 비세토스 캔버스로 정교하게 구현된 클래식 실루엣에 이탈리아 가죽 프레임과 16K 골드 도금 메탈 하드웨어를 더해 우아한 존재감을 선사합니다.,비세토스 모노그램 캔버스,패브릭 안감,약 35 x 20 x 32 센티미터,이탈리아,soft pink,M,품절,가죽 핸들 | 잠금장치 및 래치 클로저 | 내부 포켓 | 가방 바닥 보호에 도움을 주는 메탈 피트 | 바디:비세토스 모노그램 캔버스 | 트림: 이탈리아 레더 | 16K 골드 도금 메탈 하드웨어 | 패브릭 안감 | 약 35 x 20 x 32 센티미터 | 핸들 드롭: 8 cm | 제조국: 이탈리아,https://images.mcmworldwide.com/i/mcmworldwide/MEZGSMM06PZ001_01 | https://images.mcmworldwide.com/i/mcmworldwide/MEZGSMM06PZ001_09 | https://images.mcmworldwide.com/i/mcmworldwide/MEZGSMM06PZ001_02 | https://images.mcmworldwide.com/i/mcmworldwide/MEZGSMM06PZ001_03 | https://images.mcmworldwide.com/i/mcmworldwide/MEZGSMM06PZ001_04 | https://images.mcmworldwide.com/i/mcmworldwide/MEZGSMM06PZ001_05 | https://images.mcmworldwide.com/i/mcmworldwide/MEZGSMM06PZ001_01 | https://images.mcmworldwide.com/i/mcmworldwide/MEZGSMM06PZ001_09 | https://images.mcmworldwide.com/i/mcmworldwide/MEZGSMM06PZ001_02 | https://images.mcmworldwide.com/i/mcmworldwide/MEZGSMM06PZ001_03 | https://images.mcmworldwide.com/i/mcmworldwide/MEZGSMM06PZ001_04 | https://images.mcmworldwide.com/i/mcmworldwide/MEZGSMM06PZ001_05 | https://images.mcmworldwide.com/i/mcmworldwide/MEZGSMM06PZ001_01,https://kr.mcmworldwide.com/ko_KR/%ED%8A%B8%EB%9E%98%EB%B8%94/%EB%AA%A8%EB%91%90%EB%B3%B4%EA%B8%B0/%EB%B9%84%EC%84%B8%ED%86%A0%EC%8A%A4-%EB%AA%A8%EC%9E%90-%EB%B0%95%EC%8A%A4/MEZGSMM06PZ001.html?cgid=travel-all-travel
MEZDSMM04CO001,비세토스 모자 박스,,비세토스,여행의 로맨스를 구현한 빈티지풍 액세서리.,클래식 MCM 캐리어의 수공예 기술을 사용하여 시대와 트렌드를 초월한 액세서리를 완성했습니다. 소가죽으로 미니어처 모자 박스를 감싸고 비세토스 모노그램 캔버스와 24K 도금 메탈 금속 장식으로 장식했습니다. 유연한 핸들을 사용하여 핸드백으로 휴대하거나 어깨 스트랩을 부착하여 현대적인 핸즈프리 감각을 더할 수 있습니다.,,스웨이드 마감 마이크로파이버 안감,약 9 x 22 x 23 센티미터,이탈리아,cognac,미니,품절,"탈부착 가능 스트랩 | 가죽 손잡이 부분 | 내부 신축성 포켓 | 보호용 메탈 피트 | 비세토스 모노그램 캔버스 | 트림: 소가죽 | 24K 도금 메탈 잠금 장치와 금속 장식 | 스웨이드 마감 마이크로파이버 안감 | 약 9 x 22 x 23 센티미터 | 스트랩 길이: 124.5cm, 핸들 길이: 3.5cm | 제조국: 이탈리아",https://images.mcmworldwide.com/i/mcmworldwide/MEZDSMM04CO001_01 | https://images.mcmworldwide.com/i/mcmworldwide/MEZDSMM04CO001_09 | https://images.mcmworldwide.com/i/mcmworldwide/MEZDSMM04CO001_02 | https://images.mcmworldwide.com/i/mcmworldwide/MEZDSMM04CO001_03 | https://images.mcmworldwide.com/i/mcmworldwide/MEZDSMM04CO001_04 | https://images.mcmworldwide.com/i/mcmworldwide/MEZDSMM04CO001_10 | https://images.mcmworldwide.com/i/mcmworldwide/MEZDSMM04CO001_01 | https://images.mcmworldwide.com/i/mcmworldwide/MEZDSMM04CO001_09 | https://images.mcmworldwide.com/i/mcmworldwide/MEZDSMM04CO001_02 | https://images.mcmworldwide.com/i/mcmworldwide/MEZDSMM04CO001_03 | https://images.mcmworldwide.com/i/mcmworldwide/MEZDSMM04CO001_04 | https://images.mcmworldwide.com/i/mcmworldwide/MEZDSMM04CO001_10,https://kr.mcmworldwide.com/ko_KR/%ED%8A%B8%EB%9E%98%EB%B8%94/%EB%AA%A8%EB%91%90%EB%B3%B4%EA%B8%B0/%EB%B9%84%EC%84%B8%ED%86%A0%EC%8A%A4-%EB%AA%A8%EC%9E%90-%EB%B0%95%EC%8A%A4/MEZDSMM04CO001.html?cgid=travel-all-travel
MEZESMM05CO001,비세토스 수트케이스,,비세토스,시대를 초월한 캐리어 수공예 기술을 증명합니다.,70년대 뮌헨의 문화 전성기에 탄생하여 독일 역사에서 유명한 그 시기의 세련된 여행 감성을 구현한 라지 하드케이스 비세토스 수트케이스입니다. 소가죽으로 감싼 모서리와 티없이 깨끗한 마이크로파이버 스웨이드 소재의 내부 및 24K 도금 래치 잠금 장치가 돋보이는 헤리티지 동반자입니다.,비세토스 모노그램 캔버스,스웨이드 마감 마이크로파이버 안감,약 25 x 75 x 47 센티미터,이탈리아,cognac,L,품절,가죽 손잡이 부분 | 탈부착 가능한 가죽 행택 및 가죽 커버 열쇠 | 락 앤 래치 클로저 | 가죽으로 감싼 모서리 | 내부 포켓 | 내부의 가죽 여밈 스트랩 | 보호용 메탈 피트 | 바디: 비세토스 모노그램 캔버스 | 트림: 소가죽 | 24K 도금 브라스 금속 장식 | 스웨이드 마감 마이크로파이버 안감 | 약 25 x 75 x 47 센티미터 | 핸들 드롭: 6cm | 제조국: 이탈리아,https://images.mcmworldwide.com/i/mcmworldwide/MEZESMM05CO001_01 | https://images.mcmworldwide.com/i/mcmworldwide/MEZESMM05CO001_02 | https://images.mcmworldwide.com/i/mcmworldwide/MEZESMM05CO001_03 | https://images.mcmworldwide.com/i/mcmworldwide/MEZESMM05CO001_04 | https://images.mcmworldwide.com/i/mcmworldwide/MEZESMM05CO001_01 | https://images.mcmworldwide.com/i/mcmworldwide/MEZESMM05CO001_02 | https://images.mcmworldwide.com/i/mcmworldwide/MEZESMM05CO001_03 | https://images.mcmworldwide.com/i/mcmworldwide/MEZESMM05CO001_04 | https://images.mcmworldwide.com/i/mcmworldwide/MEZESMM05CO001_01,https://kr.mcmworldwide.com/ko_KR/%ED%8A%B8%EB%9E%98%EB%B8%94/%EB%AA%A8%EB%91%90%EB%B3%B4%EA%B8%B0/%EB%B9%84%EC%84%B8%ED%86%A0%EC%8A%A4-%EC%88%98%ED%8A%B8%EC%BC%80%EC%9D%B4%EC%8A%A4/MEZESMM05CO001.html?cgid=travel-all-travel
MEZESMM06CO001,비세토스 수트케이스,,비세토스,시대를 초월한 캐리어 수공예 기술을 증명합니다.,70년대 뮌헨의 문화 전성기에 탄생하여 독일 역사에서 유명한 그 시기의 세련된 여행 감성을 구현한 미니 하드케이스 비세토스 수트케이스입니다. 소가죽으로 감싼 모서리와 티없이 깨끗한 마이크로파이버 스웨이드 소재의 내부 및 24K 도금 래치 잠금 장치가 돋보이는 헤리티지 동반자입니다.,비세토스 모노그램 캔버스,스웨이드 마감 마이크로파이버 안감,약 13 x 44 x 34 센티미터,이탈리아,cognac,미니,품절,가죽 손잡이 부분 | 탈부착 가능한 가죽 행택 및 가죽 커버 열쇠 | 락 앤 래치 클로저 | 가죽으로 감싼 모서리 | 내부 포켓 | 내부의 가죽 여밈 스트랩 | 보호용 메탈 피트 | 바디: 비세토스 모노그램 캔버스 | 트림: 소가죽 | 24K 도금 브라스 금속 장식 | 스웨이드 마감 마이크로파이버 안감 | 약 13 x 44 x 34 센티미터 | 핸들 드롭: 6cm | 제조국: 이탈리아,https://images.mcmworldwide.com/i/mcmworldwide/MEZESMM06CO001_01 | https://images.mcmworldwide.com/i/mcmworldwide/MEZESMM06CO001_02 | https://images.mcmworldwide.com/i/mcmworldwide/MEZESMM06CO001_03 | https://images.mcmworldwide.com/i/mcmworldwide/MEZESMM06CO001_04 | https://images.mcmworldwide.com/i/mcmworldwide/MEZESMM06CO001_01 | https://images.mcmworldwide.com/i/mcmworldwide/MEZESMM06CO001_02 | https://images.mcmworldwide.com/i/mcmworldwide/MEZESMM06CO001_03 | https://images.mcmworldwide.com/i/mcmworldwide/MEZESMM06CO001_04,https://kr.mcmworldwide.com/ko_KR/%ED%8A%B8%EB%9E%98%EB%B8%94/%EB%AA%A8%EB%91%90%EB%B3%B4%EA%B8%B0/%EB%B9%84%EC%84%B8%ED%86%A0%EC%8A%A4-%EC%88%98%ED%8A%B8%EC%BC%80%EC%9D%B4%EC%8A%A4/MEZESMM06CO001.html?cgid=travel-all-travel
MEZDSMM15CO001,비세토스 수트케이스,,비세토스,시대를 초월한 캐리어 제작 기술을 증명합니다.,"뮌헨의 황금기로 거슬러 올라가 제트 세터에서 비롯된 하우스의 기원을 상징하는 하드 케이스 캐리어입니다. 비세토스와 바케타 레더로 제작, 헤리티지가 돋보이는 이 여행의 동반자는 24K 도금 금속 장식으로 포인트를 주고 넉넉한 마이크로파이버 스웨이드를 사용한 내부가 특징입니다.",,스웨이드 마감 마이크로파이버 안감,약 20 x 55 x 41 센티미터,이탈리아,cognac,S,품절,락 앤 래치 클로저 | 가죽 커버 금속 자물쇠와 열쇠 및 행택 | 내부 신축성 포켓 | 내부의 가죽 스트랩 | 보호용 메탈 피트 | 가죽으로 장식한 모서리 | 비세토스 모노그램 캔버스 | 바케타 레더 트림 | 24K 도금 금속 장식 | 스웨이드 마감 마이크로파이버 안감 | 약 20 x 55 x 41 센티미터 | 핸들 길이: 6cm | 제조국: 이탈리아,https://images.mcmworldwide.com/i/mcmworldwide/MEZDSMM15CO001_01 | https://images.mcmworldwide.com/i/mcmworldwide/MEZDSMM15CO001_09 | https://images.mcmworldwide.com/i/mcmworldwide/MEZDSMM15CO001_02 | https://images.mcmworldwide.com/i/mcmworldwide/MEZDSMM15CO001_03 | https://images.mcmworldwide.com/i/mcmworldwide/MEZDSMM15CO001_04 | https://images.mcmworldwide.com/i/mcmworldwide/MEZDSMM15CO001_10 | https://images.mcmworldwide.com/i/mcmworldwide/MEZDSMM15CO001_01 | https://images.mcmworldwide.com/i/mcmworldwide/MEZDSMM15CO001_09 | https://images.mcmworldwide.com/i/mcmworldwide/MEZDSMM15CO001_02 | https://images.mcmworldwide.com/i/mcmworldwide/MEZDSMM15CO001_03 | https://images.mcmworldwide.com/i/mcmworldwide/MEZDSMM15CO001_04 | https://images.mcmworldwide.com/i/mcmworldwide/MEZDSMM15CO001_10 | https://images.mcmworldwide.com/i/mcmworldwide/MEZDSMM15CO001_01,https://kr.mcmworldwide.com/ko_KR/%ED%8A%B8%EB%9E%98%EB%B8%94/%EB%AA%A8%EB%91%90%EB%B3%B4%EA%B8%B0/%EB%B9%84%EC%84%B8%ED%86%A0%EC%8A%A4-%EC%88%98%ED%8A%B8%EC%BC%80%EC%9D%B4%EC%8A%A4/MEZDSMM15CO001.html?cgid=travel-all-travel
MEZDSMM14CO001,비세토스 수트케이스,,비세토스,시대를 초월한 캐리어 제작 기술을 증명합니다.,뮌헨의 황금기로 거슬러 올라가 제트 세터에서 비롯된 하우스의 기원을 상징하는 하드 케이스 캐리어입니다. 비세토스와 바케타 레더로 제작된 헤리티지 여행의 동반자는 24K 도금 금속 장식과 널찍한 마이크로파이버 스웨이드 내부가 특징입니다.,,스웨이드 마감 마이크로파이버 안감,약 23 x 65 x 46 센티미터,이탈리아,cognac,M,품절,락 앤 래치 클로저 | 가죽 커버 금속 자물쇠와 열쇠 및 행택 | 내부 신축성 포켓 | 내부의 가죽 스트랩 | 보호용 메탈 피트 | 가죽으로 장식한 모서리 | 비세토스 모노그램 캔버스 | 바케타 레더 트림 | 24K 도금 금속 장식 | 스웨이드 마감 마이크로파이버 안감 | 약 23 x 65 x 46 센티미터 | 핸들 길이: 6cm | 제조국: 이탈리아,https://images.mcmworldwide.com/i/mcmworldwide/MEZDSMM14CO001_01 | https://images.mcmworldwide.com/i/mcmworldwide/MEZDSMM14CO001_09 | https://images.mcmworldwide.com/i/mcmworldwide/MEZDSMM14CO001_02 | https://images.mcmworldwide.com/i/mcmworldwide/MEZDSMM14CO001_03 | https://images.mcmworldwide.com/i/mcmworldwide/MEZDSMM14CO001_04 | https://images.mcmworldwide.com/i/mcmworldwide/MEZDSMM14CO001_10 | https://images.mcmworldwide.com/i/mcmworldwide/MEZDSMM14CO001_11 | https://images.mcmworldwide.com/i/mcmworldwide/MEZDSMM14CO001_12 | https://images.mcmworldwide.com/i/mcmworldwide/MEZDSMM14CO001_01 | https://images.mcmworldwide.com/i/mcmworldwide/MEZDSMM14CO001_09 | https://images.mcmworldwide.com/i/mcmworldwide/MEZDSMM14CO001_02 | https://images.mcmworldwide.com/i/mcmworldwide/MEZDSMM14CO001_03 | https://images.mcmworldwide.com/i/mcmworldwide/MEZDSMM14CO001_04 | https://images.mcmworldwide.com/i/mcmworldwide/MEZDSMM14CO001_10 | https://images.mcmworldwide.com/i/mcmworldwide/MEZDSMM14CO001_11 | https://images.mcmworldwide.com/i/mcmworldwide/MEZDSMM14CO001_12 | https://images.mcmworldwide.com/i/mcmworldwide/MEZDSMM14CO001_01,https://kr.mcmworldwide.com/ko_KR/%ED%8A%B8%EB%9E%98%EB%B8%94/%EB%AA%A8%EB%91%90%EB%B3%B4%EA%B8%B0/%EB%B9%84%EC%84%B8%ED%86%A0%EC%8A%A4-%EC%88%98%ED%8A%B8%EC%BC%80%EC%9D%B4%EC%8A%A4/MEZDSMM14CO001.html?cgid=travel-all-travel
MMVDSTT02CO001,Ottomar 비세토스 트롤리,,Ottomar,나파 가죽 트림이 돋보이는 기내용 스몰 비세토스 트롤리,뮌헨 황금기의 레거시 실루엣으로 새로운 세대의 여행자에게 영감을 선사하는 시그니처 스몰 트롤리입니다. 아카이브 트렁크에서 가져온 블랙 나파 가죽 모서리로 클래식 비세토스 캔버스 바디를 장식했습니다. 가죽 사이드 핸들과 집어넣을 수 있는 상단 핸들이 있으며 내부 디바이더와 어느 방향으로든 자유롭게 움직일 수 있는 4개의 멀티 휠이 특징입니다.,,옥스포드 나일론 안감,약 23 x 38 x 55 센티미터,대한민국,cognac,54cm / 21.3인치,품절,"집어넣을 수 있는 트롤리 핸들 | 옆면 가죽 손잡이 | MCM 로고 플레이트 | 전면 지퍼 수납공간 | 가죽으로 감싼 모서리 | 양방향 지퍼 클로저 | 내부 지퍼 수납공간 | 다방향 멀티 휠 4개 | 탈부착 가능한 가죽 러기지 행택 및 금속 자물쇠와 열쇠 | 비세토스 모노그램 캔버스 | 블랙 나파 가죽 트림 | 매트 블랙 메탈 하드웨어. | 옥스포드 나일론 안감 | 약 23 x 38 x 55 센티미터 | 트롤리 핸들 드롭: 45cm, 사이드 핸들 드롭: 3cm. | 제조국: 대한민국",https://images.mcmworldwide.com/i/mcmworldwide/MMVDSTT02CO001_01 | https://images.mcmworldwide.com/i/mcmworldwide/MMVDSTT02CO001_09 | https://images.mcmworldwide.com/i/mcmworldwide/MMVDSTT02CO001_02 | https://images.mcmworldwide.com/i/mcmworldwide/MMVDSTT02CO001_03 | https://images.mcmworldwide.com/i/mcmworldwide/MMVDSTT02CO001_04 | https://images.mcmworldwide.com/i/mcmworldwide/MMVDSTT02CO001_10 | https://images.mcmworldwide.com/i/mcmworldwide/MMVDSTT02CO001_11 | https://images.mcmworldwide.com/i/mcmworldwide/MMVDSTT02CO001_01 | https://images.mcmworldwide.com/i/mcmworldwide/MMVDSTT02CO001_09 | https://images.mcmworldwide.com/i/mcmworldwide/MMVDSTT02CO001_02 | https://images.mcmworldwide.com/i/mcmworldwide/MMVDSTT02CO001_03 | https://images.mcmworldwide.com/i/mcmworldwide/MMVDSTT02CO001_04 | https://images.mcmworldwide.com/i/mcmworldwide/MMVDSTT02CO001_10 | https://images.mcmworldwide.com/i/mcmworldwide/MMVDSTT02CO001_11 | https://images.mcmworldwide.com/i/mcmworldwide/MMVDSTT02CO001_01,https://kr.mcmworldwide.com/ko_KR/%ED%8A%B8%EB%9E%98%EB%B8%94/%EB%AA%A8%EB%91%90%EB%B3%B4%EA%B8%B0/ottomar-%EB%B9%84%EC%84%B8%ED%86%A0%EC%8A%A4-%ED%8A%B8%EB%A1%A4%EB%A6%AC/MMVDSTT02CO001.html?cgid=travel-all-travel
MMVAAVY02CO001,Ottomar 비세토스 위켄더,,Ottomar,MCM의 숙련된 캐리어 수공예 전통에 기반한 이 위켄더는 근처에 운동하러 가거나 멀리 여행을 떠날 때에도 편리하게 사용할 수 있는 크기로 디자인되었습니다.,내구성이 뛰어난 여행의 동반자로 비세토스 모노그램 캔버스와 버터처럼 부드러운 나파 가죽으로 정교하게 제작된 라지 Ottomar 위켄더 백입니다. 부드러운 프리미엄 코튼 트윌 라이닝을 사용한 넉넉한 내부에 귀중품을 보관할 수 있습니다. 가죽 커버 행택과 열쇠가 달린 금속 자물쇠 등 장인의 손길이 제트세터를 위한 기능성과 어우러집니다.,비세토스 모노그램 캔버스,코튼 트윌 안감.,약 23 x 51 x 29 센티미터,대한민국,cognac,50.5cm / 19.9인치,품절,"탈부착 및 길이 조절 가능한 패브릭 웨빙 스트랩 | 가죽 손잡이 부분 | 앞면의 로고 브라스 플레이트 | TSA 잠금장치 | 양방향 확장 지퍼 클로저 | 내부 슬립 포켓 및 지퍼 수납공간 | 뒷면의 외부 캐리어 슬리브 | 보호용 메탈 바닥 받침. | 폴더블 디자인 | 바디: 비세토스 모노그램 캔버스 | 트림: 천연 가죽 | 24K 도금 메탈 금속 장식 | 코튼 트윌 안감. | 약 23 x 51 x 29 센티미터 | 스트랩 길이: 75cm ~ 132cm, 핸들 드롭: 13.5cm | 제조국: 대한민국 | 보호용 메탈 피트",https://images.mcmworldwide.com/i/mcmworldwide/MMVAAVY02CO001_01 | https://images.mcmworldwide.com/i/mcmworldwide/MMVAAVY02CO001_09 | https://images.mcmworldwide.com/i/mcmworldwide/MMVAAVY02CO001_02 | https://images.mcmworldwide.com/i/mcmworldwide/MMVAAVY02CO001_03 | https://images.mcmworldwide.com/i/mcmworldwide/MMVAAVY02CO001_04 | https://images.mcmworldwide.com/i/mcmworldwide/MMVAAVY02CO001_10 | https://images.mcmworldwide.com/i/mcmworldwide/MMVAAVY02CO001_01 | https://images.mcmworldwide.com/i/mcmworldwide/MMVAAVY02CO001_09 | https://images.mcmworldwide.com/i/mcmworldwide/MMVAAVY02CO001_02 | https://images.mcmworldwide.com/i/mcmworldwide/MMVAAVY02CO001_03 | https://images.mcmworldwide.com/i/mcmworldwide/MMVAAVY02CO001_04 | https://images.mcmworldwide.com/i/mcmworldwide/MMVAAVY02CO001_10 | https://images.mcmworldwide.com/i/mcmworldwide/MMVAAVY02CO001_01,https://kr.mcmworldwide.com/ko_KR/%ED%8A%B8%EB%9E%98%EB%B8%94/%EB%AA%A8%EB%91%90%EB%B3%B4%EA%B8%B0/ottomar-%EB%B9%84%EC%84%B8%ED%86%A0%EC%8A%A4-%EC%9C%84%EC%BC%84%EB%8D%94/MMVAAVY02CO001.html?cgid=travel-all-travel
MMVAAVY03CO001,비세토스 소재의 오토마 위켄더 백.,,비세토스,MCM의 숙련된 캐리어 수공예 전통에 기반한 위켄더는 근처에 운동하러 가거나 멀리 여행을 떠날 때에도 편리하게 사용할 수 있는 크기로 디자인되었습니다.,"내구성이 뛰어난 비세토스 코티드 캔버스로 제작하여 접착 안감으로 무게를 줄인 MCM에서 가장 가벼운 위켄더 백입니다. 나파 가죽 트리밍과 가방을 열기 쉬운 길다란 지퍼, 소지품 정돈에 유용한 내부 패브릭 거싯으로 구성된 상징적인 디자인입니다. 사용하지 않을 때 접어서 간편하게 보관할 수 있습니다.",,,약 20 x 46 x 27 센티미터,대한민국,cognac,45cm / 17.7인치,품절,양방향 지퍼 클로저 | 가죽 손잡이 부분 | 탈부착 가능한 수하물 택 및 금속 자물쇠와 열쇠 | 24K 금 도금 하드웨어 | 내부 지퍼 및 오픈 포켓 | 탈부착 가능한 가죽 커버 러기지 행택 및 금속 자물쇠와 열쇠 | 약 20 x 46 x 27 센티미터 | 스트랩 길이: 79cm - 130cm | 제조국: 대한민국 | 보호용 메탈 피트,https://images.mcmworldwide.com/i/mcmworldwide/MMVAAVY03CO001_01 | https://images.mcmworldwide.com/i/mcmworldwide/MMVAAVY03CO001_02 | https://images.mcmworldwide.com/i/mcmworldwide/MMVAAVY03CO001_03 | https://images.mcmworldwide.com/i/mcmworldwide/MMVAAVY03CO001_04 | https://images.mcmworldwide.com/i/mcmworldwide/MMVAAVY03CO001_01 | https://images.mcmworldwide.com/i/mcmworldwide/MMVAAVY03CO001_02 | https://images.mcmworldwide.com/i/mcmworldwide/MMVAAVY03CO001_03 | https://images.mcmworldwide.com/i/mcmworldwide/MMVAAVY03CO001_04 | https://images.mcmworldwide.com/i/mcmworldwide/MMVAAVY03CO001_01,https://kr.mcmworldwide.com/ko_KR/%ED%8A%B8%EB%9E%98%EB%B8%94/%EB%AA%A8%EB%91%90%EB%B3%B4%EA%B8%B0/%EB%B9%84%EC%84%B8%ED%86%A0%EC%8A%A4-%EC%86%8C%EC%9E%AC%EC%9D%98-%EC%98%A4%ED%86%A0%EB%A7%88-%EC%9C%84%EC%BC%84%EB%8D%94-%EB%B0%B1./MMVAAVY03CO001.html?cgid=travel-all-travel
MEZDSMM05CO001,비세토스 모자 박스,,비세토스,여행의 로맨스를 구현한 빈티지풍 액세서리.,MCM의 캐리어 제작 전문 기술을 사용하여 시대와 트렌드를 초월한 액세서리를 완성했습니다. 소가죽으로 모자 박스를 감싸고 비세토스 모노그램 캔버스와 24K 도금 메탈 금속 장식으로 장식했습니다.,,스웨이드 마감 마이크로파이버 안감,약 21 x 36 x 32 센티미터,이탈리아,cognac,M,품절,가죽 손잡이 부분 | 내부 신축성 포켓 | 보호용 메탈 피트 | 비세토스 모노그램 캔버스 | 트림: 소가죽 | 24K 도금 메탈 잠금 장치와 금속 장식 | 스웨이드 마감 마이크로파이버 안감 | 약 21 x 36 x 32 센티미터 | 핸들 길이: 8cm | 제조국: 이탈리아,https://images.mcmworldwide.com/i/mcmworldwide/MEZDSMM05CO001_01 | https://images.mcmworldwide.com/i/mcmworldwide/MEZDSMM05CO001_09 | https://images.mcmworldwide.com/i/mcmworldwide/MEZDSMM05CO001_02 | https://images.mcmworldwide.com/i/mcmworldwide/MEZDSMM05CO001_03 | https://images.mcmworldwide.com/i/mcmworldwide/MEZDSMM05CO001_04 | https://images.mcmworldwide.com/i/mcmworldwide/MEZDSMM05CO001_10 | https://images.mcmworldwide.com/i/mcmworldwide/MEZDSMM05CO001_01 | https://images.mcmworldwide.com/i/mcmworldwide/MEZDSMM05CO001_09 | https://images.mcmworldwide.com/i/mcmworldwide/MEZDSMM05CO001_02 | https://images.mcmworldwide.com/i/mcmworldwide/MEZDSMM05CO001_03 | https://images.mcmworldwide.com/i/mcmworldwide/MEZDSMM05CO001_04 | https://images.mcmworldwide.com/i/mcmworldwide/MEZDSMM05CO001_10 | https://images.mcmworldwide.com/i/mcmworldwide/MEZDSMM05CO001_01,https://kr.mcmworldwide.com/ko_KR/%ED%8A%B8%EB%9E%98%EB%B8%94/%EB%AA%A8%EB%91%90%EB%B3%B4%EA%B8%B0/%EB%B9%84%EC%84%B8%ED%86%A0%EC%8A%A4-%EB%AA%A8%EC%9E%90-%EB%B0%95%EC%8A%A4/MEZDSMM05CO001.html?cgid=travel-all-travel
MXZGATT03CO001,Ottomar 인조 퍼와 비세토스 Mars Dog 보틀 홀더,,Ottomar,"나파 가죽 트림과 탈착 가능한 가죽 스트랩, 마스 도그 인조 퍼 인형이 더해진 비세토스 모노그램 캔버스 보틀 홀더.",시그니처 비세토스 캔버스와 나파 가죽으로 제작된 크로스바디 보틀 홀더는 우주 탐험이라는 하우스의 테마를 반영한 위트 있는 로켓 디자인이 특징입니다. 부드러운 블루 인조 퍼로 감싸진 마스 도그 인형이 함께 구성되어 휴대성을 갖춘 액세서리입니다.,비세토스 모노그램 캔버스,100% 나일론,약 10 x 10 x 17 센티미터,대한민국,cognac,프리 사이즈,품절,탈부착 가능한 레더 스트랩 | 인조 퍼 Mars dog 인형 포함 | 드로우 스트링 클로저 | 메탈 스터드 장식 | 바디:비세토스 모노그램 캔버스 | 트림: 나파 가죽 | 24K 골드 도금 브라스 하드웨어 | 안감: 100% 나일론 | 약 10 x 10 x 17 센티미터 | 스트랩 드롭: 60 cm | 제조국: 대한민국,https://images.mcmworldwide.com/i/mcmworldwide/MXZGATT03CO001_01 | https://images.mcmworldwide.com/i/mcmworldwide/MXZGATT03CO001_09 | https://images.mcmworldwide.com/i/mcmworldwide/MXZGATT03CO001_02 | https://images.mcmworldwide.com/i/mcmworldwide/MXZGATT03CO001_03 | https://images.mcmworldwide.com/i/mcmworldwide/MXZGATT03CO001_04 | https://images.mcmworldwide.com/i/mcmworldwide/MXZGATT03CO001_05 | https://images.mcmworldwide.com/i/mcmworldwide/MXZGATT03CO001_10 | https://images.mcmworldwide.com/i/mcmworldwide/MXZGATT03CO001_01 | https://images.mcmworldwide.com/i/mcmworldwide/MXZGATT03CO001_09 | https://images.mcmworldwide.com/i/mcmworldwide/MXZGATT03CO001_02 | https://images.mcmworldwide.com/i/mcmworldwide/MXZGATT03CO001_03 | https://images.mcmworldwide.com/i/mcmworldwide/MXZGATT03CO001_04 | https://images.mcmworldwide.com/i/mcmworldwide/MXZGATT03CO001_05 | https://images.mcmworldwide.com/i/mcmworldwide/MXZGATT03CO001_10,https://kr.mcmworldwide.com/ko_KR/%ED%8A%B8%EB%9E%98%EB%B8%94/%EB%AA%A8%EB%91%90%EB%B3%B4%EA%B8%B0/ottomar-%EC%9D%B8%EC%A1%B0-%ED%8D%BC%EC%99%80-%EB%B9%84%EC%84%B8%ED%86%A0%EC%8A%A4-mars-dog-%EB%B3%B4%ED%8B%80-%ED%99%80%EB%8D%94/MXZGATT03CO001.html?cgid=travel-all-travel
MMVGATT07K8001,Ottomar 비세토스 위켄더,,Ottomar,뮌헨 하우스의 러기지 장인정신을 담은 영원한 여행의 동반자,"장거리 여행은 물론 체육관으로 외출에도 적합한 카키 모스 컬러의 Ottomar(오토마) 위켄더 백. 비세토스 모노그램 캔버스와 나파 가죽으로 제작되었으며, 가죽 커버 행택과 자물쇠·키 디테일이 여행용 디자인의 완성도를 높입니다.",비세토스 모노그램 캔버스,스웨이드 마감의 극세사 안감,약 25 x 55 x 31 센티미터,대한민국,khaki moss,55cm / 22인치,품절,"탈착이 가능하며 길이 조절이 가능한 패브칙 웨빙 스트랩 | 가죽 탑 핸들 | 로고 브라스 플레이트 | 자물쇠와 키가 달린 탈착 가능한 가죽 행 태그 | 양방향 지퍼 클로저 | 내부 슬립 포켓 및 지퍼 포켓 | 캐리어 손잡이에 끼울 수 있는 밴드 | 가방 바닥 보호에 도움을 주는 메탈 피트 | 바디:비세토스 모노그램 캔버스 | 트림: 나파 가죽 | 실버톤 코발트 브라스 하드웨어 | 스웨이드 마감의 극세사 안감 | 약 25 x 55 x 31 센티미터 | 스트랩 길이: 75cm - 132cm, 핸들 드롭: 13.5cm | 제조국: 대한민국",https://images.mcmworldwide.com/i/mcmworldwide/MMVGATT07K8001_01 | https://images.mcmworldwide.com/i/mcmworldwide/MMVGATT07K8001_09 | https://images.mcmworldwide.com/i/mcmworldwide/MMVGATT07K8001_02 | https://images.mcmworldwide.com/i/mcmworldwide/MMVGATT07K8001_03 | https://images.mcmworldwide.com/i/mcmworldwide/MMVGATT07K8001_04 | https://images.mcmworldwide.com/i/mcmworldwide/MMVGATT07K8001_05 | https://images.mcmworldwide.com/i/mcmworldwide/MMVGATT07K8001_10 | https://images.mcmworldwide.com/i/mcmworldwide/MMVGATT07K8001_01 | https://images.mcmworldwide.com/i/mcmworldwide/MMVGATT07K8001_09 | https://images.mcmworldwide.com/i/mcmworldwide/MMVGATT07K8001_02 | https://images.mcmworldwide.com/i/mcmworldwide/MMVGATT07K8001_03 | https://images.mcmworldwide.com/i/mcmworldwide/MMVGATT07K8001_04 | https://images.mcmworldwide.com/i/mcmworldwide/MMVGATT07K8001_05 | https://images.mcmworldwide.com/i/mcmworldwide/MMVGATT07K8001_10,https://kr.mcmworldwide.com/ko_KR/%ED%8A%B8%EB%9E%98%EB%B8%94/%EB%AA%A8%EB%91%90%EB%B3%B4%EA%B8%B0/ottomar-%EB%B9%84%EC%84%B8%ED%86%A0%EC%8A%A4-%EC%9C%84%EC%BC%84%EB%8D%94/MMVGATT07K8001.html?cgid=travel-all-travel
MMVGATT03CO001,Ottomar 디스코 비세토스 위켄더,,Ottomar,"비세토스 모노그램 캔버스에 'MCM Disco' 모티프, 나파 가죽 트리밍, 가죽 행태그와 키가 포함된 메탈 락을 더한 위켄더 백","뮌헨 하우스의 러기지 제작 헤리티지를 대표하는 아이코닉한 여행 동반자인 Ottomar(오토마) 위켄더 백은 장거리 여행부터 짧은 운동 여행까지 활용 가능한 이상적인 사이즈로 완성되었습니다. 시그니처 비세토스 모노그램 위에 ‘MCM Disco’ 아트워크를 더해 뮌헨 황금기의 음악과 문화를 표현했으며, 오렌지 나파 가죽 디테일에는 가죽 커버 행태그와 열쇠가 포함된 패드락을 더해 완성했습니다.",비세토스 모노그램 캔버스,코튼 트윌 안감,약 23 x 51 x 29 센티미터,대한민국,cognac,50.5cm / 19.9인치,품절,"탈착이 가능하며 길이 조절이 가능한 패브칙 웨빙 스트랩 | 가죽 탑 핸들 | 로고 브라스 플레이트 | 자물쇠와 키가 달린 탈착 가능한 가죽 행 태그 | 양방향 지퍼 클로저 | 내부 포켓과 지퍼 수납 공간 | 캐리어 손잡이에 끼울 수 있는 밴드 | 가방 바닥 보호에 도움을 주는 메탈 피트 | 바디:비세토스 모노그램 캔버스 | 트림: 나파 가죽 | 24K 골드 도금 브라스 하드웨어 | 코튼 트윌 안감 | 약 23 x 51 x 29 센티미터 | 스트랩 길이: 75cm - 132cm, 핸들 드롭: 13.5cm | 제조국: 대한민국",https://images.mcmworldwide.com/i/mcmworldwide/MMVGATT03CO001_01 | https://images.mcmworldwide.com/i/mcmworldwide/MMVGATT03CO001_09 | https://images.mcmworldwide.com/i/mcmworldwide/MMVGATT03CO001_02 | https://images.mcmworldwide.com/i/mcmworldwide/MMVGATT03CO001_03 | https://images.mcmworldwide.com/i/mcmworldwide/MMVGATT03CO001_04 | https://images.mcmworldwide.com/i/mcmworldwide/MMVGATT03CO001_05 | https://images.mcmworldwide.com/i/mcmworldwide/MMVGATT03CO001_10 | https://images.mcmworldwide.com/i/mcmworldwide/MMVGATT03CO001_01 | https://images.mcmworldwide.com/i/mcmworldwide/MMVGATT03CO001_09 | https://images.mcmworldwide.com/i/mcmworldwide/MMVGATT03CO001_02 | https://images.mcmworldwide.com/i/mcmworldwide/MMVGATT03CO001_03 | https://images.mcmworldwide.com/i/mcmworldwide/MMVGATT03CO001_04 | https://images.mcmworldwide.com/i/mcmworldwide/MMVGATT03CO001_05 | https://images.mcmworldwide.com/i/mcmworldwide/MMVGATT03CO001_10,https://kr.mcmworldwide.com/ko_KR/%ED%8A%B8%EB%9E%98%EB%B8%94/%EB%AA%A8%EB%91%90%EB%B3%B4%EA%B8%B0/ottomar-%EB%94%94%EC%8A%A4%EC%BD%94-%EB%B9%84%EC%84%B8%ED%86%A0%EC%8A%A4-%EC%9C%84%EC%BC%84%EB%8D%94/MMVGATT03CO001.html?cgid=travel-all-travel
MMVGATT06BK001,Aren 노바 모노그램 ECONYL® 위켄더,,Aren,"브라스 로고 플레이트, 비세토스 모노그램 모티프와 탈부착 가능한 스트랩이 더해진 ECONYL® 재생 나일론 위켄더백","여행의 새로운 기준을 제시하는 노바 에디션 Ottomar 위켄더 백. 혁신적인 장인정신으로 완성한 미래지향적인 디자인이 돋보이며, ECONYL® 재생 나일론으로 제작한 디자인에 아이코닉한 로고 브라스 플레이트와 톤온톤 시그니처 비세토스 모노그램을 더해 완성도를 높였습니다.",ECONYL® 재생 나일론,패브릭 안감,약 20 x 53 x 30 센티미터,대한민국,black,55cm / 22인치,품절,"탈부착이 가능하며 길이 조절이 가능한 스트랩 | 탑핸들 | 비세토스 모노그램 모티프 | 로고 브라스 플레이트 | Zip closure | Interior zip pocket | 바디:ECONYL® 재생 나일론 | 나일론 트림 | Dark silver-tone cobalt metal hardware | 패브릭 안감 | 약 20 x 53 x 30 센티미터 | 스트랩 길이: 89cm -132cm, 핸들 드롭: 29cm | 제조국: 대한민국",https://images.mcmworldwide.com/i/mcmworldwide/MMVGATT06BK001_01 | https://images.mcmworldwide.com/i/mcmworldwide/MMVGATT06BK001_09 | https://images.mcmworldwide.com/i/mcmworldwide/MMVGATT06BK001_02 | https://images.mcmworldwide.com/i/mcmworldwide/MMVGATT06BK001_03 | https://images.mcmworldwide.com/i/mcmworldwide/MMVGATT06BK001_04 | https://images.mcmworldwide.com/i/mcmworldwide/MMVGATT06BK001_05 | https://images.mcmworldwide.com/i/mcmworldwide/MMVGATT06BK001_06 | https://images.mcmworldwide.com/i/mcmworldwide/MMVGATT06BK001_11 | https://images.mcmworldwide.com/i/mcmworldwide/MMVGATT06BK001_12 | https://images.mcmworldwide.com/i/mcmworldwide/MMVGATT06BK001_14 | https://images.mcmworldwide.com/i/mcmworldwide/MMVGATT06BK001_01 | https://images.mcmworldwide.com/i/mcmworldwide/MMVGATT06BK001_09 | https://images.mcmworldwide.com/i/mcmworldwide/MMVGATT06BK001_02 | https://images.mcmworldwide.com/i/mcmworldwide/MMVGATT06BK001_03 | https://images.mcmworldwide.com/i/mcmworldwide/MMVGATT06BK001_04 | https://images.mcmworldwide.com/i/mcmworldwide/MMVGATT06BK001_05 | https://images.mcmworldwide.com/i/mcmworldwide/MMVGATT06BK001_06 | https://images.mcmworldwide.com/i/mcmworldwide/MMVGATT06BK001_11 | https://images.mcmworldwide.com/i/mcmworldwide/MMVGATT06BK001_12 | https://images.mcmworldwide.com/i/mcmworldwide/MMVGATT06BK001_14,https://kr.mcmworldwide.com/ko_KR/%ED%8A%B8%EB%9E%98%EB%B8%94/%EB%AA%A8%EB%91%90%EB%B3%B4%EA%B8%B0/aren-%EB%85%B8%EB%B0%94-%EB%AA%A8%EB%85%B8%EA%B7%B8%EB%9E%A8-econyl%C2%AE-%EC%9C%84%EC%BC%84%EB%8D%94/MMVGATT06BK001.html?cgid=travel-all-travel
MMTGATA01BK001,Aren 노바 모노그램 ECONYL® 토트,,Aren,브라스 로고 플레이트와 비세토스 모노그램 모티프가 더해진 ECONYL® 재생 나일론 토트백,뮌헨 하우스가 제안하는 디자인의 새로운 혁신. ECONYL®로 제작된 Aren(아렌) 노바 토트는 절제된 모노크롬 컬러가 돋보이는 아방가르드 실루엣으로 선보입니다. 브랜드의 헤리티지를 이어가면서도 미래지향적인 감각을 담은 이 백은 시그니처 로고 플레이트와 톤온톤으로 표현한 클래식 비세토스 모노그램으로 완성하였습니다.,ECONYL® 재생 나일론,패브릭 안감,약 10 x 46 x 34 센티미터,대한민국,black,X라지,품절,"길이 조절이 가능한 핸들 스트랩 | 비세토스 모노그램 모티프 | 로고 브라스 플레이트 | 지퍼 클로저 | Interior zip pocket | 바디:ECONYL® 재생 나일론 | 나일론 트림 | Dark silver-tone cobalt metal hardware | 패브릭 안감 | 약 10 x 46 x 34 센티미터 | 핸들 스트랩 길이: 19cm -32cm, 핸들 드롭: 27cm | 제조국: 대한민국",https://images.mcmworldwide.com/i/mcmworldwide/MMTGATA01BK001_01 | https://images.mcmworldwide.com/i/mcmworldwide/MMTGATA01BK001_09 | https://images.mcmworldwide.com/i/mcmworldwide/MMTGATA01BK001_02 | https://images.mcmworldwide.com/i/mcmworldwide/MMTGATA01BK001_03 | https://images.mcmworldwide.com/i/mcmworldwide/MMTGATA01BK001_04 | https://images.mcmworldwide.com/i/mcmworldwide/MMTGATA01BK001_05 | https://images.mcmworldwide.com/i/mcmworldwide/MMTGATA01BK001_06 | https://images.mcmworldwide.com/i/mcmworldwide/MMTGATA01BK001_10 | https://images.mcmworldwide.com/i/mcmworldwide/MMTGATA01BK001_11 | https://images.mcmworldwide.com/i/mcmworldwide/MMTGATA01BK001_01 | https://images.mcmworldwide.com/i/mcmworldwide/MMTGATA01BK001_09 | https://images.mcmworldwide.com/i/mcmworldwide/MMTGATA01BK001_02 | https://images.mcmworldwide.com/i/mcmworldwide/MMTGATA01BK001_03 | https://images.mcmworldwide.com/i/mcmworldwide/MMTGATA01BK001_04 | https://images.mcmworldwide.com/i/mcmworldwide/MMTGATA01BK001_05 | https://images.mcmworldwide.com/i/mcmworldwide/MMTGATA01BK001_06 | https://images.mcmworldwide.com/i/mcmworldwide/MMTGATA01BK001_10 | https://images.mcmworldwide.com/i/mcmworldwide/MMTGATA01BK001_11,https://kr.mcmworldwide.com/ko_KR/%ED%8A%B8%EB%9E%98%EB%B8%94/%EB%AA%A8%EB%91%90%EB%B3%B4%EA%B8%B0/aren-%EB%85%B8%EB%B0%94-%EB%AA%A8%EB%85%B8%EA%B7%B8%EB%9E%A8-econyl%C2%AE-%ED%86%A0%ED%8A%B8/MMTGATA01BK001.html?cgid=travel-all-travel
MMKGATA03MT001,Aren 노바 나일론 백팩,,Aren,브라스 로고 플레이트가 더해진 멀티컬러 나일론 백팩,"휴대성의 경계를 확장하는 Aren(아렌) 노바 백팩은 디자인, 기술, 그리고 여행을 결합해 항공과 비행에서 영감을 받은 미래적인 미학을 구현했습니다. 하우스의 헤리티지에 기반한 멀티컬러 실루엣을 시그니처 로고 브라스 플레이트로 완성하였습니다.",폴리에스터 100%,패브릭 안감,약 9 x 31 x 43 센티미터,대한민국,multi,M,품절,길이 조절이 가능한 숄더 스트랩 | 로고 브라스 플레이트 | 지퍼 클로저 | 내부 지퍼 포켓 | 바디: 폴리에스터 100% | 트림: 나일론 100% | Dark silver-tone cobalt metal hardware | 패브릭 안감 | 약 9 x 31 x 43 센티미터 | 스트랩 길이: 77cm - 92 cm. 핸들 드롭: 6cm | 제조국: 대한민국,https://images.mcmworldwide.com/i/mcmworldwide/MMKGATA03MT001_01 | https://images.mcmworldwide.com/i/mcmworldwide/MMKGATA03MT001_09 | https://images.mcmworldwide.com/i/mcmworldwide/MMKGATA03MT001_02 | https://images.mcmworldwide.com/i/mcmworldwide/MMKGATA03MT001_03 | https://images.mcmworldwide.com/i/mcmworldwide/MMKGATA03MT001_04 | https://images.mcmworldwide.com/i/mcmworldwide/MMKGATA03MT001_05 | https://images.mcmworldwide.com/i/mcmworldwide/MMKGATA03MT001_10 | https://images.mcmworldwide.com/i/mcmworldwide/MMKGATA03MT001_11 | https://images.mcmworldwide.com/i/mcmworldwide/MMKGATA03MT001_12 | https://images.mcmworldwide.com/i/mcmworldwide/MMKGATA03MT001_01 | https://images.mcmworldwide.com/i/mcmworldwide/MMKGATA03MT001_09 | https://images.mcmworldwide.com/i/mcmworldwide/MMKGATA03MT001_02 | https://images.mcmworldwide.com/i/mcmworldwide/MMKGATA03MT001_03 | https://images.mcmworldwide.com/i/mcmworldwide/MMKGATA03MT001_04 | https://images.mcmworldwide.com/i/mcmworldwide/MMKGATA03MT001_05 | https://images.mcmworldwide.com/i/mcmworldwide/MMKGATA03MT001_10 | https://images.mcmworldwide.com/i/mcmworldwide/MMKGATA03MT001_11 | https://images.mcmworldwide.com/i/mcmworldwide/MMKGATA03MT001_12,https://kr.mcmworldwide.com/ko_KR/%ED%8A%B8%EB%9E%98%EB%B8%94/%EB%AA%A8%EB%91%90%EB%B3%B4%EA%B8%B0/aren-%EB%85%B8%EB%B0%94-%EB%82%98%EC%9D%BC%EB%A1%A0-%EB%B0%B1%ED%8C%A9/MMKGATA03MT001.html?cgid=travel-all-travel
MMTGATA02MT001,Aren 노바 나일론 토트,,Aren,브라스 로고 플레이트와 핸들스트랩이 더해진 멀티컬러 나일론 토트백,MCM이 제안하는 디자인의 새로운 혁신. Aren(아렌) 노바 토트는 강렬한 멀티컬러 감각이 돋보이는 아방가르드 실루엣으로 선보입니다. 브랜드의 헤리티지를 이어가면서도 미래지향적인 감각을 담은 이 백은 뮌헨 하우스의 시그니처 로고 플레이트로 완성하였습니다.,폴리에스터 100%,패브릭 안감,약 10 x 46 x 34 센티미터,대한민국,multi,X라지,품절,"길이 조절이 가능한 핸들 스트랩 | 로고 브라스 플레이트 | 지퍼 클로저 | 내부 지퍼 포켓 | 바디: 폴리에스터 100% | 트림: 나일론 100% | Dark silver-tone cobalt metal hardware | 패브릭 안감 | 약 10 x 46 x 34 센티미터 | 핸들 스트랩 길이: 19cm -32cm, 핸들 드롭: 27cm | 제조국: 대한민국",https://images.mcmworldwide.com/i/mcmworldwide/MMTGATA02MT001_01 | https://images.mcmworldwide.com/i/mcmworldwide/MMTGATA02MT001_09 | https://images.mcmworldwide.com/i/mcmworldwide/MMTGATA02MT001_02 | https://images.mcmworldwide.com/i/mcmworldwide/MMTGATA02MT001_03 | https://images.mcmworldwide.com/i/mcmworldwide/MMTGATA02MT001_04 | https://images.mcmworldwide.com/i/mcmworldwide/MMTGATA02MT001_05 | https://images.mcmworldwide.com/i/mcmworldwide/MMTGATA02MT001_06 | https://images.mcmworldwide.com/i/mcmworldwide/MMTGATA02MT001_10 | https://images.mcmworldwide.com/i/mcmworldwide/MMTGATA02MT001_11 | https://images.mcmworldwide.com/i/mcmworldwide/MMTGATA02MT001_01 | https://images.mcmworldwide.com/i/mcmworldwide/MMTGATA02MT001_09 | https://images.mcmworldwide.com/i/mcmworldwide/MMTGATA02MT001_02 | https://images.mcmworldwide.com/i/mcmworldwide/MMTGATA02MT001_03 | https://images.mcmworldwide.com/i/mcmworldwide/MMTGATA02MT001_04 | https://images.mcmworldwide.com/i/mcmworldwide/MMTGATA02MT001_05 | https://images.mcmworldwide.com/i/mcmworldwide/MMTGATA02MT001_06 | https://images.mcmworldwide.com/i/mcmworldwide/MMTGATA02MT001_10 | https://images.mcmworldwide.com/i/mcmworldwide/MMTGATA02MT001_11,https://kr.mcmworldwide.com/ko_KR/%ED%8A%B8%EB%9E%98%EB%B8%94/%EB%AA%A8%EB%91%90%EB%B3%B4%EA%B8%B0/aren-%EB%85%B8%EB%B0%94-%EB%82%98%EC%9D%BC%EB%A1%A0-%ED%86%A0%ED%8A%B8/MMTGATA02MT001.html?cgid=travel-all-travel
MMVAAVY03BK001,비세토스 소재의 오토마 위켄더 백.,,비세토스,MCM의 숙련된 캐리어 수공예 전통에 기반한 위켄더는 근처에 운동하러 가거나 멀리 여행을 떠날 때에도 편리하게 사용할 수 있는 크기로 디자인되었습니다.,"내구성이 뛰어난 비세토스 코티드 캔버스로 제작하여 접착 안감으로 무게를 줄인 MCM에서 가장 가벼운 위켄더 백입니다. 나파 가죽 트리밍과 가방을 열기 쉬운 길다란 지퍼, 소지품 정돈에 유용한 내부 패브릭 거싯으로 구성된 상징적인 디자인입니다. 사용하지 않을 때 접어서 간편하게 보관할 수 있습니다.",,,약 20 x 46 x 27 센티미터,대한민국,black,45cm / 17.7인치,품절,나파 가죽 트림 | 가죽 손잡이 부분 | 양방향 지퍼 클로저 | 보호용 메탈 바닥 받침. | 코발트 하드웨어. | 내부 지퍼 및 오픈 포켓 | 탈부착 가능한 가죽 커버 러기지 행택 및 금속 자물쇠와 열쇠 | 약 20 x 46 x 27 센티미터 | 스트랩 길이: 75cm~132cm | 제조국: 대한민국 | 보호용 메탈 피트,https://images.mcmworldwide.com/i/mcmworldwide/MMVAAVY03BK001_01 | https://images.mcmworldwide.com/i/mcmworldwide/MMVAAVY03BK001_09 | https://images.mcmworldwide.com/i/mcmworldwide/MMVAAVY03BK001_02 | https://images.mcmworldwide.com/i/mcmworldwide/MMVAAVY03BK001_03 | https://images.mcmworldwide.com/i/mcmworldwide/MMVAAVY03BK001_04 | https://images.mcmworldwide.com/i/mcmworldwide/MMVAAVY03BK001_05 | https://images.mcmworldwide.com/i/mcmworldwide/MMVAAVY03BK001_10 | https://images.mcmworldwide.com/i/mcmworldwide/MMVAAVY03BK001_11 | https://images.mcmworldwide.com/i/mcmworldwide/MMVAAVY03BK001_12 | https://images.mcmworldwide.com/i/mcmworldwide/MMVAAVY03BK001_01 | https://images.mcmworldwide.com/i/mcmworldwide/MMVAAVY03BK001_09 | https://images.mcmworldwide.com/i/mcmworldwide/MMVAAVY03BK001_02 | https://images.mcmworldwide.com/i/mcmworldwide/MMVAAVY03BK001_03 | https://images.mcmworldwide.com/i/mcmworldwide/MMVAAVY03BK001_04 | https://images.mcmworldwide.com/i/mcmworldwide/MMVAAVY03BK001_05 | https://images.mcmworldwide.com/i/mcmworldwide/MMVAAVY03BK001_10 | https://images.mcmworldwide.com/i/mcmworldwide/MMVAAVY03BK001_11 | https://images.mcmworldwide.com/i/mcmworldwide/MMVAAVY03BK001_12 | https://images.mcmworldwide.com/i/mcmworldwide/MMVAAVY03BK001_01,https://kr.mcmworldwide.com/ko_KR/%ED%8A%B8%EB%9E%98%EB%B8%94/%EB%AA%A8%EB%91%90%EB%B3%B4%EA%B8%B0/%EB%B9%84%EC%84%B8%ED%86%A0%EC%8A%A4-%EC%86%8C%EC%9E%AC%EC%9D%98-%EC%98%A4%ED%86%A0%EB%A7%88-%EC%9C%84%EC%BC%84%EB%8D%94-%EB%B0%B1./MMVAAVY03BK001.html?cgid=travel-all-travel
MMKGATA02BK001,Aren 노바 모노그램 ECONYL® 백팩,,Aren,브라스 로고 플레이트와 비세토스 모노그램 모티프가 더해진 ECONYL® 재생 나일론 백팩,"휴대성의 새로운 가능성을 제시하는 Aren(아렌) 노바 백팩은 ECONYL® 소재로 제작되어 디자인, 기술, 그리고 여행을 결합한 항공과 비행에서 영감을 받은 미래적인 미학을 선보입니다. 하우스의 헤리티지를 바탕으로, 아이코닉한 로고 브라스 플레이트와 시그니처 비세토스 모노그램이 실루엣을 은은하게 완성합니다.",ECONYL® 재생 나일론,패브릭 안감,약 9 x 31 x 43 센티미터,대한민국,black,M,품절,길이 조절이 가능한 숄더 스트랩 | 비세토스 모노그램 모티프 | 로고 브라스 플레이트 | 지퍼 클로저 | Interior zip pocket | 바디:ECONYL® 재생 나일론 | 나일론 트림 | Dark silver-tone cobalt metal hardware | 패브릭 안감 | 약 9 x 31 x 43 센티미터 | 스트랩 길이: 77cm - 92 cm. 핸들 드롭: 6cm | 제조국: 대한민국,https://images.mcmworldwide.com/i/mcmworldwide/MMKGATA02BK001_01 | https://images.mcmworldwide.com/i/mcmworldwide/MMKGATA02BK001_09 | https://images.mcmworldwide.com/i/mcmworldwide/MMKGATA02BK001_02 | https://images.mcmworldwide.com/i/mcmworldwide/MMKGATA02BK001_03 | https://images.mcmworldwide.com/i/mcmworldwide/MMKGATA02BK001_04 | https://images.mcmworldwide.com/i/mcmworldwide/MMKGATA02BK001_05 | https://images.mcmworldwide.com/i/mcmworldwide/MMKGATA02BK001_10 | https://images.mcmworldwide.com/i/mcmworldwide/MMKGATA02BK001_01 | https://images.mcmworldwide.com/i/mcmworldwide/MMKGATA02BK001_09 | https://images.mcmworldwide.com/i/mcmworldwide/MMKGATA02BK001_02 | https://images.mcmworldwide.com/i/mcmworldwide/MMKGATA02BK001_03 | https://images.mcmworldwide.com/i/mcmworldwide/MMKGATA02BK001_04 | https://images.mcmworldwide.com/i/mcmworldwide/MMKGATA02BK001_05 | https://images.mcmworldwide.com/i/mcmworldwide/MMKGATA02BK001_10,https://kr.mcmworldwide.com/ko_KR/%ED%8A%B8%EB%9E%98%EB%B8%94/%EB%AA%A8%EB%91%90%EB%B3%B4%EA%B8%B0/aren-%EB%85%B8%EB%B0%94-%EB%AA%A8%EB%85%B8%EA%B7%B8%EB%9E%A8-econyl%C2%AE-%EB%B0%B1%ED%8C%A9/MMKGATA02BK001.html?cgid=travel-all-travel
MMVAAVY01WT001,Ottomar 비세토스 위켄더,,Ottomar,MCM의 40년 전통의 장인정신으로 만들어진 위켄더는 경랑감이 우수함.,내구성 강한 비세토스 프린트 칸바스에 안감이 본딩되어 무게를 줄임,비세토스 모노그램 캔버스,코튼 트윌 라이닝,약 25 x 56 x 31 센티미터,대한민국,white,55cm / 22인치,품절,"탈부착 및 길이 조절 가능한 패브릭 웨빙 스트랩 | 가죽 손잡이 부분 | 전면의 MCM 로고 플레이트 | 탈부착 가능한 가죽 커버 행택 및 금속 자물쇠와 열쇠 | 내부 지퍼 포켓 및 슬립 포켓 | 뒷면의 외부 캐리어 슬리브 | 보호용 메탈 피트 | 폴더블 디자인 | 접이식 디자인 | 바디: 비세토스 모노그램 캔버스 | 트림: 나파 가죽 | 실버톤 코발트 메탈 금속 장식 | 코튼 트윌 라이닝 | 약 25 x 56 x 31 센티미터 | 스트랩 길이: 75cm~132cm, 핸들 길이: 13.5cm | 제조국: 대한민국",https://images.mcmworldwide.com/i/mcmworldwide/MMVAAVY01WT001_01 | https://images.mcmworldwide.com/i/mcmworldwide/MMVAAVY01WT001_09 | https://images.mcmworldwide.com/i/mcmworldwide/MMVAAVY01WT001_02 | https://images.mcmworldwide.com/i/mcmworldwide/MMVAAVY01WT001_03 | https://images.mcmworldwide.com/i/mcmworldwide/MMVAAVY01WT001_04 | https://images.mcmworldwide.com/i/mcmworldwide/MMVAAVY01WT001_10 | https://images.mcmworldwide.com/i/mcmworldwide/MMVAAVY01WT001_01 | https://images.mcmworldwide.com/i/mcmworldwide/MMVAAVY01WT001_09 | https://images.mcmworldwide.com/i/mcmworldwide/MMVAAVY01WT001_02 | https://images.mcmworldwide.com/i/mcmworldwide/MMVAAVY01WT001_03 | https://images.mcmworldwide.com/i/mcmworldwide/MMVAAVY01WT001_04 | https://images.mcmworldwide.com/i/mcmworldwide/MMVAAVY01WT001_10,https://kr.mcmworldwide.com/ko_KR/%ED%8A%B8%EB%9E%98%EB%B8%94/%EB%AA%A8%EB%91%90%EB%B3%B4%EA%B8%B0/ottomar-%EB%B9%84%EC%84%B8%ED%86%A0%EC%8A%A4-%EC%9C%84%EC%BC%84%EB%8D%94/MMVAAVY01WT001.html?cgid=travel-all-travel
MMTGATA03BK001,Aren 노바 나일론 토트,,Aren,브라스 로고 플레이트와 D링 디테일이 더해진 나일론 토트백,"미니멀리즘을 통해 클래식한 디자인을 새롭게 재해석한 Aren 노바 토트. 모노크롬 나일론 소재를 사용해 미래지향적인 미학을 구현했으며, 시그니처 로고 브라스 플레이트에 하우스의 헤리티지를 담아 실루엣을 완성하였습니다.",100% 나일론,,약 12 x 32 x 39 센티미터,대한민국,black,S–M,품절,핸들 스트랩 | 로고 브라스 플레이트 | D링 참 장식 디테일 | 바디: 100% 나일론 | Dark silver-tone cobalt metal hardware | 약 12 x 32 x 39 센티미터 | 핸들 드롭: 21cm | 제조국: 대한민국,https://images.mcmworldwide.com/i/mcmworldwide/MMTGATA03BK001_01 | https://images.mcmworldwide.com/i/mcmworldwide/MMTGATA03BK001_09 | https://images.mcmworldwide.com/i/mcmworldwide/MMTGATA03BK001_02 | https://images.mcmworldwide.com/i/mcmworldwide/MMTGATA03BK001_03 | https://images.mcmworldwide.com/i/mcmworldwide/MMTGATA03BK001_04 | https://images.mcmworldwide.com/i/mcmworldwide/MMTGATA03BK001_05 | https://images.mcmworldwide.com/i/mcmworldwide/MMTGATA03BK001_06 | https://images.mcmworldwide.com/i/mcmworldwide/MMTGATA03BK001_10 | https://images.mcmworldwide.com/i/mcmworldwide/MMTGATA03BK001_11 | https://images.mcmworldwide.com/i/mcmworldwide/MMTGATA03BK001_01 | https://images.mcmworldwide.com/i/mcmworldwide/MMTGATA03BK001_09 | https://images.mcmworldwide.com/i/mcmworldwide/MMTGATA03BK001_02 | https://images.mcmworldwide.com/i/mcmworldwide/MMTGATA03BK001_03 | https://images.mcmworldwide.com/i/mcmworldwide/MMTGATA03BK001_04 | https://images.mcmworldwide.com/i/mcmworldwide/MMTGATA03BK001_05 | https://images.mcmworldwide.com/i/mcmworldwide/MMTGATA03BK001_06 | https://images.mcmworldwide.com/i/mcmworldwide/MMTGATA03BK001_10 | https://images.mcmworldwide.com/i/mcmworldwide/MMTGATA03BK001_11,https://kr.mcmworldwide.com/ko_KR/%ED%8A%B8%EB%9E%98%EB%B8%94/%EB%AA%A8%EB%91%90%EB%B3%B4%EA%B8%B0/aren-%EB%85%B8%EB%B0%94-%EB%82%98%EC%9D%BC%EB%A1%A0-%ED%86%A0%ED%8A%B8/MMTGATA03BK001.html?cgid=travel-all-travel
MMVGATT08CO001,MCM X We The Best Ottomar 비세토스 위켄더 백,,Ottomar,MCM과 We The Best는 회복력과 자기 신념의 메시지를 중심으로 한 컬렉션을 선보입니다.,"시대를 초월한 여행의 동반자이자, 자신감과 끝없는 야망을 향한 DJ Khaled의 열정적인 삶의 철학을 담은 “We The Best” 참을 더해 새롭게 재해석된 Ottomar(오토마) 위켄더 백입니다. 정교하게 제작된 비세토스 모노그램 캔버스 바디에 마이애미를 오마주한 블루 톤의 부드러운 나파 가죽 디테일이 어우러져 세련된 대비 이룹니다. 가죽으로 감싼 메탈 자물쇠와 열쇠 등 장인 정신이 깃든 섬세한 마감은 전 세계를 누비는 럭셔리 노마드의 제트셋(Jet-set) 라이프스타일을 완벽하게 완성합니다.",비세토스 모노그램 캔버스,코튼 트윌 안감,약 23 x 51 x 29 센티미터,대한민국,cognac,50.5cm / 19.9인치,품절,"탈착이 가능하며 길이 조절이 가능한 패브칙 웨빙 스트랩 | 가죽 탑 핸들 | 앞면의 로고 브라스 플레이트 | 탈착 가능한 “We The Best” 참과 가죽 커버 메탈 자물쇠 및 키 | 양방향 지퍼 클로저 | 내부 슬립 포켓과 지퍼 수납공간 | 캐리어 손잡이에 끼울 수 있는 밴드 | 가방 바닥 보호에 도움을 주는 메탈 피트 | 폴더블 디자인 | 바디:비세토스 모노그램 캔버스 | 트림: 나파 가죽 | 24K 앤티크 골드 도금 메탈 하드웨어 | 코튼 트윌 안감 | 약 23 x 51 x 29 센티미터 | 스트랩 길이: 75cm - 132cm, 핸들 드롭: 13.5cm | 제조국: 대한민국",https://images.mcmworldwide.com/i/mcmworldwide/MMVGATT08CO001_01 | https://images.mcmworldwide.com/i/mcmworldwide/MMVGATT08CO001_09 | https://images.mcmworldwide.com/i/mcmworldwide/MMVGATT08CO001_02 | https://images.mcmworldwide.com/i/mcmworldwide/MMVGATT08CO001_03 | https://images.mcmworldwide.com/i/mcmworldwide/MMVGATT08CO001_04 | https://images.mcmworldwide.com/i/mcmworldwide/MMVGATT08CO001_05 | https://images.mcmworldwide.com/i/mcmworldwide/MMVGATT08CO001_10 | https://images.mcmworldwide.com/i/mcmworldwide/MMVGATT08CO001_11 | https://images.mcmworldwide.com/i/mcmworldwide/MMVGATT08CO001_01 | https://images.mcmworldwide.com/i/mcmworldwide/MMVGATT08CO001_09 | https://images.mcmworldwide.com/i/mcmworldwide/MMVGATT08CO001_02 | https://images.mcmworldwide.com/i/mcmworldwide/MMVGATT08CO001_03 | https://images.mcmworldwide.com/i/mcmworldwide/MMVGATT08CO001_04 | https://images.mcmworldwide.com/i/mcmworldwide/MMVGATT08CO001_05 | https://images.mcmworldwide.com/i/mcmworldwide/MMVGATT08CO001_10 | https://images.mcmworldwide.com/i/mcmworldwide/MMVGATT08CO001_11,https://kr.mcmworldwide.com/ko_KR/%ED%8A%B8%EB%9E%98%EB%B8%94/%EB%AA%A8%EB%91%90%EB%B3%B4%EA%B8%B0/mcm-x-we-the-best-ottomar-%EB%B9%84%EC%84%B8%ED%86%A0%EC%8A%A4-%EC%9C%84%EC%BC%84%EB%8D%94-%EB%B0%B1/MMVGATT08CO001.html?cgid=travel-all-travel
